"Date","AJANTPHARM.NS.Open","AJANTPHARM.NS.High","AJANTPHARM.NS.Low","AJANTPHARM.NS.Close","AJANTPHARM.NS.Volume","AJANTPHARM.NS.Adjusted"
2015-01-01,2327.14996,2376.00006,2327.14996,2358.09998,69000,927.62993
2015-01-02,2345,2371.99997,2291.99997,2308.84995,106200,908.25594
2015-01-05,2323.00003,2368.00003,2311.99997,2339.04999,75700,920.13604
2015-01-06,2336.99997,2370,2290,2324.45007,120400,914.39272
2015-01-07,2313.99994,2345,2300.09995,2311.75003,54500,909.39677
2015-01-08,2365.95001,2365.95001,2262.5,2318.95004,50000,912.22912
2015-01-09,2320.09995,2345,2310,2319.49997,56300,912.44545
2015-01-12,2346.99997,2435,2295,2396.30005,102400,942.65708
2015-01-13,2435,2515,2428.04993,2472.59995,141800,972.67195
2015-01-14,2520.50003,2625,2506.45004,2592.25006,183200,1019.73994
2015-01-15,2650,2674.70001,2528.00003,2543.45001,94700,1000.54297
2015-01-16,2570,2570,2460.09995,2471.69998,69900,972.31792
2015-01-19,2476.00006,2530,2476.00006,2518.04993,50800,990.55108
2015-01-20,2530,2530,2465,2475.80002,45900,973.9308
2015-01-21,2493.00003,2518.99994,2450,2468.15002,60400,970.92144
2015-01-22,2489.90005,2489.90005,2440,2454.40002,46200,965.51246
2015-01-23,2456.99997,2465,2350,2399.85001,95600,944.05356
2015-01-26,2399.85001,2399.85001,2399.85001,2399.85001,0,944.05356
2015-01-27,2399.94995,2466.00006,2380,2393.89999,94100,941.71295
2015-01-28,2414.79996,2748.99994,2404.04999,2684.70001,1449600,1056.10793
2015-01-29,2707.99988,2720,2550.09995,2570.59998,257800,1011.22323
2015-01-30,2588.75,2596.30005,2540,2554.75006,95500,1004.98818
2015-02-02,2566.00006,2598.80005,2496.99997,2539.55002,176600,999.00879
2015-02-03,2548.00003,2583.90015,2478.09998,2491.95007,152200,980.28391
2015-02-04,2513.99994,2536.79993,2450,2461.25,63700,968.20711
2015-02-05,2489.94995,2498.00003,2420,2436.30005,51500,958.39229
2015-02-06,2436.00006,2564.94995,2436.00006,2498.24997,220300,982.76216
2015-02-09,2475,2523.99994,2455,2503.69995,77000,984.90608
2015-02-10,2515,2530.80002,2468.50006,2508.15002,89300,986.65665
2015-02-11,2505,2548.99994,2490,2504.14993,92400,985.08309
2015-02-12,2528.69995,2528.69995,2495,2516.79993,88800,990.05935
2015-02-13,2525,2718.99994,2495,2697.04987,331700,1060.96611
2015-02-16,2714.80011,2818.99994,2637.69989,2782.74994,289400,1094.67883
2015-02-17,2782.74994,2782.74994,2782.74994,2782.74994,0,1094.67883
2015-02-18,2785,2850,2779.94995,2810.59998,109200,1105.63448
2015-02-19,2815,2835,2685,2733.59985,166700,1075.34416
2015-02-20,2748.99994,2748.99994,2676.00006,2707.69989,131200,1065.15562
2015-02-23,2707.00012,2797.14996,2690,2710.70007,162100,1066.33584
2015-02-24,2735.24994,2787.99988,2716.49994,2762.25006,101800,1086.61458
2015-02-25,2768.09998,2785,2746.00006,2762.99988,309000,1086.90955
2015-02-26,2756.1499,2775,2667.99988,2748.6499,112200,1081.26455
2015-02-27,2748.99994,2764.94995,2711.00006,2726.1499,66400,1072.41349
2015-03-02,2801.00006,2998.99994,2800,2933.55011,186700,1154.00064
2015-03-03,2951.00006,3095,2911.05011,3060.15015,203000,1203.80259
2015-03-04,3095,3095,2971.00006,3016.25,191500,1186.53314
2015-03-05,3000,3025,2932.09991,2996.19995,115100,1178.64585
2015-03-06,2996.19995,2996.19995,2996.19995,2996.19995,0,1178.64585
2015-03-09,2996.19995,3045,2940,2975.79987,70300,1170.62086
2015-03-10,2980,3002.99988,2955,2984.84985,113600,1174.18094
2015-03-11,2991.95007,3070,2980.05005,3022.25006,115800,1188.89344
2015-03-12,3049.8999,3460,3047.00012,3286.00006,1120000,1292.64748
2015-03-13,3315,3370,3050,3113.09998,446400,1224.63201
2015-03-16,1253.59998,1256,1206.23999,1218,155500,479.13713
2015-03-17,1228,1274.80005,1226.80005,1236.47998,230300,486.40679
2015-03-18,1244.80005,1264,1216,1220.90002,165500,480.27794
2015-03-19,1229.59998,1240.80005,1212,1226.90002,154200,482.63822
2015-03-20,1259,1259,1115,1130.80005,239500,1112.08598
2015-03-23,1140.69995,1178.90002,1088,1164.09998,161500,1144.83481
2015-03-24,1164,1185.90002,1140.5,1145.59998,101200,1126.64097
2015-03-25,1153,1188,1152.94995,1176.59998,132300,1157.12794
2015-03-26,1188,1238.5,1180,1198.5,290200,1178.66553
2015-03-27,1208,1233.15002,1185,1204.84998,118400,1184.91042
2015-03-30,1225,1240,1210,1218.69995,73400,1198.53119
2015-03-31,1230.69995,1245,1220,1229,72300,1208.66078
2015-04-01,1235,1252,1207.05005,1223.30005,126400,1203.05516
2015-04-02,1223.30005,1223.30005,1223.30005,1223.30005,0,1203.05516
2015-04-03,1223.30005,1223.30005,1223.30005,1223.30005,0,1203.05516
2015-04-06,1234,1307,1230,1290.84998,202800,1269.48717
2015-04-07,1299,1329,1290,1315.44995,162900,1293.68003
2015-04-08,1328.30005,1474.5,1320,1425.90002,448800,1402.30222
2015-04-09,1430,1435,1370,1413.30005,193200,1389.91077
2015-04-10,1408,1413.09998,1366.09998,1375,108300,1352.24456
2015-04-13,1375,1387.40002,1329.05005,1338.15002,95700,1316.00443
2015-04-14,1338.15002,1338.15002,1338.15002,1338.15002,0,1316.00443
2015-04-15,1352,1417.65002,1348,1377.05005,207700,1354.26069
2015-04-16,1385.94995,1425,1360.40002,1416.59998,211800,1393.15608
2015-04-17,1422.40002,1470,1385.69995,1431.65002,294500,1407.95706
2015-04-20,1431,1443.25,1396,1423.25,90200,1399.69605
2015-04-21,1428,1438,1380,1392.25,70100,1369.20909
2015-04-22,1390,1409.80005,1350.15002,1374.15002,70400,1351.40865
2015-04-23,1389.80005,1425,1380,1403.09998,78100,1379.8795
2015-04-24,1403.09998,1414,1316.65002,1331.30005,74700,1309.26782
2015-04-27,1347,1347,1244,1296.69995,96900,1275.24033
2015-04-28,1297,1305,1220,1237.15002,209300,1216.67592
2015-04-29,1238.90002,1289.09998,1210,1278.90002,130200,1257.73499
2015-04-30,1278,1310,1251.30005,1263,61600,1242.0981
2015-05-01,1263,1263,1263,1263,0,1242.0981
2015-05-04,1277.94995,1374.19995,1267.05005,1326.69995,155000,1304.74385
2015-05-05,1338,1369.5,1335,1340.65002,157500,1318.46306
2015-05-06,1352.94995,1449.84998,1350.25,1420.5,607900,1396.99157
2015-05-07,1428.5,1432.40002,1333,1343.75,208300,1321.51173
2015-05-08,1362,1389.80005,1228.09998,1263.90002,562800,1242.98323
2015-05-11,1288,1331.90002,1272,1277.30005,178800,1256.16149
2015-05-12,1285,1287.90002,1232,1247.40002,111200,1226.75629
2015-05-13,1254.90002,1278,1253,1274.19995,99100,1253.1127
2015-05-14,1260.19995,1293,1245,1285.09998,85200,1263.83233
2015-05-15,1289,1318.80005,1279,1297,95300,1275.53542
2015-05-18,1301.09998,1325,1297,1313.80005,94500,1292.05744
2015-05-19,1315,1355,1315,1335.90002,139100,1313.79167
2015-05-20,1340.09998,1376,1340.09998,1359.90002,71100,1337.39448
2015-05-21,1363,1379,1321.09998,1372.15002,73000,1349.44175
2015-05-22,1375.19995,1420.05005,1360.5,1411.19995,98500,1387.84543
2015-05-25,1419,1440,1408.84998,1415.65002,85500,1392.22185
2015-05-26,1419.94995,1471,1386.09998,1448.05005,221100,1424.08568
2015-05-27,1437,1493.65002,1436,1454.40002,151200,1430.33056
2015-05-28,1460,1482,1440,1451.30005,100700,1427.28189
2015-05-29,1459,1596.40002,1455,1579.65002,667300,1553.50775
2015-06-01,1580,1672,1542.19995,1621.09998,514600,1594.27173
2015-06-02,1615,1645.75,1542.75,1558.19995,354400,1532.41266
2015-06-03,1570,1583,1481.09998,1546.69995,185400,1521.10298
2015-06-04,1554.90002,1598,1521.05005,1558.09998,434000,1532.31434
2015-06-05,1554,1588,1550.69995,1563.15002,170000,1537.28082
2015-06-08,1570,1573,1462.34998,1486.90002,271500,1462.29271
2015-06-09,1487,1515,1466.09998,1484.75,133300,1460.17827
2015-06-10,1495.5,1535,1490,1508.90002,143900,1483.92862
2015-06-11,1516,1541.5,1471.09998,1478.15002,170800,1453.68752
2015-06-12,1475,1494.69995,1435,1455.69995,173000,1431.60898
2015-06-15,1455.05005,1478,1417,1425.25,217100,1401.66296
2015-06-16,1422,1422,1385.05005,1400.84998,272800,1377.66674
2015-06-17,1401.59998,1453.65002,1377.75,1445.19995,315400,1421.28275
2015-06-18,1460,1519.80005,1460,1505.34998,332400,1480.43732
2015-06-19,1514.5,1530,1490,1503.5,258800,1478.61796
2015-06-22,1514.90002,1534.90002,1506.25,1523,167200,1497.79525
2015-06-23,1534.80005,1552.44995,1521,1542.5,221100,1516.97254
2015-06-24,1544,1584.90002,1543.19995,1556.05005,246100,1530.29834
2015-06-25,1554.80005,1554.80005,1510,1519.94995,150700,1500.58178
2015-06-26,1518.09998,1572.30005,1500,1563.80005,229800,1543.87311
2015-06-29,1537,1539,1491,1524.55005,178700,1505.12326
2015-06-30,1525,1573.69995,1525,1569,226800,1549.0068
2015-07-01,1569.5,1612.90002,1569.5,1584,254500,1563.81566
2015-07-02,1589.94995,1616,1577,1589.75,212500,1569.49239
2015-07-03,1592,1614.09998,1578,1587.25,179000,1567.02425
2015-07-06,1569,1618,1561.19995,1612.65002,219100,1592.10061
2015-07-07,1621.19995,1634.90002,1603.5,1612.30005,226200,1591.75509
2015-07-08,1601,1615,1585.80005,1593.5,147700,1573.19461
2015-07-09,1600,1623,1593,1601.90002,175800,1581.48759
2015-07-10,1605.5,1614.69995,1586.94995,1599.30005,136000,1578.92075
2015-07-13,1609.90002,1620,1598,1603.55005,235200,1583.11659
2015-07-14,1609.09998,1614.90002,1593.90002,1600.90002,92100,1580.50033
2015-07-15,1602.65002,1621.80005,1597,1602.15002,128500,1581.73441
2015-07-16,1609.80005,1619.09998,1601.55005,1612.69995,112900,1592.1499
2015-07-17,1612.90002,1689,1612.90002,1673,447700,1651.68157
2015-07-20,1689.5,1689.69995,1662.30005,1668.69995,188100,1647.43631
2015-07-21,1670,1670.40002,1621,1635.30005,122300,1614.46201
2015-07-22,1635.30005,1655,1605.69995,1646.84998,88600,1625.86476
2015-07-23,1647.05005,1659.69995,1602.09998,1611.09998,109100,1590.57031
2015-07-24,1607,1610.69995,1551,1559.09998,124400,1539.23293
2015-07-27,1563,1594.90002,1542.69995,1571.15002,180200,1551.12943
2015-07-28,1584.5,1593,1562.19995,1569,98000,1549.0068
2015-07-29,1573.90002,1601.15002,1565,1591.75,134700,1571.46691
2015-07-30,1601,1611.90002,1530.19995,1549.09998,177500,1529.36035
2015-07-31,1555,1579,1532.69995,1563.90002,158300,1543.97181
2015-08-03,1565.09998,1594.40002,1543.44995,1551.5,153100,1531.7298
2015-08-04,1559.40002,1649.40002,1547.65002,1629,441600,1608.24224
2015-08-05,1649.84998,1684,1643.19995,1661.55005,252700,1640.37752
2015-08-06,1660.5,1679.80005,1650,1662.80005,107300,1641.61159
2015-08-07,1667.69995,1675,1635.15002,1659.59998,104900,1638.45229
2015-08-10,1660,1670,1639,1645.55005,135300,1624.5814
2015-08-11,1654.80005,1716.65002,1647,1710.5,307800,1688.70372
2015-08-12,1715,1720,1571,1667.65002,241500,1646.39976
2015-08-13,1680.15002,1711.34998,1650,1684.15002,324500,1662.68951
2015-08-14,1698.5,1699.90002,1646.5,1654.34998,232600,1633.26919
2015-08-17,1668.90002,1670,1639.55005,1660.55005,208700,1639.39026
2015-08-18,1666,1684.75,1643,1647.90002,93100,1626.90143
2015-08-19,1655,1693.5,1621.09998,1674,176700,1652.66882
2015-08-20,1676.94995,1696,1626,1637.09998,201100,1616.239
2015-08-21,1635,1643.90002,1580.15002,1636.90002,182900,1616.0416
2015-08-24,1585,1604.90002,1391.40002,1448.5,322500,1430.04229
2015-08-25,1431.25,1496.05005,1278.69995,1435.30005,368000,1417.01054
2015-08-26,1430,1480,1376.84998,1441.40002,181900,1423.03278
2015-08-27,1484,1500,1410,1432.30005,287400,1414.04877
2015-08-28,1459,1471.65002,1410.09998,1429.09998,197100,1410.88947
2015-08-31,1446.75,1514,1435,1499.80005,350200,1480.68864
2015-09-01,1493.94995,1545,1452.15002,1523.40002,318900,1503.98789
2015-09-02,1540,1551,1504.30005,1515.5,130400,1496.18853
2015-09-03,1521,1534,1490,1501.44995,111000,1482.31752
2015-09-04,1505,1505,1427.40002,1436.55005,244500,1418.24461
2015-09-07,1424,1430.05005,1350,1374.09998,270900,1356.59032
2015-09-08,1371.05005,1397.5,1315.90002,1377.34998,246500,1359.7989
2015-09-09,1395,1430,1390.15002,1401.34998,157100,1383.49308
2015-09-10,1390,1437.30005,1348.55005,1413.05005,174900,1395.04406
2015-09-11,1415.19995,1448.19995,1397.09998,1409.94995,193200,1391.98347
2015-09-14,1419.69995,1436.40002,1395,1420.90002,94900,1402.79401
2015-09-15,1420,1484,1415.69995,1478,273400,1459.16638
2015-09-16,1488.09998,1495,1431,1437.90002,175500,1419.57738
2015-09-17,1437.90002,1437.90002,1437.90002,1437.90002,0,1419.57738
2015-09-18,1460.65002,1464,1408.5,1450.25,169600,1431.76999
2015-09-21,1436,1462.80005,1415,1447.40002,101700,1428.95633
2015-09-22,1472,1476,1416.94995,1424.59998,165000,1406.44681
2015-09-23,1415.59998,1444,1390.05005,1432.55005,104100,1414.29558
2015-09-24,1440,1464,1415,1426.09998,144900,1407.9277
2015-09-25,1426.09998,1426.09998,1426.09998,1426.09998,0,1407.9277
2015-09-28,1440.09998,1457,1425,1443.84998,99800,1425.45152
2015-09-29,1430,1455,1411.09998,1437.55005,90000,1419.23187
2015-09-30,1455,1489.75,1444.19995,1479.75,181700,1460.89408
2015-10-01,1497.84998,1528.90002,1490,1510.90002,215800,1491.64717
2015-10-02,1510.90002,1510.90002,1510.90002,1510.90002,0,1491.64717
2015-10-05,1529.94995,1533.69995,1476.25,1499.84998,129900,1480.73793
2015-10-06,1510,1537.19995,1505.30005,1523.09998,138000,1503.69166
2015-10-07,1518,1531.75,1500,1510.90002,97800,1491.64717
2015-10-08,1510.5,1519.80005,1480,1498.75,70600,1479.65197
2015-10-09,1510,1518.34998,1481,1491.84998,63700,1472.83987
2015-10-12,1494,1512.94995,1467.55005,1475.55005,73600,1456.74765
2015-10-13,1474,1490,1460.5,1482.80005,63700,1463.90526
2015-10-14,1488,1508,1475,1497.5,67800,1478.4179
2015-10-15,1525,1535,1502.05005,1505.80005,115200,1486.61218
2015-10-16,1511.90002,1517.84998,1487.5,1503.5,77300,1484.34144
2015-10-19,1507,1575,1492.90002,1570.69995,268200,1550.68509
2015-10-20,1579,1612,1578,1593.19995,282800,1572.89838
2015-10-21,1595.75,1599.69995,1561,1570.34998,90500,1550.33957
2015-10-22,1570.34998,1570.34998,1570.34998,1570.34998,0,1550.33957
2015-10-23,1586.69995,1586.69995,1556.5,1561,66600,1541.10874
2015-10-26,1550,1569.90002,1539.59998,1564.19995,86400,1544.26792
2015-10-27,1564,1600,1550,1588.25,113100,1568.0115
2015-10-28,1590,1607.90002,1547.94995,1559.25,155800,1539.38104
2015-10-29,1569.90002,1595,1559.84998,1587.59998,154000,1567.36976
2015-10-30,1598.75,1630,1526,1549.40002,645200,1529.65658
2015-11-02,1550,1554,1502.69995,1528.05005,158500,1508.57866
2015-11-03,1533,1549,1519.94995,1538.65002,67200,1519.04356
2015-11-04,1546,1555.34998,1510.80005,1522.15002,76100,1502.75382
2015-11-05,1523.69995,1523.69995,1493.09998,1502.59998,70900,1483.45289
2015-11-06,1502.59998,1511.5,1448.09998,1462.94995,98600,1444.30811
2015-11-09,1440,1460,1405.80005,1439.34998,138500,1421.00886
2015-11-10,1434,1451.69995,1412.80005,1420.05005,73800,1401.95486
2015-11-11,1420.05005,1420.05005,1420.05005,1420.05005,0,1401.95486
2015-11-12,1420.05005,1420.05005,1420.05005,1420.05005,0,1401.95486
2015-11-13,1429,1429,1376.40002,1387.90002,234200,1370.21452
2015-11-16,1373.5,1384.05005,1320.30005,1335.80005,338300,1318.77843
2015-11-17,1364.69995,1370,1340.15002,1350.15002,287400,1332.94555
2015-11-18,1353,1373.65002,1326.19995,1346.19995,146800,1329.04581
2015-11-19,1347.30005,1358.69995,1334.25,1347,100600,1329.83567
2015-11-20,1345.09998,1362.40002,1333.5,1340.80005,109400,1323.71472
2015-11-23,1340.80005,1351,1312.59998,1322.30005,130900,1305.45046
2015-11-24,1336,1353,1321.40002,1343.69995,126400,1326.57767
2015-11-25,1343.69995,1343.69995,1343.69995,1343.69995,0,1326.57767
2015-11-26,1345,1357.34998,1317.05005,1326.90002,155200,1309.99182
2015-11-27,1326.90002,1343,1322,1327,101800,1310.09052
2015-11-30,1331,1354.59998,1323,1326.05005,144200,1309.15267
2015-12-01,1335,1350,1330,1347.25,75100,1330.08248
2015-12-02,1353,1388.19995,1353,1374.69995,250100,1357.18265
2015-12-03,1400,1406.94995,1353,1358.94995,298200,1341.63334
2015-12-04,1360,1365,1327.80005,1335.05005,118500,1318.03799
2015-12-07,1336.30005,1354.40002,1331.59998,1336.90002,85000,1319.86439
2015-12-08,1344,1349.15002,1312.19995,1332.80005,112900,1315.81666
2015-12-09,1333.69995,1339.19995,1251,1260.90002,203400,1244.83283
2015-12-10,1260.90002,1304,1211.34998,1284,261800,1267.63845
2015-12-11,1288,1315.15002,1239.09998,1261.15002,174700,1245.07965
2015-12-14,1263,1268,1226.09998,1254.15002,190900,1238.16884
2015-12-15,1263,1294.80005,1245.59998,1288.69995,161700,1272.27851
2015-12-16,1295,1307.80005,1270,1278.5,158700,1262.20854
2015-12-17,1286,1304,1282.5,1299.19995,161400,1282.64472
2015-12-18,1292,1300.15002,1268.80005,1275.65002,188200,1259.39488
2015-12-21,1266.05005,1295,1265,1285,158700,1268.62571
2015-12-22,1284,1302.69995,1277.55005,1285.34998,110300,1268.97123
2015-12-23,1292,1306,1283.09998,1291.80005,87200,1275.33911
2015-12-24,1299.90002,1334,1293.59998,1324.75,211100,1307.86919
2015-12-25,1324.75,1324.75,1324.75,1324.75,0,1307.86919
2015-12-28,1335.5,1352.55005,1335,1346.90002,164300,1329.73696
2015-12-29,1352,1354.90002,1321.59998,1344.59998,121100,1327.46622
2015-12-30,1341,1362.5,1336,1345.05005,116800,1327.91056
2015-12-31,1345.05005,1350,1323,1331.75,146600,1314.77999
2016-01-01,1331.90002,1351,1328.25,1331.94995,108400,1314.97739
2016-01-04,1338.80005,1338.80005,1312,1327.5,122900,1310.58415
2016-01-05,1331.5,1336.65002,1285.55005,1309.84998,187600,1293.15903
2016-01-06,1329.59998,1334.94995,1296,1306.59998,276200,1289.95044
2016-01-07,1303.75,1303.75,1263.55005,1272.69995,165900,1256.4824
2016-01-08,1273.09998,1293.25,1230.09998,1251.25,188000,1235.30577
2016-01-11,1244,1274.80005,1223.25,1267.40002,177800,1251.25
2016-01-12,1279,1280,1236.5,1262.80005,118300,1246.70864
2016-01-13,1264.09998,1280,1200,1232.25,188700,1216.54788
2016-01-14,1210,1239,1193.5,1223.75,167300,1208.1562
2016-01-15,1227.09998,1237.34998,1158.55005,1169.84998,253700,1154.943
2016-01-18,1151,1203.34998,1101.05005,1162.55005,236900,1147.73609
2016-01-19,1167,1181.19995,1128.25,1170.94995,172800,1156.02896
2016-01-20,1150,1177,1141.05005,1159.75,225200,1144.97172
2016-01-21,1155,1187.94995,1143.34998,1160.40002,123100,1145.61347
2016-01-22,1165.09998,1202.94995,1165.05005,1195.84998,152900,1180.61169
2016-01-25,1211.90002,1224.44995,1208.69995,1217.80005,118400,1202.28206
2016-01-26,1217.80005,1217.80005,1217.80005,1217.80005,0,1202.28206
2016-01-27,1227,1244.55005,1210.59998,1219.84998,129400,1204.30587
2016-01-28,1223,1248,1215.15002,1240,133500,1224.19913
2016-01-29,1244.80005,1280,1244.75,1273.94995,159400,1257.71647
2016-02-01,1285.5,1318.59998,1265.09998,1300.5,342600,1283.9282
2016-02-02,1301.94995,1320,1281.09998,1300.69995,242600,1284.1256
2016-02-03,1294.75,1299.80005,1279.25,1291.19995,107700,1274.74666
2016-02-04,1300,1315,1275,1292,281500,1275.53651
2016-02-05,1296.5,1324,1275,1306.59998,89200,1289.95044
2016-02-08,1310.05005,1337,1290.69995,1300.05005,148900,1283.48398
2016-02-09,1281,1317.80005,1271.40002,1297.94995,99200,1281.41064
2016-02-10,1294.80005,1324.84998,1272.59998,1302.90002,187200,1286.29764
2016-02-11,1301.80005,1317.90002,1266.30005,1302.69995,192500,1286.10012
2016-02-12,1315,1319.94995,1266,1311.65002,240900,1294.93614
2016-02-15,1325,1348,1276.75,1281.34998,223000,1265.0222
2016-02-16,1275.09998,1285.05005,1218.09998,1234.05005,354400,1218.325
2016-02-17,1222.05005,1240.94995,1203.80005,1237.05005,279700,1221.28677
2016-02-18,1252.05005,1288.05005,1240.15002,1278.65002,181600,1262.35665
2016-02-19,1270.34998,1300,1267.59998,1293.59998,99800,1277.1161
2016-02-22,1285.55005,1300,1277,1295.30005,80400,1278.79451
2016-02-23,1300,1308,1278.19995,1293.69995,108200,1277.2148
2016-02-24,1296,1354.40002,1290.15002,1337.55005,302000,1320.50613
2016-02-25,1347.90002,1379.94995,1290.09998,1300.15002,447000,1283.58268
2016-02-26,1305.90002,1320,1271.15002,1287.09998,135900,1270.69893
2016-02-29,1287,1312,1274.94995,1302.05005,89100,1285.4585
2016-03-01,1290,1329.90002,1290,1323.65002,86600,1306.78323
2016-03-02,1330,1372.94995,1325,1353.30005,193400,1336.05544
2016-03-03,1355,1376,1348,1360.25,85700,1342.91683
2016-03-04,1361.90002,1416,1361.84998,1396.69995,243600,1378.90231
2016-03-07,1396.69995,1396.69995,1396.69995,1396.69995,0,1378.90231
2016-03-08,1417,1450,1402,1421.5,190700,1403.38634
2016-03-09,1421,1432.30005,1396.5,1425.80005,93800,1407.63159
2016-03-10,1425,1450,1417.5,1442.09998,141800,1423.72382
2016-03-11,1442.5,1460,1425,1432.09998,106900,1413.85124
2016-03-14,1445,1449.75,1410.80005,1415.80005,103300,1397.75902
2016-03-15,1410.80005,1431.5,1390.15002,1406.15002,96900,1388.23196
2016-03-16,1405,1406,1368.5,1384.90002,87000,1367.25274
2016-03-17,1402.80005,1402.80005,1349.44995,1358.80005,197600,1349.27958
2016-03-18,1357,1365.94995,1315.90002,1341.90002,165100,1332.49797
2016-03-21,1335,1359,1323,1351.09998,115000,1341.63346
2016-03-22,1352.09998,1391.05005,1343.84998,1385.19995,131300,1375.49451
2016-03-23,1398.94995,1419.09998,1395.19995,1404.05005,125500,1394.21254
2016-03-24,1404.05005,1404.05005,1404.05005,1404.05005,0,1394.21254
2016-03-25,1404.05005,1404.05005,1404.05005,1404.05005,0,1394.21254
2016-03-28,1415,1420,1385.09998,1397.25,151900,1387.46013
2016-03-29,1400.5,1407.55005,1310,1336.30005,179400,1326.93723
2016-03-30,1350.09998,1379.90002,1332,1370.84998,111200,1361.24508
2016-03-31,1367.19995,1445,1366.19995,1409.15002,162700,1399.27678
2016-04-01,1412,1417.44995,1384,1393.05005,99500,1383.28961
2016-04-04,1394.09998,1400,1360.19995,1368,104400,1358.41507
2016-04-05,1374.69995,1426.75,1349.25,1413.90002,195900,1403.9935
2016-04-06,1429.90002,1430.59998,1389.25,1399.90002,167300,1390.09159
2016-04-07,1392,1425,1392,1403.65002,116100,1393.81531
2016-04-08,1410,1470,1409,1463.5,295400,1453.24595
2016-04-11,1474,1495,1455.30005,1472.80005,231400,1462.48084
2016-04-12,1481.69995,1498.94995,1469.75,1476.65002,125400,1466.30384
2016-04-13,1494,1499,1474.19995,1481.5,121400,1471.11983
2016-04-14,1481.5,1481.5,1481.5,1481.5,0,1471.11983
2016-04-15,1481.5,1481.5,1481.5,1481.5,0,1471.11983
2016-04-18,1475.05005,1514,1465.90002,1506.59998,133900,1496.04394
2016-04-19,1506.59998,1506.59998,1506.59998,1506.59998,0,1496.04394
2016-04-20,1506.59998,1519.94995,1488.40002,1498.34998,133400,1487.85175
2016-04-21,1500,1508.94995,1460,1477.44995,75500,1467.09816
2016-04-22,1477,1505,1453.80005,1498.30005,110800,1487.80217
2016-04-25,1491.65002,1499.25,1480,1485,72300,1474.59531
2016-04-26,1471,1549,1470.94995,1543.09998,255200,1532.28821
2016-04-27,1549.69995,1549.69995,1517.59998,1532.40002,93200,1521.66322
2016-04-28,1526,1564,1518.15002,1539.09998,183700,1528.31623
2016-04-29,1547,1562,1472.84998,1514.5,459500,1503.88862
2016-05-02,1505.5,1511.75,1458,1505.09998,128600,1494.55445
2016-05-03,1504,1520,1482,1490.59998,119900,1480.15605
2016-05-04,1488,1505.94995,1470,1476.59998,66700,1466.25414
2016-05-05,1480,1527.69995,1480,1517.94995,113700,1507.3144
2016-05-06,1522,1549.80005,1513,1542.69995,149300,1531.89098
2016-05-09,1559.80005,1559.80005,1532.5,1544.34998,69700,1533.52945
2016-05-10,1544,1567.59998,1535,1545.90002,107600,1535.06864
2016-05-11,1536,1558,1530,1548.19995,56900,1537.35245
2016-05-12,1548,1549.90002,1529,1532.09998,41100,1521.36528
2016-05-13,1533.69995,1542.84998,1519.30005,1536.15002,72300,1525.38695
2016-05-16,1538.69995,1599.30005,1520,1592.55005,160300,1581.39181
2016-05-17,1610,1614.34998,1581,1585.19995,131500,1574.09321
2016-05-18,1577,1589.59998,1562.05005,1576.80005,46300,1565.75216
2016-05-19,1575,1586.59998,1561,1578,58700,1566.9437
2016-05-20,1570,1580.75,1550.59998,1569.34998,114900,1558.35428
2016-05-23,1581.84998,1581.84998,1474.09998,1487.30005,204700,1476.87924
2016-05-24,1479,1500,1445.09998,1463.94995,213400,1453.69275
2016-05-25,1487.69995,1487.69995,1447.30005,1475.75,174900,1465.41012
2016-05-26,1479.40002,1512.90002,1465.15002,1501.5,185700,1490.9797
2016-05-27,1511.5,1547,1511.5,1530.19995,84900,1519.47857
2016-05-30,1524.05005,1555,1524.05005,1538.90002,70300,1528.11768
2016-05-31,1528,1547.19995,1515.5,1518.75,61000,1508.10884
2016-06-01,1529.94995,1552.80005,1506.55005,1529.84998,59200,1519.13104
2016-06-02,1543,1571.80005,1535.55005,1559.59998,113300,1548.6726
2016-06-03,1555.05005,1570,1543,1549.40002,66500,1538.54411
2016-06-06,1545,1565.44995,1530.19995,1551.09998,77000,1540.23215
2016-06-07,1550,1591,1540.84998,1583.30005,133700,1572.20662
2016-06-08,1581,1587.69995,1562,1565.59998,84000,1554.63056
2016-06-09,1565,1570.5,1548.15002,1553.19995,37500,1542.31742
2016-06-10,1553,1575,1541.80005,1564.30005,122600,1553.33974
2016-06-13,1551,1569.69995,1546.25,1565.44995,63000,1554.48159
2016-06-14,1565,1594.55005,1551.05005,1556.30005,209300,1545.39579
2016-06-15,1560,1563.55005,1523.90002,1531.5,113200,1520.76951
2016-06-16,1529.19995,1531.75,1488,1500.80005,146600,1490.28465
2016-06-17,1509.80005,1517.19995,1485,1502.44995,83300,1491.923
2016-06-20,1502,1526.90002,1492.09998,1517.94995,82100,1507.3144
2016-06-21,1517.05005,1522,1463,1466.15002,205200,1455.87741
2016-06-22,1464,1465.40002,1436.15002,1445.90002,168400,1435.76929
2016-06-23,1445.90002,1451.19995,1437.15002,1445.55005,78800,1435.42176
2016-06-24,1401.09998,1496.59998,1399.30005,1478.15002,180800,1467.79333
2016-06-27,1480.09998,1487.84998,1467.55005,1478.94995,56200,1468.58765
2016-06-28,1478.94995,1520,1478.94995,1515.69995,139500,1505.08016
2016-06-29,1515.69995,1522.15002,1491.44995,1513.05005,95700,1502.44882
2016-06-30,1507,1529.75,1499,1502.15002,80500,1491.62517
2016-07-01,1500,1535,1492,1525.19995,98100,1514.5136
2016-07-04,1525,1566.90002,1520,1558.90002,136700,1547.97755
2016-07-05,1560,1609.5,1559.05005,1586.19995,220900,1575.0862
2016-07-06,1586.19995,1586.19995,1586.19995,1586.19995,0,1575.0862
2016-07-07,1590,1604,1579.09998,1588.94995,92600,1577.81693
2016-07-08,1589,1635,1587.25,1630.44995,194000,1619.02616
2016-07-11,1644.69995,1659.94995,1638,1643.15002,127600,1631.63725
2016-07-12,1656,1656,1605,1607.69995,123400,1596.43556
2016-07-13,1613,1625.5,1594.19995,1614.44995,191800,1603.13827
2016-07-14,1612.5,1618.59998,1599.30005,1603.75,96000,1592.51328
2016-07-15,1611.80005,1618,1590.44995,1596.59998,90600,1585.41336
2016-07-18,1605,1646.80005,1565.65002,1580.05005,405900,1568.97939
2016-07-19,1590,1616.94995,1572.5,1612.30005,158900,1601.00343
2016-07-20,1616.09998,1635,1616.09998,1631.75,83700,1620.3171
2016-07-21,1639.90002,1641.5,1617,1621.94995,63400,1610.58572
2016-07-22,1621.69995,1632.55005,1602,1608.59998,116100,1597.32928
2016-07-25,1615,1663.94995,1614.69995,1655.40002,208500,1643.80142
2016-07-26,1646,1745.80005,1646,1701.59998,840600,1689.67767
2016-07-27,1716.44995,1725,1688.09998,1716.75,237300,1704.72155
2016-07-28,1700,1746.84998,1700,1723.75,197000,1711.6725
2016-07-29,1722.90002,1790,1718.69995,1781.65002,322200,1769.16685
2016-08-01,1780,1799.90002,1752.34998,1784.40002,132400,1771.89758
2016-08-02,1785.80005,1830,1785.80005,1825.09998,178800,1812.31237
2016-08-03,1825,1844,1802,1823.44995,193900,1810.6739
2016-08-04,1830,1839.80005,1804.15002,1810.34998,96300,1797.66571
2016-08-05,1806.5,1831.90002,1806.5,1827.65002,65700,1814.84455
2016-08-08,1835.15002,1885.15002,1823,1877.84998,155100,1864.69277
2016-08-09,1878,1885,1857.44995,1864,59100,1850.93984
2016-08-10,1858.90002,1869.80005,1821.59998,1841.65002,64000,1828.74646
2016-08-11,1841,1912.75,1817.40002,1902.90002,227200,1889.56731
2016-08-12,1908.94995,1917.59998,1888.44995,1904.55005,116200,1891.20577
2016-08-15,1904.55005,1904.55005,1904.55005,1904.55005,0,1891.20577
2016-08-16,1907.90002,1961,1905,1955.05005,170600,1941.35194
2016-08-17,1955,1970,1926,1933.34998,147400,1919.80391
2016-08-18,1944.69995,1979.75,1933.34998,1969.84998,147900,1956.04817
2016-08-19,1978.90002,1994.94995,1958.5,1970,122000,1956.19714
2016-08-22,1971.80005,2000,1962.09998,1978.44995,105900,1964.58789
2016-08-23,1979.80005,1991.94995,1970,1978.80005,66800,1964.93553
2016-08-24,1978.80005,2009.94995,1978,2000.15002,124600,1986.13592
2016-08-25,2001,2005.5,1945,1974.44995,126700,1960.61592
2016-08-26,1982,1986.94995,1955.25,1969.94995,54300,1956.14745
2016-08-29,1969,1980,1926.59998,1935.40002,105900,1921.83959
2016-08-30,1954.5,1981.80005,1922.30005,1932.19995,228300,1918.66194
2016-08-31,1932.19995,1936.65002,1891,1901.30005,229600,1887.97854
2016-09-01,1916.40002,1946.30005,1891.09998,1935.44995,173000,1921.88917
2016-09-02,1950,1950,1914.09998,1926.55005,94800,1913.05163
2016-09-05,1926.55005,1926.55005,1926.55005,1926.55005,0,1913.05163
2016-09-06,1939,1954.80005,1925.59998,1941.55005,89000,1927.94653
2016-09-07,1952,1997,1932.19995,1969,171400,1955.20415
2016-09-08,1960,1977.80005,1932.05005,1962.90002,144300,1949.14691
2016-09-09,1962.94995,2003,1940,1947.25,193000,1933.60654
2016-09-12,1825,1920.44995,1825,1909.75,95700,1896.36929
2016-09-13,1909.75,1909.75,1909.75,1909.75,0,1896.36929
2016-09-14,1929.5,1944.55005,1910.05005,1930.09998,131900,1916.57668
2016-09-15,1931.05005,1964.5,1931.05005,1947.05005,61900,1933.40799
2016-09-16,1957.90002,1964,1931.90002,1957.59998,103000,1943.884
2016-09-19,1955.09998,1989.90002,1955.09998,1977.05005,56100,1963.1978
2016-09-20,1988,2002,1928,1973.59998,126600,1959.7719
2016-09-21,1975,1984.55005,1958.05005,1965.55005,55200,1951.77837
2016-09-22,1983.84998,2048.94995,1962.19995,2041.69995,452100,2027.39473
2016-09-23,2052,2070.8999,2035.5,2043.84998,261400,2029.52969
2016-09-26,2051.55005,2059.05005,2020.15002,2044,163400,2029.67866
2016-09-27,2049,2091,2047.05005,2064.1499,216300,2049.68738
2016-09-28,2067.5,2086,2052,2074.8999,108200,2060.36206
2016-09-29,2075,2095.8999,1965.80005,2004.94995,170400,1990.90222
2016-09-30,2010,2038,2000.69995,2007.09998,72700,1993.03718
2016-10-03,2014,2103.5,2014,2093.05005,145400,2078.38504
2016-10-04,2112.80005,2125,2029.05005,2036.5,263000,2022.23121
2016-10-05,2034.69995,2044.94995,1966,2002.15002,192800,1988.12191
2016-10-06,2016.5,2021.75,1954.65002,1965.5,137500,1951.72867
2016-10-07,1950.19995,1985,1950,1965.34998,122100,1951.5797
2016-10-10,1980,1993.65002,1948.34998,1956.25,125500,1942.54348
2016-10-11,1956.25,1956.25,1956.25,1956.25,0,1942.54348
2016-10-12,1956.25,1956.25,1956.25,1956.25,0,1942.54348
2016-10-13,1948.5,1948.5,1908.94995,1931.65002,84100,1918.11587
2016-10-14,1940,1951.94995,1922,1941.94995,65400,1928.34363
2016-10-17,1945,1951.19995,1890.25,1899.59998,101000,1886.29038
2016-10-18,1900,1934.94995,1891.65002,1928,68300,1914.49142
2016-10-19,1931,1953,1919.09998,1944.94995,57000,1931.32261
2016-10-20,1964.80005,1984.40002,1944.5,1971.65002,195600,1957.83561
2016-10-21,1973.69995,1989.80005,1960.09998,1983.15002,127400,1969.25503
2016-10-24,1984.90002,1991.90002,1959.25,1967.25,89000,1953.46641
2016-10-25,1968,2004,1961.25,1996.5,101700,1982.51147
2016-10-26,2003,2014,1913.19995,1971.30005,354100,1957.48808
2016-10-27,1982.90002,1990,1936.25,1977,123700,1963.1481
2016-10-28,1989.40002,2049.94995,1971.05005,2041.59998,145500,2027.29545
2016-10-31,2041.59998,2041.59998,2041.59998,2041.59998,0,2027.29545
2016-11-01,2053.8999,2053.8999,1990.94995,1998.94995,102300,1984.94426
2016-11-02,1997.84998,1997.90002,1935.5,1957.84998,150100,1944.13225
2016-11-03,1963.94995,1975,1935,1946.90002,51000,1933.25902
2016-11-04,1942,1942,1852,1876.84998,135200,1863.69978
2016-11-07,1880,1955.55005,1829.05005,1916.40002,246000,1909.07572
2016-11-08,1929.94995,1933.90002,1871.05005,1891.09998,138100,1883.87236
2016-11-09,1810,1920,1712.09998,1895.94995,152800,1888.7038
2016-11-10,1940,1944,1909,1930.65002,73600,1923.27125
2016-11-11,1919,1920,1795.69995,1812.40002,116200,1805.4732
2016-11-14,1812.40002,1812.40002,1812.40002,1812.40002,0,1805.4732
2016-11-15,1805.09998,1839,1683.05005,1702.30005,157900,1695.79401
2016-11-16,1720,1795.44995,1700,1755.5,144600,1748.79064
2016-11-17,1762,1805.40002,1756.55005,1796.19995,98200,1789.33504
2016-11-18,1798.5,1825.09998,1789.90002,1801.59998,82500,1794.71442
2016-11-21,1823,1823,1740.09998,1757.40002,103700,1750.6834
2016-11-22,1768,1825,1749.15002,1810.55005,78000,1803.63029
2016-11-23,1812,1839.80005,1791.69995,1820.75,118600,1813.79126
2016-11-24,1823,1829.94995,1762.94995,1775.44995,84400,1768.66434
2016-11-25,1789,1829.25,1782.09998,1816.34998,138500,1809.40805
2016-11-28,1825,1850,1810.05005,1830.94995,64600,1823.95223
2016-11-29,1840,1865,1829.69995,1853.40002,69100,1846.3165
2016-11-30,1859,1907.90002,1845.05005,1897.5,97800,1890.24793
2016-12-01,1897.5,1897.5,1860.69995,1870.15002,207300,1863.00248
2016-12-02,1860,1898.84998,1837,1880.65002,79000,1873.46235
2016-12-05,1892,1902.94995,1868.05005,1883.34998,110300,1876.15198
2016-12-06,1894.55005,1900.84998,1870.09998,1875.94995,65800,1868.78024
2016-12-07,1887.94995,1895,1857.05005,1881.59998,52800,1874.40867
2016-12-08,1894.5,1927,1882,1905.90002,89800,1898.61585
2016-12-09,1915,1925,1870,1872.5,86700,1865.34347
2016-12-12,1883,1883,1826,1833.55005,79300,1826.54239
2016-12-13,1822.84998,1862,1805.09998,1825.30005,126500,1818.32392
2016-12-14,1827.25,1850,1822.09998,1839.59998,45800,1832.56919
2016-12-15,1828,1871.94995,1812.5,1825.34998,141500,1818.37365
2016-12-16,1825,1835.75,1772,1810.55005,125400,1803.63029
2016-12-19,1812.5,1812.5,1773.34998,1782.75,64500,1775.93649
2016-12-20,1793,1793,1735,1750.25,116200,1743.5607
2016-12-21,1755,1779,1746.59998,1754.44995,53400,1747.7446
2016-12-22,1750.5,1755.94995,1695.05005,1712.69995,115500,1706.15417
2016-12-23,1712,1804.75,1665.55005,1753.75,244500,1747.04733
2016-12-26,1750,1750,1677.34998,1688.44995,101300,1681.99685
2016-12-27,1680,1739.94995,1675,1735.59998,124700,1728.96667
2016-12-28,1748,1797.84998,1719.75,1778.80005,104400,1772.00164
2016-12-29,1785.59998,1794,1742.84998,1759.19995,139200,1752.47645
2016-12-30,1751,1802.90002,1749.09998,1782.80005,73500,1775.98635
2017-01-02,1783,1833.90002,1771.19995,1823.84998,99700,1816.87939
2017-01-03,1836,1840,1788,1797.34998,105300,1790.48067
2017-01-04,1798.25,1824,1760.75,1779.75,78800,1772.94796
2017-01-05,1781,1797.94995,1780.19995,1789.25,46000,1782.41165
2017-01-06,1792,1817,1781,1798.80005,70900,1791.9252
2017-01-09,1807.90002,1807.94995,1763.05005,1779.25,47500,1772.44987
2017-01-10,1810,1819.69995,1783,1803.44995,132400,1796.55733
2017-01-11,1804.19995,1819,1790,1803.40002,63200,1796.50759
2017-01-12,1787,1821.59998,1770,1794.65002,89800,1787.79103
2017-01-13,1794.65002,1806.09998,1783.5,1797.09998,51800,1790.23162
2017-01-16,1793,1803,1777.94995,1794.25,50200,1787.39254
2017-01-17,1788,1824.94995,1781.09998,1788.94995,197300,1782.11275
2017-01-18,1800.80005,1808,1772.84998,1778,78700,1771.20465
2017-01-19,1785,1789.80005,1761.65002,1771.55005,56400,1764.77934
2017-01-20,1774,1793.75,1762.19995,1781.55005,78000,1774.74113
2017-01-23,1780,1794,1772.05005,1786.69995,45300,1779.87135
2017-01-24,1788,1803.65002,1526.65002,1753,4404400,1746.30019
2017-01-25,1788.09998,1788.09998,1683,1707.94995,875700,1701.42232
2017-01-26,1707.94995,1707.94995,1707.94995,1707.94995,0,1701.42232
2017-01-27,1687,1741,1685.55005,1728.59998,409200,1721.99342
2017-01-30,1711,1731.69995,1710,1717.25,169600,1710.68683
2017-01-31,1717.25,1728.09998,1693.80005,1704.25,146200,1697.73651
2017-02-01,1698,1706.40002,1665,1696.55005,146100,1690.06599
2017-02-02,1696,1725,1690.19995,1701,161800,1694.49893
2017-02-03,1704.94995,1736.59998,1703,1723.69995,83400,1717.11213
2017-02-06,1725,1766.19995,1710.40002,1751.5,319800,1744.80593
2017-02-07,1751.5,1770,1738.80005,1747.75,104500,1741.07026
2017-02-08,1750,1776.75,1750,1760.94995,195500,1754.21976
2017-02-09,1760.94995,1832,1734,1804.40002,638100,1797.50377
2017-02-10,1809.69995,1813.55005,1782,1794.75,128800,1787.89063
2017-02-13,1800.05005,1812,1774.05005,1803.25,83600,1796.35814
2017-02-14,1803.75,1804.30005,1771.75,1785.30005,86500,1778.47679
2017-02-15,1781,1789,1746.34998,1754.5,71200,1747.79446
2017-02-16,1750,1774.90002,1723.90002,1764.15002,160900,1757.4076
2017-02-17,1767,1778.25,1740,1746.69995,68600,1740.02422
2017-02-20,1746.69995,1761.94995,1725.59998,1741.55005,50900,1734.894
2017-02-21,1754.69995,1754.69995,1724,1728.65002,86000,1722.04328
2017-02-22,1735,1742.40002,1708,1715.09998,151700,1708.54502
2017-02-23,1720,1727.30005,1697.34998,1706.34998,198400,1699.82846
2017-02-24,1706.34998,1706.34998,1706.34998,1706.34998,0,1699.82846
2017-02-27,1712,1741.44995,1701,1735.09998,128800,1728.46858
2017-02-28,1740.90002,1742,1713.59998,1717.44995,73700,1710.88601
2017-03-01,1728.90002,1730,1711.09998,1716.65002,51100,1710.08914
2017-03-02,1718.19995,1729,1703.94995,1710.59998,91200,1704.06222
2017-03-03,1708,1726.84998,1700.09998,1723.40002,48500,1716.81335
2017-03-06,1724.94995,1734.30005,1708.19995,1717.5,51900,1710.93587
2017-03-07,1717.90002,1717.90002,1701.15002,1709.75,92700,1703.21549
2017-03-08,1709.75,1729,1701.5,1719.94995,107400,1713.37646
2017-03-09,1714.90002,1725,1712.25,1716.19995,59500,1709.64079
2017-03-10,1721.90002,1728,1702.30005,1713.15002,60400,1706.60252
2017-03-13,1713.15002,1713.15002,1713.15002,1713.15002,0,1706.60252
2017-03-14,1721.05005,1757.94995,1716.44995,1753.5,110900,1746.79828
2017-03-15,1764,1764,1737.34998,1743.25,67100,1736.58746
2017-03-16,1745.5,1771.94995,1743.80005,1763.80005,82800,1757.05896
2017-03-17,1774.69995,1800,1748,1794,152500,1787.14349
2017-03-20,1812,1852,1807,1821.90002,487600,1814.93689
2017-03-21,1832.94995,1850,1812.55005,1844.69995,171400,1837.64968
2017-03-22,1849.80005,1852.94995,1826,1831.55005,196500,1824.55003
2017-03-23,1838,1847.90002,1831.05005,1840.19995,61500,1840.19995
2017-03-24,1840.19995,1852.69995,1827,1834.75,127900,1834.75
2017-03-27,1828.5,1839.34998,1751,1796.59998,178100,1796.59998
2017-03-28,1808,1825.65002,1773.55005,1785.05005,78900,1785.05005
2017-03-29,1798,1805.94995,1765,1774.90002,114700,1774.90002
2017-03-30,1789,1796.55005,1749.94995,1754.40002,179100,1754.40002
2017-03-31,1761.59998,1780,1751.05005,1760.55005,44300,1760.55005
2017-04-03,1765,1778,1740.5,1746.30005,113600,1746.30005
2017-04-04,1746.30005,1746.30005,1746.30005,1746.30005,0,1746.30005
2017-04-05,1759,1759,1721,1725.40002,115300,1725.40002
2017-04-06,1723.5,1755,1712.94995,1746.75,111200,1746.75
2017-04-07,1746.75,1759,1712.55005,1722.59998,107000,1722.59998
2017-04-10,1722.59998,1820.19995,1718,1731.69995,253800,1731.69995
2017-04-11,1731,1748.69995,1731,1741.80005,75300,1741.80005
2017-04-12,1744,1773.69995,1725.80005,1759.80005,112700,1759.80005
2017-04-13,1760,1782.90002,1757.94995,1775.15002,73900,1775.15002
2017-04-14,1775.15002,1775.15002,1775.15002,1775.15002,0,1775.15002
2017-04-17,1775,1778,1745.44995,1759.30005,38300,1759.30005
2017-04-18,1760.19995,1780,1728.05005,1740.90002,57500,1740.90002
2017-04-19,1740.90002,1752,1725.30005,1733.90002,47600,1733.90002
2017-04-20,1744.94995,1746.94995,1722.59998,1725.94995,39900,1725.94995
2017-04-21,1739.80005,1739.80005,1715,1720.5,40500,1720.5
