"Date","BHARATFIN.NS.Open","BHARATFIN.NS.High","BHARATFIN.NS.Low","BHARATFIN.NS.Close","BHARATFIN.NS.Volume","BHARATFIN.NS.Adjusted"
2015-01-01,414.25,418.6,412.2,413.35,1289800,413.35
2015-01-02,413.55,420.9,413.2,415.1,1321000,415.1
2015-01-05,416.3,427,414.15,424.85,2071300,424.85
2015-01-06,423,423,407,410.45,2476100,410.45
2015-01-07,409.85,417.8,408,415.6,1437400,415.6
2015-01-08,423,436.45,417.65,433.3,2557500,433.3
2015-01-09,437.55,442.35,428.8,435.85,2571700,435.85
2015-01-12,431.65,442.7,429.55,441,1388400,441
2015-01-13,442.7,467.25,439.75,460,3260700,460
2015-01-14,462.25,464.4,451.5,454.65,3686300,454.65
2015-01-15,461.05,470.7,456,466.35,1843600,466.35
2015-01-16,464.6,474.3,456,469.5,1625900,469.5
2015-01-19,468.1,475.8,467.7,470.15,878100,470.15
2015-01-20,471,472.5,456,460.25,2351500,460.25
2015-01-21,461.4,464.9,442.2,450.1,3205800,450.1
2015-01-22,455.2,456.85,441,442.2,2967600,442.2
2015-01-23,445.6,449,434.85,440.7,3393100,440.7
2015-01-26,440.7,440.7,440.7,440.7,0,440.7
2015-01-27,441,455,438,452.25,2699500,452.25
2015-01-28,454.45,457,432.75,437.1,2567500,437.1
2015-01-29,437,439.2,424,426.85,2993400,426.85
2015-01-30,433.5,452,433.15,436,5058200,436
2015-02-02,437.8,444.75,435,440,1059900,440
2015-02-03,442.35,443.3,425.35,430.15,1856400,430.15
2015-02-04,429.8,430.6,412.5,414.8,1676300,414.8
2015-02-05,413,428.7,407.25,415.7,2164100,415.7
2015-02-06,418,424,410.9,418.9,1342100,418.9
2015-02-09,412.1,419.5,402,404.35,1018100,404.35
2015-02-10,402,422,400,414.45,1788000,414.45
2015-02-11,418.1,426.9,417.45,422.8,1133200,422.8
2015-02-12,425,436,425,433,1478300,433
2015-02-13,435,440.55,430.1,438.55,1559600,438.55
2015-02-16,439.9,440,426.6,429.4,1185500,429.4
2015-02-17,429.4,429.4,429.4,429.4,0,429.4
2015-02-18,430,435.6,425,430.6,1077900,430.6
2015-02-19,431.25,434.5,418.4,425.35,815800,425.35
2015-02-20,425,431.8,419.35,422.1,718900,422.1
2015-02-23,423.5,425.8,407.1,409.1,752300,409.1
2015-02-24,410,416.8,408.5,413.2,1178400,413.2
2015-02-25,414.9,419.7,414.35,417.3,1048000,417.3
2015-02-26,419.4,419.4,406.2,408.95,818500,408.95
2015-02-27,410.6,418.15,410,416.15,741500,416.15
2015-03-02,440.95,458.25,432,455.5,3198000,455.5
2015-03-03,457.95,466.4,450.15,457,3711700,457
2015-03-04,461,465.95,445,448.25,1959200,448.25
2015-03-05,450.4,461,448.1,458.95,1607100,458.95
2015-03-06,458.95,458.95,458.95,458.95,0,458.95
2015-03-09,455,455.7,436.8,438.7,808600,438.7
2015-03-10,438.45,452.9,434.05,450.1,1302600,450.1
2015-03-11,452.05,452.9,440,441.7,675200,441.7
2015-03-12,443,447.85,440.2,446,611000,446
2015-03-13,447.4,449.9,426.7,428.75,696900,428.75
2015-03-16,429.9,441.4,426,439.75,841900,439.75
2015-03-17,442.45,449.8,435.7,443.8,1299900,443.8
2015-03-18,447,453.9,444.4,447.5,1055800,447.5
2015-03-19,449.7,459.7,441.8,444.35,1587600,444.35
2015-03-20,442.15,444.7,433.1,435.5,710300,435.5
2015-03-23,437,437.95,422,422.85,516900,422.85
2015-03-24,421.1,429.9,419.65,424.25,503500,424.25
2015-03-25,426.7,427.85,421.35,423,370300,423
2015-03-26,423,428,420,422.35,1631300,422.35
2015-03-27,421,445.5,414.7,442.85,1241800,442.85
2015-03-30,447.9,458,443.2,455.7,965300,455.7
2015-03-31,455,464.2,451,457.95,1275800,457.95
2015-04-01,454.85,469.65,454.25,467.9,937600,467.9
2015-04-02,467.9,467.9,467.9,467.9,0,467.9
2015-04-03,467.9,467.9,467.9,467.9,0,467.9
2015-04-06,469.9,477.55,462.7,473.1,877300,473.1
2015-04-07,475,518.7,467,513.75,5649400,513.75
2015-04-08,519,524.95,503,506.6,3532800,506.6
2015-04-09,507.65,512,495,504.7,1374000,504.7
2015-04-10,504,517.2,500.6,509.85,1562000,509.85
2015-04-13,511.7,519.1,505.3,507.6,874800,507.6
2015-04-14,507.6,507.6,507.6,507.6,0,507.6
2015-04-15,507.5,513.3,497,500.85,924300,500.85
2015-04-16,501,503.7,487.1,494.25,1010400,494.25
2015-04-17,494.6,502,484.65,490.05,1182600,490.05
2015-04-20,490.8,490.8,468.2,474.75,907500,474.75
2015-04-21,473.1,480.5,462.65,469.3,1110000,469.3
2015-04-22,469.95,473.8,435.6,460.05,1862800,460.05
2015-04-23,461.7,467.2,448.3,453.3,968000,453.3
2015-04-24,452.55,455.6,435.55,439.05,1434000,439.05
2015-04-27,440,444.8,420.3,431.65,1571900,431.65
2015-04-28,431,461.3,430.5,457,1654000,457
2015-04-29,457.5,473.05,455.05,465,1532800,465
2015-04-30,463.2,473.15,446.5,470.05,1685800,470.05
2015-05-01,470.05,470.05,470.05,470.05,0,470.05
2015-05-04,472.3,476.7,448,463.8,2699500,463.8
2015-05-05,481,497.15,473.6,481.55,5260700,481.55
2015-05-06,479,480.55,439.25,442.15,2885600,442.15
2015-05-07,442,442.25,421,434.2,3213500,434.2
2015-05-08,449.95,454,435.3,447.5,1698500,447.5
2015-05-11,449.8,469.8,446.15,465.15,1531200,465.15
2015-05-12,461.2,462.5,440,444.3,1761800,444.3
2015-05-13,446.7,461.95,443.7,457.9,1496900,457.9
2015-05-14,452.35,459,440,455.8,999600,455.8
2015-05-15,455,467.5,454.8,459.2,1047100,459.2
2015-05-18,460.75,468,451.25,463.25,930100,463.25
2015-05-19,461.95,473.15,455.55,466.75,1248500,466.75
2015-05-20,467.1,472.75,460.25,461.3,707200,461.3
2015-05-21,462.8,466.35,451.25,459.65,804600,459.65
2015-05-22,461.35,463.95,454.45,456.5,717500,456.5
2015-05-25,456,466.6,456,461.4,733600,461.4
2015-05-26,460.2,462.5,452.35,454.95,623700,454.95
2015-05-27,451,454.9,447,451.3,826100,451.3
2015-05-28,452.7,453.55,440.25,446.25,1429900,446.25
2015-05-29,448.05,468.3,445.95,462.35,1256300,462.35
2015-06-01,462.95,472.5,461.4,469.35,920500,469.35
2015-06-02,470.8,471.7,451.5,455.9,1182800,455.9
2015-06-03,453.2,456,434.4,447.8,1584200,447.8
2015-06-04,452,458.4,441.35,442.65,1494800,442.65
2015-06-05,442.4,448.25,431.5,442.55,1483000,442.55
2015-06-08,444.9,445.8,426,430.7,833000,430.7
2015-06-09,429.7,433,414.9,418.2,1173000,418.2
2015-06-10,420.7,432.1,416,429.35,1014500,429.35
2015-06-11,433.8,438.4,423,425.05,1058900,425.05
2015-06-12,425,429.8,420.1,426.15,578600,426.15
2015-06-15,428.7,436.15,426.85,432.5,508300,432.5
2015-06-16,432.6,441.5,424.4,437,931700,437
2015-06-17,440.3,447.6,438.1,443.9,615200,443.9
2015-06-18,446.3,451.2,443,447.85,490200,447.85
2015-06-19,451,454.5,444.1,446.55,726000,446.55
2015-06-22,449,464.4,447,462,1064200,462
2015-06-23,466,467.2,455,457.8,718500,457.8
2015-06-24,457.15,459.8,444.05,447.25,660600,447.25
2015-06-25,446.95,454.5,445.2,449.15,995200,449.15
2015-06-26,447.3,459.8,446,457.45,833600,457.45
2015-06-29,437.15,469.65,437.15,466.55,994500,466.55
2015-06-30,467.3,474.9,463.5,466.7,797600,466.7
2015-07-01,466,482.5,464.7,478.75,1490100,478.75
2015-07-02,482,500.5,480.05,494.9,1933400,494.9
2015-07-03,496.7,499,485.1,492.25,1036800,492.25
2015-07-06,480,514.4,478.05,511.85,1908200,511.85
2015-07-07,514,518,504,510.95,1175000,510.95
2015-07-08,505,517.5,491.75,498.45,1675800,498.45
2015-07-09,498.35,504,487,489.15,839000,489.15
2015-07-10,490.5,501.45,490,497.95,596300,497.95
2015-07-13,500,509.9,497.85,506.85,908100,506.85
2015-07-14,505,516,505,509.25,1062900,509.25
2015-07-15,509.5,523.5,508.05,514.2,1135000,514.2
2015-07-16,515,517.95,509.05,514.35,873500,514.35
2015-07-17,517,531.9,516.6,526.75,1479400,526.75
2015-07-20,529.5,533.65,526.75,528.35,794600,528.35
2015-07-21,527.05,538,515.2,529.15,1388000,529.15
2015-07-22,534,543.3,525.5,536.85,1800100,536.85
2015-07-23,550.1,573.7,541,565.15,6114700,565.15
2015-07-24,565,573,560,562.7,1837500,562.7
2015-07-27,561.3,568.15,540.8,544,1554800,544
2015-07-28,546.9,557,542.85,549,1039900,549
2015-07-29,550,569,545.25,565.95,1000900,565.95
2015-07-30,569.9,588,569.1,582.1,1778300,582.1
2015-07-31,584.9,589.6,576.1,581.85,925200,581.85
2015-08-03,577.85,588.15,570.35,571.85,758100,571.85
2015-08-04,574,584,567.2,579.2,784900,579.2
2015-08-05,583.85,586.4,578,580.4,738500,580.4
2015-08-06,583,585.75,558.25,561.15,1132600,561.15
2015-08-07,556.45,562,547.2,550.4,863000,550.4
2015-08-10,550.95,554.95,532.5,536,712400,536
2015-08-11,535,537.65,523.25,526.55,856100,526.55
2015-08-12,524.8,528.65,505.4,508.6,1056000,508.6
2015-08-13,513,533,513,526.6,1047500,526.6
2015-08-14,531.2,543.95,528.7,539.55,954100,539.55
2015-08-17,545.2,549.95,535,537.05,1295300,537.05
2015-08-18,541,549.8,533.15,539.55,2038900,539.55
2015-08-19,539,548,535.2,543.1,800200,543.1
2015-08-20,541.8,543.1,515,516.4,999800,516.4
2015-08-21,510,511.85,492.2,508.35,1447800,508.35
2015-08-24,479.95,480,430,442.75,4912600,442.75
2015-08-25,453,470,425.1,467.9,3136400,467.9
2015-08-26,465,479.8,450,472.05,1189700,472.05
2015-08-27,481,490.5,465.6,476.5,1462200,476.5
2015-08-28,484.4,487,460.2,464.4,1064500,464.4
2015-08-31,463,476.3,458.15,462.3,976600,462.3
2015-09-01,463,467.65,439.55,445.15,1181900,445.15
2015-09-02,448.1,454.5,437.5,440.85,1208700,440.85
2015-09-03,444,460.1,442.2,457.55,1033300,457.55
2015-09-04,458,459.7,437.8,445.35,1400300,445.35
2015-09-07,446,464.8,441.3,444.45,1255000,444.45
2015-09-08,452.9,452.9,432.55,439.1,2383700,439.1
2015-09-09,448.45,453,436.5,442.5,1764300,442.5
2015-09-10,437.7,450.8,425,442.95,1735900,442.95
2015-09-11,452.7,467,450,455.4,2332700,455.4
2015-09-14,456.05,468.9,446.2,466,1586300,466
2015-09-15,468,477,453.45,456.5,3321400,456.5
2015-09-16,462.25,465,448.8,450.75,1281600,450.75
2015-09-17,450.75,450.75,450.75,450.75,0,450.75
2015-09-18,405.7,405.7,360.6,380.65,16101700,380.65
2015-09-21,385,407.2,382.4,396.95,8756400,396.95
2015-09-22,400.1,404.1,387.35,391.7,3306500,391.7
2015-09-23,385,399.9,384.15,397,1746800,397
2015-09-24,395.2,400.2,390.95,392.65,1302600,392.65
2015-09-25,392.65,392.65,392.65,392.65,0,392.65
2015-09-28,395.5,396,381,384.6,1088200,384.6
2015-09-29,379,400,373.4,387.2,2673400,387.2
2015-09-30,388.95,409.9,388.95,405.55,3351900,405.55
2015-10-01,410,417,401,404.15,1789100,404.15
2015-10-02,404.15,404.15,404.15,404.15,0,404.15
2015-10-05,409.95,427.55,408,424.45,2378800,424.45
2015-10-06,427,433.7,419.2,425.55,1614200,425.55
2015-10-07,426,433,422.8,430.85,1122700,430.85
2015-10-08,433,438.4,425,437.2,1220200,437.2
2015-10-09,441,443.9,430.8,434.8,1323400,434.8
2015-10-12,434.9,436.85,422.35,428.35,652300,428.35
2015-10-13,429.5,430.6,416,426.9,1746600,426.9
2015-10-14,428,441.9,426.5,438.45,1430700,438.45
2015-10-15,443,453.2,440.2,450.05,1670500,450.05
2015-10-16,452,458,446.8,456.05,1089300,456.05
2015-10-19,459.7,462.4,436.3,448.65,4791100,448.65
2015-10-20,470,474,439.15,441.6,7690900,441.6
2015-10-21,442.4,446.8,426.3,429.8,3143700,429.8
2015-10-22,429.8,429.8,429.8,429.8,0,429.8
2015-10-23,430.25,437.25,421.25,423.3,3667400,423.3
2015-10-26,425.45,426.45,407.65,410.6,2511100,410.6
2015-10-27,409,410.55,398.1,400.65,2641600,400.65
2015-10-28,404.4,428.9,403.25,426.8,5470900,426.8
2015-10-29,429.25,436.8,426.1,433.4,4027900,433.4
2015-10-30,435,436.8,427,431.2,1524000,431.2
2015-11-02,431.2,447.25,427.25,445.6,2419900,445.6
2015-11-03,449.4,455.05,442,453.5,2462000,453.5
2015-11-04,454.9,458.6,437.6,442.35,2506200,442.35
2015-11-05,442.7,446.85,425.65,428.05,1439200,428.05
2015-11-06,428,441.4,422.9,439.6,1338600,439.6
2015-11-09,427,454.9,427,452,1474700,452
2015-11-10,451.3,451.95,442.3,447.25,856000,447.25
2015-11-11,447.25,447.25,447.25,447.25,0,447.25
2015-11-12,447.25,447.25,447.25,447.25,0,447.25
2015-11-13,445.8,450,431,436.6,676000,436.6
2015-11-16,430.2,444.9,430.2,442.75,882400,442.75
2015-11-17,444.7,445.7,428.8,430.85,1045700,430.85
2015-11-18,431,434.6,423.05,427.2,1044600,427.2
2015-11-19,429.1,438.95,428.25,432.9,786700,432.9
2015-11-20,433.5,435.4,426.2,428.15,1339300,428.15
2015-11-23,429.8,432.5,425.5,427.35,471200,427.35
2015-11-24,427.8,430.45,425.6,426.95,739000,426.95
2015-11-25,426.95,426.95,426.95,426.95,0,426.95
2015-11-26,429.3,431.3,419.9,424.05,1858300,424.05
2015-11-27,438,456.85,437.3,454.6,5085200,454.6
2015-11-30,459,461.6,450.6,451.3,1721300,451.3
2015-12-01,454.3,460.55,452.85,455.65,1256200,455.65
2015-12-02,457,470.75,456.55,459.35,1535800,459.35
2015-12-03,459.4,460.75,449,451.9,1147500,451.9
2015-12-04,449,457,444.2,446.05,799600,446.05
2015-12-07,449,459.2,448.1,453.7,1347100,453.7
2015-12-08,451.1,458.85,442.5,445.55,722800,445.55
2015-12-09,443.8,447.75,434.95,435.45,912400,435.45
2015-12-10,436.9,452.65,435.1,449.95,889400,449.95
2015-12-11,452,455.75,437.6,440.2,1101000,440.2
2015-12-14,437.25,452.8,436.05,449.55,742500,449.55
2015-12-15,447.1,463.2,446.2,460.9,1194800,460.9
2015-12-16,466,477.8,465,466.9,1570600,466.9
2015-12-17,470.6,485.9,468,483.6,1571200,483.6
2015-12-18,481,489.75,477.05,478.2,1333700,478.2
2015-12-21,477,493,474.8,489.8,1067400,489.8
2015-12-22,490.9,497.7,485.05,489.75,1643400,489.75
2015-12-23,493.9,497,490.25,494.4,516300,494.4
2015-12-24,492.7,494.9,485.25,489.2,705900,489.2
2015-12-25,489.2,489.2,489.2,489.2,0,489.2
2015-12-28,490,492.9,482.05,485.3,612900,485.3
2015-12-29,489.8,496,487.75,493.7,988100,493.7
2015-12-30,502,505,493,494.35,1707400,494.35
2015-12-31,496.5,503,490.15,499.05,1205200,499.05
2016-01-01,497.95,508.5,493.5,506.3,902000,506.3
2016-01-04,503,512.5,488.1,493.5,1021200,493.5
2016-01-05,496,515.8,491,512.3,1228800,512.3
2016-01-06,513,524,512,520.5,3041700,520.5
2016-01-07,515,523.45,502.4,518.55,2678100,518.55
2016-01-08,522.7,546.25,521.5,531.35,3558300,531.35
2016-01-11,526,531.7,517.35,524.55,1124600,524.55
2016-01-12,527.9,538.5,521.3,527.6,1242700,527.6
2016-01-13,530,535,505.15,524.6,1559400,524.6
2016-01-14,510,520.6,504.55,514.1,1261000,514.1
2016-01-15,517.9,523.25,492.25,497.45,1097700,497.45
2016-01-18,495.5,502,470.15,477.7,1297000,477.7
2016-01-19,478.9,484.5,465.9,475.75,1293300,475.75
2016-01-20,469.5,469.5,439,450,1519700,450
2016-01-21,455.2,474.8,435.5,451.05,2353400,451.05
2016-01-22,459,487.8,455,483.55,1930600,483.55
2016-01-25,485.5,491.5,476.8,485.25,895200,485.25
2016-01-26,485.25,485.25,485.25,485.25,0,485.25
2016-01-27,493,502.95,483,497.75,2269500,497.75
2016-01-28,505,542,497.75,535.05,8903200,535.05
2016-01-29,531.95,541.85,523.6,529.6,2971200,529.6
2016-02-01,531,551.95,525.65,549.2,2455200,549.2
2016-02-02,548,563.4,545.25,551.45,3458500,551.45
2016-02-03,545.9,554.95,527,548.45,2999100,548.45
2016-02-04,556.3,558.9,532.8,538.35,2150300,538.35
2016-02-05,542.25,575,537.05,566.6,2792900,566.6
2016-02-08,570,577.7,560,562.85,1605200,562.85
2016-02-09,545.5,555.95,535.3,539.8,1622400,539.8
2016-02-10,535.3,553.15,534,539.3,2261500,539.3
2016-02-11,537.65,540,488.85,495.65,2143500,495.65
2016-02-12,498.1,509,469.15,498.2,2591300,498.2
2016-02-15,510,530,510,524.75,1156300,524.75
2016-02-16,531,533,484.8,491.2,2136300,491.2
2016-02-17,494.7,508.4,486.2,502.4,1952900,502.4
2016-02-18,510.05,514.4,489.25,498.95,1280500,498.95
2016-02-19,495,502.5,491.25,496.85,647300,496.85
2016-02-22,500,508.3,492.3,498.3,1251300,498.3
2016-02-23,501,501,489.1,492.3,1007000,492.3
2016-02-24,490,501.4,486.6,491.1,1364900,491.1
2016-02-25,493.6,494.8,479.1,481.15,1822900,481.15
2016-02-26,484.8,488.25,466,469.9,1739400,469.9
2016-02-29,472.7,493.2,457.7,483.15,2233700,483.15
2016-03-01,486,507.7,486,504.55,1862700,504.55
2016-03-02,511.9,541.95,511.9,536.35,2858100,536.35
2016-03-03,536.95,538,516.1,519.85,1455400,519.85
2016-03-04,520,534,511.6,530.5,1690100,530.5
2016-03-07,530.5,530.5,530.5,530.5,0,530.5
2016-03-08,530.5,542.7,522.55,526.55,1610400,526.55
2016-03-09,522.7,529,519,523.85,1315300,523.85
2016-03-10,525.3,536.9,524.4,531.3,1342100,531.3
2016-03-11,531.3,537,520.2,527,842200,527
2016-03-14,531.9,543.25,530.75,537.8,1126300,537.8
2016-03-15,536,538.85,519.95,522.75,673400,522.75
2016-03-16,526.4,528.1,509,522.85,1180800,522.85
2016-03-17,530.25,532.4,513.85,519,887500,519
2016-03-18,520,528,514.1,524.65,826300,524.65
2016-03-21,532.3,537.7,529.1,533.9,976400,533.9
2016-03-22,536.8,540.35,526,532.1,1136100,532.1
2016-03-23,531,532.8,523.3,530.2,914600,530.2
2016-03-24,530.2,530.2,530.2,530.2,0,530.2
2016-03-25,530.2,530.2,530.2,530.2,0,530.2
2016-03-28,526,531.25,515.5,518.1,1285600,518.1
2016-03-29,520,520.7,506.4,513.35,1665900,513.35
2016-03-30,516.95,533.15,515.3,526.65,1950100,526.65
2016-03-31,530.1,549.5,524.05,545.85,2330000,545.85
2016-04-01,548.1,553,543.55,546.5,1871400,546.5
2016-04-04,549,554,530.15,538.35,1069100,538.35
2016-04-05,535.6,542.4,522.55,524.45,1320300,524.45
2016-04-06,528.7,549,528.1,546.75,1517000,546.75
2016-04-07,546.75,557.1,542.75,549.75,1664600,549.75
2016-04-08,552,554.6,544,545.9,919200,545.9
2016-04-11,544.55,554.3,543.1,551,1252400,551
2016-04-12,554.7,562,550.05,557,1572100,557
2016-04-13,563.4,567.3,556.75,560.1,1142300,560.1
2016-04-14,560.1,560.1,560.1,560.1,0,560.1
2016-04-15,560.1,560.1,560.1,560.1,0,560.1
2016-04-18,560.1,572.95,553.9,571.3,1583700,571.3
2016-04-19,571.3,571.3,571.3,571.3,0,571.3
2016-04-20,571.9,586.4,562.95,584.45,2620500,584.45
2016-04-21,589,594,568,578.85,2643200,578.85
2016-04-22,580,588,574.4,585.2,1162500,585.2
2016-04-25,588,588,577.4,580.85,818200,580.85
2016-04-26,580.5,589.9,572.55,586.2,898900,586.2
2016-04-27,586.9,607,584.05,594.65,1444200,594.65
2016-04-28,593.85,602.4,585.95,588.8,1200300,588.8
2016-04-29,589.4,610,581.6,603.8,1006000,603.8
2016-05-02,605,620.75,602.05,616,1838400,616
2016-05-03,620.2,634.6,611.25,614.5,2945000,614.5
2016-05-04,612,618,589.25,595.6,2304100,595.6
2016-05-05,603.55,614.4,578.4,601.85,4724700,601.85
2016-05-06,601.1,601.1,586.4,593.9,1960500,593.9
2016-05-09,598.6,600,587.6,596.75,1835100,596.75
2016-05-10,599.8,604,592,593.95,1265800,593.95
2016-05-11,584,594,577.75,586.05,1353500,586.05
2016-05-12,585,601,583.95,597.85,1410400,597.85
2016-05-13,597,609.1,596,605.4,1899000,605.4
2016-05-16,608.95,628.8,608.5,626.55,2568900,626.55
2016-05-17,630,636,623.2,627.6,1654900,627.6
2016-05-18,624.7,634.7,621,632.55,1084400,632.55
2016-05-19,627.2,642,625.55,631.45,1517100,631.45
2016-05-20,631,633.85,616,618.2,895300,618.2
2016-05-23,620,621,601.1,603.05,949800,603.05
2016-05-24,605.4,612.95,601.6,609.85,822500,609.85
2016-05-25,617.8,624.25,616.6,619,976800,619
2016-05-26,622,628.9,618.55,625.7,1435200,625.7
2016-05-27,625.4,638.55,623.2,633.05,1178600,633.05
2016-05-30,635.1,654.9,627.45,650.9,1316300,650.9
2016-05-31,655,658,647.15,650.3,1093800,650.3
2016-06-01,649.95,662.8,647.6,655.9,1065300,655.9
2016-06-02,653,667,651.25,666.1,1398300,666.1
2016-06-03,666,690.5,663.8,678.55,2487500,678.55
2016-06-06,675.1,685.85,671.55,679.7,1230900,679.7
2016-06-07,680.95,682.65,665.95,675.15,1517000,675.15
2016-06-08,676.9,690,668.1,685.9,820500,685.9
2016-06-09,689,695.3,677.15,680.8,1497400,680.8
2016-06-10,676.7,684.5,671.05,678.55,1315200,678.55
2016-06-13,670.65,676.2,665.1,669.7,1037600,669.7
2016-06-14,669.3,674.85,665.5,670.15,712100,670.15
2016-06-15,673.55,676.9,669.4,674.45,1102500,674.45
2016-06-16,674,682.8,670.55,676.75,1043400,676.75
2016-06-17,681.8,688,670,675.1,1529200,675.1
2016-06-20,670,703,670,695.75,904700,695.75
2016-06-21,700.1,710,697.05,700,1165700,700
2016-06-22,699,704.5,683.5,687.95,934800,687.95
2016-06-23,689,700.95,681.2,697.45,775700,697.45
2016-06-24,668,689.9,631,686.6,1239400,686.6
2016-06-27,685,697.5,685,689.35,923900,689.35
2016-06-28,692.5,697.1,684.55,695.05,679500,695.05
2016-06-29,698,738,692.2,735.55,2970200,735.55
2016-06-30,743,745.9,731.1,741.3,3029600,741.3
2016-07-01,741.3,741.3,741.3,741.3,0,741.3
2016-07-04,737,768.3,736,762.75,1097800,762.75
2016-07-05,760.1,781.2,756.95,763.8,1311900,763.8
2016-07-06,763.8,763.8,763.8,763.8,0,763.8
2016-07-07,759.1,768.4,757,759.8,1690500,759.8
2016-07-08,762.4,762.55,748,752.7,716000,752.7
2016-07-11,771.75,788.8,767.65,779.25,1949000,779.25
2016-07-12,784,784.95,769.9,778.95,1035400,778.95
2016-07-13,782,782,756.75,759.5,2000800,759.5
2016-07-14,759.9,767.4,741.6,744.8,1448200,744.8
2016-07-15,749.5,771.75,746.4,764.55,794700,764.55
2016-07-18,768,776.8,761.75,764.6,665100,764.6
2016-07-19,765,791,760.55,787.35,1176200,787.35
2016-07-20,788.8,799.8,776,782.15,2163000,782.15
2016-07-21,784.35,784.35,760,763.7,756000,763.7
2016-07-22,780,891.15,774.85,843.6,9312400,843.6
2016-07-25,847,874.35,832.65,862.95,2328400,862.95
2016-07-26,867.5,908,863,879.35,3246900,879.35
2016-07-27,880.05,892,871.55,887.7,1768400,887.7
2016-07-28,891.4,901.8,881.15,896.55,3554700,896.55
2016-07-29,891.1,939,886,907.3,2741600,907.3
2016-08-01,915,925.95,901.3,910.7,1289600,910.7
2016-08-02,820,890,814.2,822.65,8449900,822.65
2016-08-03,823.15,849.95,778.6,802.25,5543400,802.25
2016-08-04,810.5,815.45,776.5,789.8,2963500,789.8
2016-08-05,799.95,828,792.1,818.15,3139600,818.15
2016-08-08,826.1,841.95,815.1,833.35,1378300,833.35
2016-08-09,834.8,853,824.35,833.8,1509900,833.8
2016-08-10,836,840.7,797.6,803.85,1647500,803.85
2016-08-11,807,807.8,780,794.65,1686400,794.65
2016-08-12,803.35,816.95,799.25,811.8,773700,811.8
2016-08-15,811.8,811.8,811.8,811.8,0,811.8
2016-08-16,803.1,805.95,780.4,784.15,924000,784.15
2016-08-17,784.15,787.5,742,744.95,2064300,744.95
2016-08-18,744.5,806.7,733,795.9,3928400,795.9
2016-08-19,801.95,807.85,780.6,786.25,1550200,786.25
2016-08-22,788,795.5,744,748.05,1767100,748.05
2016-08-23,750,770,748.05,760.15,2082300,760.15
2016-08-24,763.95,764.7,741.6,755.9,1672200,755.9
2016-08-25,758.95,782,758.95,764.65,2769400,764.65
2016-08-26,767.4,791.7,767,784.15,1868000,784.15
2016-08-29,782.6,796,772.8,792.6,1158200,792.6
2016-08-30,798.8,822.9,797.15,818.1,1713100,818.1
2016-08-31,818,829.5,777.35,819.5,1470900,819.5
2016-09-01,820.1,826.7,803,805.4,1067500,805.4
2016-09-02,811,816.8,800.9,809.4,747400,809.4
2016-09-05,809.4,809.4,809.4,809.4,0,809.4
2016-09-06,815.75,832.8,811.8,829.15,1483700,829.15
2016-09-07,836.4,836.4,814.35,817.8,617400,817.8
2016-09-08,821.8,827.95,812.2,814.15,726800,814.15
2016-09-09,815.65,815.95,774,779.9,2264900,779.9
2016-09-12,758.95,758.95,721.4,730.7,2176600,730.7
2016-09-13,730.7,730.7,730.7,730.7,0,730.7
2016-09-14,729.2,779.8,726,775.4,1628200,775.4
2016-09-15,777.4,777.4,756.25,762.35,746800,762.35
2016-09-16,774,789.85,746.15,753.75,1198000,753.75
2016-09-19,756.7,781,756.05,769.35,1091900,769.35
2016-09-20,769.35,787,769.35,781.2,865000,781.2
2016-09-21,783,795,773,778.55,1200100,778.55
2016-09-22,794.1,815.95,784.8,812.3,2482400,812.3
2016-09-23,825,868.8,817.2,847.2,6809500,847.2
2016-09-26,845.05,864.75,838.8,849.8,2488300,849.8
2016-09-27,860.2,868.9,853.25,856.85,2584300,856.85
2016-09-28,863.7,867.65,851.4,864.05,1456800,864.05
2016-09-29,873.7,877.5,817.5,833.45,2835300,833.45
2016-09-30,838.8,882.7,821.5,880.65,2590000,880.65
2016-10-03,889,925,886,920.85,2231000,920.85
2016-10-04,927,928.05,903.6,919.7,1579300,919.7
2016-10-05,926,930,897.35,902.25,973200,902.25
2016-10-06,909.75,915,882.2,886.95,1621000,886.95
2016-10-07,890,891.45,867,882.2,1010600,882.2
2016-10-10,890,890.15,869,872.75,625200,872.75
2016-10-11,872.75,872.75,872.75,872.75,0,872.75
2016-10-12,872.75,872.75,872.75,872.75,0,872.75
2016-10-13,869.65,888,852.95,881.8,1377800,881.8
2016-10-14,884.95,898.8,882.85,893.85,864700,893.85
2016-10-17,900,909,861.4,868.5,1491200,868.5
2016-10-18,878.9,904.8,874,900.65,949700,900.65
2016-10-19,905,906.4,884,890,1068200,890
2016-10-20,895,922.85,892.65,917.9,1305900,917.9
2016-10-21,919.95,927.5,910.2,919.8,1194400,919.8
2016-10-24,919.65,926.4,905.05,909.5,1245400,909.5
2016-10-25,912.65,918.45,897.7,912.7,918500,912.7
2016-10-26,908,921,900,905.8,820500,905.8
2016-10-27,901.7,904.95,872.7,879.15,2297500,879.15
2016-10-28,881,893.6,872.4,882.55,1144100,882.55
2016-10-31,882.55,882.55,882.55,882.55,0,882.55
2016-11-01,891.75,894.7,850,852.2,2106200,852.2
2016-11-02,843.7,843.7,813.35,817.85,1290100,817.85
2016-11-03,821,843,821,831.15,1137700,831.15
2016-11-04,832.85,832.85,783.6,797.85,1304400,797.85
2016-11-07,803.25,828.35,803.25,818.8,1066200,818.8
2016-11-08,821.95,829.5,804.6,826.1,844400,826.1
2016-11-09,743.5,781.9,660.9,770.5,4829700,770.5
2016-11-10,795,802.4,730.1,741.3,3991500,741.3
2016-11-11,723.85,731.8,686.45,690.95,2823700,690.95
2016-11-14,690.95,690.95,690.95,690.95,0,690.95
2016-11-15,690,690,591,633.3,6596100,633.3
2016-11-16,647.7,714,645.85,686.6,6327900,686.6
2016-11-17,689,701.7,675.65,691.05,2223000,691.05
2016-11-18,688,716.65,665.75,695.1,3151500,695.1
2016-11-21,702.6,702.8,662.25,674.75,3549800,674.75
2016-11-22,684,695,677.1,690.1,1888300,690.1
2016-11-23,700,719.15,687.1,715.4,2354200,715.4
2016-11-24,706,709.15,679.35,684.45,2641400,684.45
2016-11-25,689,703.95,672.25,699.35,3152800,699.35
2016-11-28,691.35,708.8,677.15,681.45,1719000,681.45
2016-11-29,693.4,738.45,692,733,4423900,733
2016-11-30,737,755,734,739.5,3458200,739.5
2016-12-01,745,756,732.2,744.75,1871000,744.75
2016-12-02,735.75,737,688.8,697.7,2916900,697.7
2016-12-05,703.45,712.45,691.2,707.6,1689800,707.6
2016-12-06,709,726,708.25,716.5,1418800,716.5
2016-12-07,717.5,723.15,700.05,705.15,1421600,705.15
2016-12-08,713,730,710.1,720.8,1523900,720.8
2016-12-09,725.6,725.6,709.5,714.35,1106200,714.35
2016-12-12,715.25,717.4,682,692.25,1899800,692.25
2016-12-13,690.3,691,669,676.95,2510600,676.95
2016-12-14,680,685.4,651.2,653.3,2078200,653.3
2016-12-15,645,669.7,631.9,659.85,2797800,659.85
2016-12-16,665.9,666,636,641.25,1983600,641.25
2016-12-19,640,641.3,599,603.2,3051500,603.2
2016-12-20,598,604.75,550,580.5,14137100,580.5
2016-12-21,586,596.15,574.2,578.9,6206900,578.9
2016-12-22,572.05,574.95,552,554.2,5006900,554.2
2016-12-23,551,552.7,516.15,519.8,10954600,519.8
2016-12-26,519.05,519.65,472,480.15,8143900,480.15
2016-12-27,475.05,524.9,465.1,519.4,15223300,519.4
2016-12-28,534.9,579.6,531,573.35,18081900,573.35
2016-12-29,577.5,602.4,568.2,597.5,13550200,597.5
2016-12-30,603,618.5,583.15,587.9,11334300,587.9
2017-01-02,597,607.25,589.15,602.25,5526000,602.25
2017-01-03,607,623.4,589,621.25,7690300,621.25
2017-01-04,621.25,639.4,621,629.5,7271100,629.5
2017-01-05,634.75,643.8,628.2,637.55,4240000,637.55
2017-01-06,639.95,646.05,615.7,621.65,4309100,621.65
2017-01-09,624,628,610.45,619.8,2485300,619.8
2017-01-10,620.05,633.75,620,631.85,2759900,631.85
2017-01-11,636.8,660.75,636.1,656.85,4949400,656.85
2017-01-12,661,674.4,652.65,663,4210200,663
2017-01-13,667.5,670.95,646.7,653.9,2196000,653.9
2017-01-16,651.8,675,650,672.15,2677700,672.15
2017-01-17,677.95,680.05,666.5,675.65,2132500,675.65
2017-01-18,674,690.7,670.05,685.1,2427100,685.1
2017-01-19,681.1,686.4,674.2,679.25,1788600,679.25
2017-01-20,675,687,660.1,663.9,2310000,663.9
2017-01-23,666.9,676.2,657.4,669.7,2055300,669.7
2017-01-24,675.7,683.1,671.95,678.35,2159100,678.35
2017-01-25,698,764.4,691.05,749.15,13929400,749.15
2017-01-26,749.15,749.15,749.15,749.15,0,749.15
2017-01-27,745,764.8,738.2,742.75,3989100,742.75
2017-01-30,740,744.7,722.2,738.5,2439500,738.5
2017-01-31,741.4,761.9,733,735.85,3390100,735.85
2017-02-01,741.65,807.4,731.55,801.5,7756600,801.5
2017-02-02,805,853.5,793.3,823.7,14107700,823.7
2017-02-03,829.8,843.8,828,835.55,3464700,835.55
2017-02-06,843.1,845.15,819.05,824.95,2109100,824.95
2017-02-07,825,838.85,813.25,823.15,2647000,823.15
2017-02-08,829.25,829.25,798.7,818,2812900,818
2017-02-09,822.1,829.75,812,815.95,2370000,815.95
2017-02-10,820.7,826.4,811.4,816.85,1297000,816.85
2017-02-13,819.95,834,813.5,829.6,2280400,829.6
2017-02-14,834.25,841.95,827.6,836.95,1883400,836.95
2017-02-15,839.85,846.7,808.8,819.85,2462200,819.85
2017-02-16,822.5,839.9,813,836.75,1855200,836.75
2017-02-17,840.95,876.7,834,868.3,4722200,868.3
2017-02-20,871,878.45,861.5,871.35,2273700,871.35
2017-02-21,875.4,876.7,865.25,869.8,1788600,869.8
2017-02-22,874.15,874.15,853,863.15,1309100,863.15
2017-02-23,863.15,884.85,862.95,870.4,2709400,870.4
2017-02-24,870.4,870.4,870.4,870.4,0,870.4
2017-02-27,865.15,867.7,835.15,851.8,2602200,851.8
2017-02-28,852.9,860,841.1,843.85,1909400,843.85
2017-03-01,847.95,851.9,815.4,818.4,3071400,818.4
2017-03-02,825.9,829.8,757.45,794.8,9752600,794.8
2017-03-03,798,815.45,774.15,807.75,4376600,807.75
2017-03-06,818,825.3,796.6,802.5,2796600,802.5
2017-03-07,770,819.15,753.95,816.25,12237300,816.25
2017-03-08,815.7,859.95,808.15,851.8,11400800,851.8
2017-03-09,853,862.2,836.5,839.45,5463300,839.45
2017-03-10,840,859.7,822.25,828.65,6826600,828.65
2017-03-13,828.65,828.65,828.65,828.65,0,828.65
2017-03-14,850,850,809.3,811.9,4766500,811.9
2017-03-15,809,824.25,796.1,801.9,4101200,801.9
2017-03-16,812,813.8,798.6,805.1,4294100,805.1
2017-03-17,808.5,838.8,808.05,832.45,8661800,832.45
2017-03-20,834.7,838.8,820,826.2,2564300,826.2
2017-03-21,827.5,832,806.3,825.55,3391600,825.55
2017-03-22,824.7,832,802,805.85,3793200,805.85
2017-03-23,815,846,813.9,841.65,8690100,841.65
2017-03-24,845,852.7,832.3,844,3754700,844
2017-03-27,849.5,862,842.1,857.3,4101300,857.3
2017-03-28,870,876.8,790.9,835.65,11547900,835.65
2017-03-29,830.2,841.95,796,802.9,9445400,802.9
2017-03-30,808,828,803.1,807.3,9134500,807.3
2017-03-31,814.85,818.8,803.55,808.4,2781400,808.4
2017-04-03,815.95,823.8,810,818.3,2131900,818.3
2017-04-04,818.3,818.3,818.3,818.3,0,818.3
2017-04-05,810,810,785.6,796.95,5753900,796.95
2017-04-06,797,802.65,763.05,773.15,7461300,773.15
2017-04-07,766,807.4,760.8,788.85,8527300,788.85
2017-04-10,792.7,797.9,769,777.8,4442000,777.8
2017-04-11,777,784.35,764.25,767.35,3576800,767.35
2017-04-12,766.65,773.5,740,745.75,4724100,745.75
2017-04-13,748.75,775,734.4,771.9,5048600,771.9
2017-04-14,771.9,771.9,771.9,771.9,0,771.9
2017-04-17,775,776.9,756,761.25,2451400,761.25
2017-04-18,765,773.95,725.55,734.75,4147700,734.75
2017-04-19,738,762.1,720,748.15,6477500,748.15
2017-04-20,754,770,754,757.2,3353700,757.2
2017-04-21,763.25,768,743,748.4,2295200,748.4
