"Date","CASTROLIND.NS.Open","CASTROLIND.NS.High","CASTROLIND.NS.Low","CASTROLIND.NS.Close","CASTROLIND.NS.Volume","CASTROLIND.NS.Adjusted"
2015-01-01,502,507.7,498.1,499.9,99500,471.0648
2015-01-02,499.95,505,499.25,501.1,330500,472.1956
2015-01-05,509,509,501,502.35,392300,473.3735
2015-01-06,500,526,498.1,514.8,881400,485.1054
2015-01-07,518.9,525.8,518.85,521.25,710100,491.1833
2015-01-08,527.5,529.95,520,523.1,650400,492.9266
2015-01-09,525.2,527,508.15,509.6,440300,480.2053
2015-01-12,511.45,513.65,501.95,504.25,169400,475.1639
2015-01-13,505.1,518.7,502.55,510.5,1328500,481.0534
2015-01-14,510.2,513.85,504.15,505.4,273800,476.2476
2015-01-15,505,507.95,494,496.2,283700,467.5783
2015-01-16,497.55,511,496.25,507.5,428500,478.2265
2015-01-19,510,514.25,506.05,507.05,184100,477.8024
2015-01-20,505.1,508.25,498.8,499.5,211000,470.6879
2015-01-21,501,507.05,499,499.9,165800,471.0648
2015-01-22,498,504,496.5,498.05,254700,469.3215
2015-01-23,504,504,489.65,490.45,250200,462.1599
2015-01-26,490.45,490.45,490.45,490.45,0,462.1599
2015-01-27,493.5,496.5,486,489.25,482300,461.0292
2015-01-28,491,492.45,480.1,482.05,442700,454.2444
2015-01-29,486,489,478,480.45,392000,452.7368
2015-01-30,485,485.8,472,474.25,236500,446.8944
2015-02-02,476.45,481.9,469,470.5,188400,443.3607
2015-02-03,474.5,477.8,467.15,474.9,274900,447.5069
2015-02-04,477.85,477.85,468.15,469.75,167600,442.6539
2015-02-05,473.5,475.95,463.5,464.55,159700,437.7539
2015-02-06,465,483.9,462.65,481.95,304900,454.1502
2015-02-09,482.4,482.4,472.95,478.15,137200,450.5694
2015-02-10,477,484.6,474,477.15,411800,449.6271
2015-02-11,476.5,497.25,476.5,491.85,295400,463.4792
2015-02-12,494.8,501.85,493,496.45,304600,467.8139
2015-02-13,497.9,499.45,492,496.65,111700,468.0023
2015-02-16,498,498,482.15,483.35,144900,455.4695
2015-02-17,483.35,483.35,483.35,483.35,0,455.4695
2015-02-18,484.25,488,480.6,481.8,140900,454.0089
2015-02-19,482.05,485.5,477,479.1,94100,451.4646
2015-02-20,481.9,482.5,474.15,475.7,89300,448.2608
2015-02-23,477,484,475,476.7,121400,449.2031
2015-02-24,478.5,479,472.1,475.35,106700,447.9309
2015-02-25,477.4,478,469.1,469.9,127500,442.7953
2015-02-26,469.2,471,463,465,196300,438.1779
2015-02-27,465.15,465.45,460,462.35,206700,435.6808
2015-03-02,469,481.8,467.6,476.95,188400,449.4386
2015-03-03,481,485.5,480,484.8,188400,456.8358
2015-03-04,489,509,486,499.65,745300,470.8293
2015-03-05,500,518.35,497.4,500.15,620600,471.3004
2015-03-06,500.15,500.15,500.15,500.15,0,471.3004
2015-03-09,500.15,505,490.15,494.85,183500,466.3061
2015-03-10,495,496.4,482.7,485,85400,457.0243
2015-03-11,484.15,490,481.55,486.9,174600,458.8147
2015-03-12,485.95,487.95,481.75,483.3,187500,455.4223
2015-03-13,483,494,471.15,474.35,224800,446.9886
2015-03-16,477,477.05,470,470.8,123200,443.6434
2015-03-17,475,490.85,474,488.65,275600,460.4638
2015-03-18,490,495.5,482,485.2,494600,457.2128
2015-03-19,485.25,492.2,472.2,476.3,290800,448.8261
2015-03-20,478.45,485.9,471,480.55,148400,452.831
2015-03-23,482,482,473.25,477.3,100300,449.7684
2015-03-24,475.4,481.5,470.35,472.5,115600,445.2453
2015-03-25,473.8,474.6,469.5,471.6,55800,444.3972
2015-03-26,470.6,470.6,462,462.9,105800,436.1991
2015-03-27,462.15,467.35,459.35,464.05,184200,437.2827
2015-03-30,465.95,473,462.1,464.6,157500,437.801
2015-03-31,468.45,481.95,463.35,473.65,653800,446.329
2015-04-01,476,476.25,465.1,467.3,185800,440.3453
2015-04-02,467.3,467.3,467.3,467.3,0,440.3453
2015-04-03,467.3,467.3,467.3,467.3,0,440.3453
2015-04-06,470.8,473.85,465.2,469,128600,441.9472
2015-04-07,471,471,462.2,464.9,112200,438.0837
2015-04-08,467,473.9,464,470.35,189400,443.2193
2015-04-09,472.45,472.9,466.5,469.9,124500,442.7953
2015-04-10,470,477.1,467.3,469.25,177600,442.1828
2015-04-13,471.85,473.5,467.1,469.5,171200,442.4184
2015-04-14,469.5,469.5,469.5,469.5,0,442.4184
2015-04-15,471.5,476,467.4,468.55,213100,441.5232
2015-04-16,470,486.75,470,478.35,354300,450.7579
2015-04-17,480.4,489,474,476.25,443800,448.779
2015-04-20,477.5,479.45,469.75,472.5,166800,445.2453
2015-04-21,470,472.5,465.05,470.9,85300,443.7376
2015-04-22,471.5,474.8,466,468.05,242400,441.052
2015-04-23,470,472.95,466.1,468,108100,441.0049
2015-04-24,469,470.4,459.7,460.7,62300,434.126
2015-04-27,463.75,464.4,450.6,453.9,67300,427.7182
2015-04-28,453.25,467.95,452,458.15,156500,431.7231
2015-04-29,458,458.85,448,449.8,113800,423.8547
2015-04-30,448,449.75,439,443.05,161700,417.494
2015-05-01,443.05,443.05,443.05,443.05,0,417.494
2015-05-04,444.75,455.85,444.7,453.9,61600,427.7182
2015-05-05,454.95,477.4,453.45,472.75,167600,449.4416
2015-05-06,471,472.9,451.65,453.25,238900,434.5801
2015-05-07,453.5,457.4,439.7,444.4,120300,426.0946
2015-05-08,449.5,454,447.5,451.35,114800,432.7583
2015-05-11,452.5,461.85,452.5,459.35,58700,440.4288
2015-05-12,461.7,481.75,460.25,479,277900,459.2694
2015-05-13,483,489.65,470.35,478.3,248200,458.5982
2015-05-14,478,491.8,473.05,482.05,717100,462.1938
2015-05-15,483.95,483.95,460.6,463.7,219100,444.5996
2015-05-18,463.7,467.85,461.3,465.65,60100,446.4693
2015-05-19,465.8,470,458.9,459.65,75400,440.7164
2015-05-20,460.75,463.7,457,458.05,44800,439.1823
2015-05-21,458.5,462.85,456.05,457.9,54300,439.0385
2015-05-22,459.95,462.8,452,453.05,76800,434.3883
2015-05-25,455,459.9,452,454.4,56800,435.6827
2015-05-26,456,458.8,451.35,456.15,51500,437.3606
2015-05-27,453.65,470,453.3,468.75,141200,449.4416
2015-05-28,471.9,475,467.25,471.45,146000,452.0304
2015-05-29,473.05,491.5,473.05,481.95,435900,462.0979
2015-06-01,481,481.95,470.6,472.15,140000,452.7016
2015-06-02,471.5,474.25,456.4,460.25,125500,441.2917
2015-06-03,460.9,460.9,442,445.9,191600,427.5328
2015-06-04,448.85,450.85,436,440.4,128300,422.2594
2015-06-05,439.9,443.5,437.5,439.15,94100,421.0609
2015-06-08,439.15,441.95,427,428.7,123300,411.0413
2015-06-09,428.5,439.5,425.45,435.65,102600,417.705
2015-06-10,435.2,444.75,435,438.15,118200,420.1021
2015-06-11,440.8,441.9,425.75,427.3,149000,409.699
2015-06-12,427.05,432,423.1,426.85,117300,409.2675
2015-06-15,426.75,434,425.85,432.1,129400,414.3013
2015-06-16,431.85,432.1,427.1,431,310400,413.2466
2015-06-17,434.8,444,431.05,440.8,128800,422.6429
2015-06-18,440.55,453.95,440.55,450.75,162700,432.1831
2015-06-19,453.35,453.8,442.35,444.8,133500,426.4781
2015-06-22,445,451.65,445,449.25,114200,430.7448
2015-06-23,449.25,457.5,449,449.65,259900,431.1284
2015-06-24,450.85,450.85,437.1,442.4,506300,424.177
2015-06-25,441,446.25,439.45,442.35,569600,424.1291
2015-06-26,442.85,442.85,432.5,433.9,129300,416.0271
2015-06-29,429.4,429.4,415.35,428,98500,410.3702
2015-06-30,428.85,436.85,423.85,433.65,232900,415.7874
2015-07-01,436.75,437.3,430,435,228500,417.0818
2015-07-02,435.95,440,430.1,432.2,215000,414.3972
2015-07-03,432,439,432,434.5,107500,416.6024
2015-07-06,434.8,444.8,427.15,441.9,298400,423.6976
2015-07-07,443.3,463.3,443.3,457.2,440100,438.3674
2015-07-08,456.9,467.4,451.45,459.7,407000,440.7644
2015-07-09,461.85,463.85,451.3,452.65,171600,434.0048
2015-07-10,455.7,456.9,447.75,455.65,136100,436.8812
2015-07-13,458.85,466,456.05,463.15,240000,444.0723
2015-07-14,467.85,473.4,464.55,468.1,316400,448.8184
2015-07-15,467.4,476.95,467.4,471.85,188200,452.4139
2015-07-16,474.9,489.9,474.7,481.35,699000,461.5226
2015-07-17,485.4,488,480,481.3,205100,461.4747
2015-07-20,483.75,494.9,479.25,486.8,393200,466.7481
2015-07-21,487.9,499,485.05,487.3,422500,467.2275
2015-07-22,489,500,486,496.4,531700,475.9527
2015-07-23,498.4,507.5,495.7,498.1,662000,477.5827
2015-07-24,500.85,504,489.5,490.95,303000,470.7272
2015-07-27,489.95,495.5,477.35,486.05,213500,466.029
2015-07-28,487.8,495.05,487,490.45,243900,470.2478
2015-07-29,494.9,507.5,490.55,505.25,1073600,484.4381
2015-07-30,509.95,513.8,497.75,501.5,644800,480.8426
2015-07-31,505.85,508.25,490,491.15,331900,470.9189
2015-08-03,493,500,491,497.15,309100,476.6718
2015-08-04,496.25,503,492,494.2,421300,473.8433
2015-08-05,496.1,501.6,494,495.65,263700,475.2336
2015-08-06,495,497.3,485.75,490.1,171700,473.7353
2015-08-07,494.55,499.85,490.05,493.9,281500,477.4084
2015-08-10,493.9,508.65,489.25,493.6,760600,477.1185
2015-08-11,497.65,499.95,487.2,490.9,236900,474.5086
2015-08-12,490,491.8,474.55,475.85,346000,459.9612
2015-08-13,479.35,484,471.2,479.65,284500,463.6343
2015-08-14,482,489.5,480,487.45,236400,471.1738
2015-08-17,490.85,493.8,484,490.6,142800,474.2186
2015-08-18,491.15,493.8,475.5,477.7,211900,461.7494
2015-08-19,478.7,483,473.05,479.65,102000,463.6343
2015-08-20,482.5,489.85,471.7,472.9,254000,457.1096
2015-08-21,471.2,476,464.95,474.75,274600,458.8979
2015-08-24,464.4,468,430,437.75,381800,423.1333
2015-08-25,440.5,459,435,455.55,529000,440.339
2015-08-26,451,455.9,441.4,443.2,191800,428.4014
2015-08-27,449.8,452.8,442.25,446.1,518400,431.2045
2015-08-28,449,450,439,442.2,271400,427.4347
2015-08-31,447.4,447.4,429.15,430.3,284600,415.9321
2015-09-01,430,430,415,417.05,279400,403.1245
2015-09-02,422.5,425.55,415.6,418,256900,404.0428
2015-09-03,420.75,430.8,418.55,428.75,219000,414.4338
2015-09-04,432.9,433.1,420.05,425.55,227700,411.3407
2015-09-07,428,429.4,419.7,422.85,148500,408.7308
2015-09-08,422.85,429,418.8,425.9,198300,411.679
2015-09-09,428,442,427.15,437.9,286300,423.2783
2015-09-10,437.5,437.5,425.9,435.05,189400,420.5235
2015-09-11,439.4,439.4,433.8,436.85,101400,422.2634
2015-09-14,437.4,440,435,437.2,59100,422.6017
2015-09-15,439.85,439.85,433.2,435.95,187600,421.3934
2015-09-16,437,438.45,430.3,432.35,177900,417.9136
2015-09-17,432.35,432.35,432.35,432.35,0,417.9136
2015-09-18,432.9,440.9,432.65,438.25,164100,423.6166
2015-09-21,435,438.45,432.05,437.05,115300,422.4567
2015-09-22,439,444.8,435.4,441.2,295100,426.4681
2015-09-23,436.5,445.85,436.5,442.3,133200,427.5314
2015-09-24,443.85,444.8,435,438.25,303700,423.6166
2015-09-25,438.25,438.25,438.25,438.25,0,423.6166
2015-09-28,437.9,439,431.5,437.8,118300,423.1816
2015-09-29,436,436.5,431,435.3,124100,420.7651
2015-09-30,436.85,447.25,436.2,442.55,204300,427.773
2015-10-01,443.1,453,443.1,450.05,115500,435.0226
2015-10-02,450.05,450.05,450.05,450.05,0,435.0226
2015-10-05,451.25,454.45,448.5,450.1,95300,435.071
2015-10-06,451.25,453.95,447.5,450.9,80500,435.8442
2015-10-07,450.5,457.8,448.3,455.6,135400,440.3873
2015-10-08,455,457.8,447.6,450.05,92800,435.0226
2015-10-09,452.2,454.5,441.45,444.45,153900,429.6096
2015-10-12,448.85,449,436.05,438.15,118600,423.52
2015-10-13,438.65,439.1,433.15,434.45,180800,419.9435
2015-10-14,433.45,438,432.5,434.6,95600,420.0885
2015-10-15,436.85,439.85,433.9,436.05,146300,421.4901
2015-10-16,437.95,438.5,433.2,436.25,136800,421.6834
2015-10-19,437.8,439.5,434.1,437.4,112900,422.795
2015-10-20,438.4,450.9,438.4,446.85,336300,431.9295
2015-10-21,447,472.5,446.2,470.2,827100,454.4998
2015-10-22,470.2,470.2,470.2,470.2,0,454.4998
2015-10-23,473.8,474.35,461.05,464.05,304100,448.5551
2015-10-26,468.8,472.7,457.5,466.4,252800,450.8267
2015-10-27,465,469.55,461.25,462.9,131400,447.4435
2015-10-28,463,468,456.7,459.95,145300,444.5921
2015-10-29,459.25,463.5,457.5,459.25,180400,443.9154
2015-10-30,458.1,473,457.25,463,300300,447.5402
2015-11-02,463.3,464.35,451,453,249500,437.8741
2015-11-03,449.9,459.2,446.3,456.2,217200,440.9673
2015-11-04,456.3,462,452.4,453.75,133000,438.5991
2015-11-05,452.2,458.9,450.75,454.05,127900,438.889
2015-11-06,452,454,442.15,445.1,196400,430.2379
2015-11-09,439.55,443.75,435.45,441.6,207700,426.8548
2015-11-10,440.05,446.95,438.5,440,179900,425.3082
2015-11-11,440,440,440,440,0,425.3082
2015-11-12,440,440,440,440,0,425.3082
2015-11-13,442,443.2,435.2,436.4,289600,421.8284
2015-11-16,435,438.5,432.15,435.3,154100,420.7651
2015-11-17,435.3,442.9,435.3,441.45,165100,426.7098
2015-11-18,442,443.3,438.3,439.55,105800,424.8732
2015-11-19,440.15,446.5,439.55,443.8,102500,428.9813
2015-11-20,443.6,448,439.4,441.85,475600,427.0964
2015-11-23,442.5,445,439.3,439.9,97400,425.2115
2015-11-24,439.9,442.2,434.5,435.5,169400,420.9585
2015-11-25,435.5,435.5,435.5,435.5,0,420.9585
2015-11-26,436.65,439.9,426.25,429.2,878200,414.8688
2015-11-27,429.05,437.9,426.55,436.55,530000,421.9734
2015-11-30,438.8,444.2,436.6,441.5,190700,426.7581
2015-12-01,441.5,448.35,440,446,235200,431.1079
2015-12-02,446.45,446.45,440.35,443.45,160600,428.643
2015-12-03,442.9,455.95,442.1,450.65,565900,435.6026
2015-12-04,449.35,454.55,441.9,442.95,223900,428.1597
2015-12-07,444.35,447.9,438.5,439.5,126800,424.8249
2015-12-08,438.45,442.85,431.3,433.05,169300,418.5902
2015-12-09,434,435.55,415.85,419.7,212000,405.686
2015-12-10,420,425.5,418.3,424.1,130700,409.9391
2015-12-11,425,426.45,415,416.05,131800,402.1579
2015-12-14,416,428.8,415.05,427.45,187400,413.1773
2015-12-15,426.1,433.5,425.1,431.2,107000,416.802
2015-12-16,432.1,434,427,427.85,97100,413.5639
2015-12-17,429.95,435.45,427.9,434.3,105000,419.7985
2015-12-18,434,435.05,427.95,429.75,203400,415.4004
2015-12-21,429,439.25,428.55,437.1,191800,422.505
2015-12-22,438.1,442.7,434.4,441.25,371400,426.5165
2015-12-23,442.9,444,437.4,439.9,231700,425.2115
2015-12-24,442,445.45,440.1,442.9,163000,428.1114
2015-12-25,442.9,442.9,442.9,442.9,0,428.1114
2015-12-28,444,444,438.3,440.3,147400,425.5982
2015-12-29,440.05,442.75,439,440.25,84100,425.5498
2015-12-30,442.45,452,441.1,443.7,386300,428.8847
2015-12-31,443.95,448.25,440.05,441.35,291800,426.6131
2016-01-01,441,450.3,441,448.7,173700,433.7177
2016-01-04,446.5,450.7,435.5,440.35,314600,425.6465
2016-01-05,442.95,449.3,437.65,446.8,318000,431.8811
2016-01-06,447.75,449.45,439.2,441.35,109700,426.6131
2016-01-07,438.1,439.55,430.5,434.8,214400,420.2818
2016-01-08,435.3,440,434.9,437.4,151400,422.795
2016-01-11,434.7,440.55,432.4,437.55,130200,422.94
2016-01-12,439.95,443.85,437.5,441.6,224000,426.8548
2016-01-13,444.8,448,427.2,435.1,476600,420.5718
2016-01-14,434,434.6,428.5,433.4,260000,418.9286
2016-01-15,433.55,437,426.8,430,293900,415.6421
2016-01-18,429,429,416.35,418.3,207500,404.3328
2016-01-19,419,420.85,407.85,419.1,323700,405.1061
2016-01-20,418,418,402,408.7,437200,395.0533
2016-01-21,412.2,415.5,408,409.1,104200,395.44
2016-01-22,412,423.8,410.05,417.9,162400,403.9461
2016-01-25,419.95,425.65,418.05,421.95,96000,407.8609
2016-01-26,421.95,421.95,421.95,421.95,0,407.8609
2016-01-27,421.4,429.25,418.2,426.25,226800,412.0173
2016-01-28,425.8,427.6,414.2,417,282700,403.0762
2016-01-29,416,421.6,414.75,420.15,126900,406.121
2016-02-01,423,423.45,413.05,415.5,192300,401.6263
2016-02-02,416.4,419.8,409.05,410.2,138200,396.5032
2016-02-03,410.2,410.2,404.65,408.25,102100,394.6183
2016-02-04,409,413.4,405.7,409.85,68100,396.1649
2016-02-05,411,413.65,407,412.25,95100,398.4848
2016-02-08,411.8,414.25,407.75,409.65,79200,395.9716
2016-02-09,409,412.4,403.15,408.85,148600,395.1983
2016-02-10,408.25,411.9,403.3,407.75,138000,394.135
2016-02-11,409.9,409.9,380.15,386.55,233500,373.6429
2016-02-12,389,397.55,370,389.1,258500,376.1078
2016-02-15,395,406.25,393.1,399.2,114600,385.8705
2016-02-16,400,403.6,390.15,391.95,65700,378.8626
2016-02-17,392.5,397.7,383.45,396.5,87000,383.2607
2016-02-18,397.7,402.8,392,394.65,101700,381.4724
2016-02-19,396,396,386.35,389.55,136600,376.5427
2016-02-22,392,409,389.1,406.9,230600,393.3134
2016-02-23,409.95,411.6,402.6,405.85,169200,392.2985
2016-02-24,408.75,410.85,404.1,408.2,213700,394.57
2016-02-25,407.2,407.2,374.15,376.3,832200,363.7352
2016-02-26,378.15,382.4,367.5,371.2,343800,358.8055
2016-02-29,370,373.05,362.7,367.4,269800,355.1323
2016-03-01,369.5,373,360.85,364.55,437400,352.3775
2016-03-02,365.2,377,365.15,367.85,508200,355.5673
2016-03-03,369.4,373.05,366,367.8,280700,355.519
2016-03-04,368.9,373,363.6,365.2,515100,353.0058
2016-03-07,365.2,365.2,365.2,365.2,0,353.0058
2016-03-08,365.9,369.85,363.1,366.05,186000,353.8274
2016-03-09,365.9,369.65,361.45,368.1,143800,355.809
2016-03-10,366.5,378.35,365.6,376.8,499500,364.2185
2016-03-11,378.25,381.95,374.4,375.3,298000,362.7685
2016-03-14,377,378,371,372.25,146800,359.8204
2016-03-15,373.9,373.9,370,371.65,99900,359.2404
2016-03-16,372,376.3,369.45,374.25,188300,361.7536
2016-03-17,377.9,378.95,370.45,371.05,544500,358.6605
2016-03-18,371.5,373,368.6,372.15,204500,359.7237
2016-03-21,372.9,383,369.2,379.3,274300,366.635
2016-03-22,379.7,385.4,375.6,377.1,320200,364.5085
2016-03-23,376.8,380.7,373,374.85,160200,362.3336
2016-03-24,374.85,374.85,374.85,374.85,0,362.3336
2016-03-25,374.85,374.85,374.85,374.85,0,362.3336
2016-03-28,375,375.1,363.3,364.9,557300,352.7158
2016-03-29,366,377.5,362.6,371.8,336300,359.3854
2016-03-30,372.95,383.4,372.95,381.6,310900,368.8582
2016-03-31,381.9,387.4,372,374.15,507200,361.657
2016-04-01,374.9,381.4,373.6,376.7,254400,364.1218
2016-04-04,377,381.85,376.2,377,164900,364.4118
2016-04-05,376.7,379.8,373.5,374.9,110600,362.3819
2016-04-06,375.9,377.2,373.35,375.95,96800,363.3969
2016-04-07,375.95,376.95,374,375.25,76800,362.7202
2016-04-08,375.8,380,373,377.1,79600,364.5085
2016-04-11,377,380,376.15,379.1,62900,366.4417
2016-04-12,380.55,385,380,382.25,141300,369.4865
2016-04-13,385,387.9,379.35,380.35,306400,367.6499
2016-04-14,380.35,380.35,380.35,380.35,0,367.6499
2016-04-15,380.35,380.35,380.35,380.35,0,367.6499
2016-04-18,380,383,377.5,377.9,263400,365.2817
2016-04-19,377.9,377.9,377.9,377.9,0,365.2817
2016-04-20,377.9,379.95,376.2,376.95,509200,364.3635
2016-04-21,377,385.1,377,383.15,657100,370.3564
2016-04-22,384,396.65,381.8,392.75,1297100,379.6359
2016-04-25,396.5,400.9,392.95,395.9,675200,382.6807
2016-04-26,395.9,398.25,391.9,394.9,379600,381.7141
2016-04-27,390.4,397.8,388.1,389.6,336200,381.4204
2016-04-28,388.6,392.9,386.1,389.35,322800,381.1757
2016-04-29,389,398.3,387.75,396.3,400900,387.9797
2016-05-02,395,398.95,391.55,394.9,181500,386.6091
2016-05-03,398.4,401.5,394.6,397.25,387900,388.9098
2016-05-04,400,400.35,386,387.95,206600,379.8051
2016-05-05,389.4,414.3,386.1,411.75,3015600,403.1054
2016-05-06,414,419.3,405,413.35,1603200,404.6718
2016-05-09,416.6,421.8,410.95,420.35,636000,411.5248
2016-05-10,420.35,429.85,418.6,424.75,614800,415.8324
2016-05-11,423.9,429.5,418.55,424.1,403000,415.1961
2016-05-12,425.95,429.9,424.25,428.5,276500,419.5037
2016-05-13,425.45,432.7,421.1,422.9,145800,414.0213
2016-05-16,422.95,424.4,412.1,415.45,276700,406.7277
2016-05-17,415.55,418.45,395,396.5,999400,388.1755
2016-05-18,395,400.8,383.5,385.25,1440200,377.1617
2016-05-19,372,383.3,367.25,375.3,8616900,367.4206
2016-05-20,378.45,381.8,372.3,374.25,1004100,366.3927
2016-05-23,374.25,376.6,369.05,370.3,761600,362.5256
2016-05-24,371,371.75,363.7,365.6,745800,357.9243
2016-05-25,367.1,374.7,366.35,372.4,654100,364.5815
2016-05-26,374,379.5,369.05,375.7,5860300,367.8122
2016-05-27,376.15,382.85,375,376.75,1375500,368.8402
2016-05-30,376.05,379.45,372.8,376.3,757900,368.3996
2016-05-31,375.05,379.65,373.65,374.95,421000,367.078
2016-06-01,375.15,377.1,371.65,374.2,670300,366.3437
2016-06-02,375,376.2,371.05,372.95,426800,365.12
2016-06-03,376.85,384.8,375,379.05,1375700,371.0919
2016-06-06,381.5,388.35,379.1,385.75,1142300,377.6512
2016-06-07,389.8,390.6,382.9,385,960400,376.917
2016-06-08,383.6,389.7,381,387.9,651200,379.7561
2016-06-09,388.25,391.5,383.85,388.5,430300,380.3435
2016-06-10,389.6,390.3,383.5,384.45,579200,376.3785
2016-06-13,382.5,384,380.25,382.9,332800,374.8611
2016-06-14,383.1,384.35,374.2,375.15,821100,367.2738
2016-06-15,374.1,378.4,372.6,375.1,1153000,367.2248
2016-06-16,376.8,376.8,370.5,373.6,374900,365.7563
2016-06-17,374.3,379.15,372.85,373.2,402400,365.3647
2016-06-20,373.2,376.1,371.05,374.15,416000,366.2948
2016-06-21,373.9,377.5,373.5,376.6,189400,368.6933
2016-06-22,377.25,381.5,374.15,374.75,422000,366.8822
2016-06-23,376,378.5,373.5,374.15,289700,366.2948
2016-06-24,369.8,371.5,361.35,369.65,1139600,361.8893
2016-06-27,369.7,375.55,369,372.25,537600,364.4347
2016-06-28,373.9,377.45,372.95,374.6,417400,366.7353
2016-06-29,375.8,379.8,374.25,378.35,398200,370.4066
2016-06-30,381,383.8,377.3,379,1039900,371.043
2016-07-01,379,397,379,393.65,957000,385.3854
2016-07-04,395.4,402.6,395,398.85,706400,390.4762
2016-07-05,397.6,406,395,403.25,797200,394.7838
2016-07-06,403.25,403.25,403.25,403.25,0,394.7838
2016-07-07,404,410.5,404,405.35,987400,396.8397
2016-07-08,405.9,405.9,398.1,400.45,326400,392.0426
2016-07-11,404.7,404.95,401.2,402.8,484100,394.3433
2016-07-12,403,408,403,404.9,385200,396.3992
2016-07-13,408,409.85,400,401.85,492500,393.4132
2016-07-14,402,406.85,401.15,402.25,192800,393.8048
2016-07-15,403.85,406.65,400,402.25,293400,393.8048
2016-07-18,403.85,413.6,401.45,405.05,590100,396.546
2016-07-19,409,412.95,405.55,408.25,566200,399.6789
2016-07-20,409,416.45,409,413.95,616400,405.2592
2016-07-21,417,419.9,410,411.15,466200,402.518
2016-07-22,415,417.4,411.95,413.75,824500,405.0634
2016-07-25,415,416.05,410.45,412.4,673100,403.7417
2016-07-26,414.85,418.2,408.6,410.75,654400,402.1264
2016-07-27,412,423.7,412,418.95,1200000,410.1542
2016-07-28,423,453.9,417,435.95,3873100,426.7973
2016-07-29,437,446.65,435,442.4,1188000,433.1119
2016-08-01,448,449.9,436.65,441.9,1905200,432.6224
2016-08-02,441.9,442,425.45,429.05,1125400,420.0422
2016-08-03,430,438.15,426,428.45,851300,419.4548
2016-08-04,431,432.8,421.1,424.3,1151600,415.3919
2016-08-05,420,428.5,414.8,421.65,1648900,417.2224
2016-08-08,423.05,424.3,415.7,417.4,1183900,413.0171
2016-08-09,421.25,421.9,415.25,418.2,836500,413.8087
2016-08-10,421.6,423,400.1,405.05,1998400,400.7967
2016-08-11,406,409.7,400,405.7,925900,401.4399
2016-08-12,406.5,410.5,404.15,408.3,735100,404.0126
2016-08-15,408.3,408.3,408.3,408.3,0,404.0126
2016-08-16,408,417.75,404.15,413.45,966500,409.1086
2016-08-17,414.8,417.7,411.1,412.35,591200,408.0201
2016-08-18,414,417.25,403,405.1,1385400,400.8462
2016-08-19,399,410.85,396.4,406.1,1835100,401.8357
2016-08-22,405,424.8,404.95,416.9,2363500,412.5223
2016-08-23,414,419.7,411,416.8,1266900,412.4234
2016-08-24,404.2,428.5,404.2,425.65,5264200,421.1804
2016-08-25,428.4,435.65,423.85,425.75,2665300,421.2794
2016-08-26,427.4,436.55,421.55,426.55,1306300,422.071
2016-08-29,429.4,430,424.2,425.75,424700,421.2794
2016-08-30,427.45,430,426,426.7,514800,422.2194
2016-08-31,427.35,451.3,427.35,447.05,2390900,442.3557
2016-09-01,448,474.4,448,463.5,3064000,458.633
2016-09-02,465.95,470.7,457.2,459.95,1039400,455.1203
2016-09-05,459.95,459.95,459.95,459.95,0,455.1203
2016-09-06,462.9,474.9,462.9,473.15,1001900,468.1817
2016-09-07,473.5,473.5,466.55,467.4,860600,462.492
2016-09-08,469,471.5,463.5,469.65,761700,464.7184
2016-09-09,471.5,478.65,464,471.2,1130300,466.2522
2016-09-12,470.95,472.5,456.15,464.5,1468800,459.6225
2016-09-13,464.5,464.5,464.5,464.5,0,459.6225
2016-09-14,463.7,464.2,440.05,444.65,1109900,439.9809
2016-09-15,442,447.65,436.6,439.7,587500,435.0829
2016-09-16,446,448.15,438,442.2,713700,437.5567
2016-09-19,442,442,420.05,422.55,2772700,418.113
2016-09-20,433.45,485.9,433.45,462.45,20565400,457.594
2016-09-21,463.4,464.9,454.9,458.3,3244200,453.4876
2016-09-22,465,476,459.25,470.45,2835100,465.51
2016-09-23,470.5,478.1,466,472.1,1642500,467.1427
2016-09-26,471,483.95,465.1,466.9,2431100,461.9973
2016-09-27,469.9,478.8,468.05,471.25,1471100,466.3016
2016-09-28,474,479.5,472.25,474.15,1594400,469.1712
2016-09-29,475,479.7,453.85,456.25,4824300,451.4591
2016-09-30,460,476.6,456.25,474.95,1822400,469.9628
2016-10-03,478.7,490.35,477.1,486.75,2430200,481.6389
2016-10-04,489.4,489.4,481.2,484.95,918000,479.8578
2016-10-05,486.95,495.3,482.8,486.3,1625900,481.1936
2016-10-06,486.9,490.75,470,474,1041200,469.0227
2016-10-07,481,485.9,473.2,481.65,1275600,476.5924
2016-10-10,482.05,484.65,472.55,474.55,655100,469.567
2016-10-11,474.55,474.55,474.55,474.55,0,469.567
2016-10-12,474.55,474.55,474.55,474.55,0,469.567
2016-10-13,475,475.9,463,466.15,1238400,461.2552
2016-10-14,467.05,471.75,463.5,467.6,653400,462.6899
2016-10-17,469.85,469.85,460.85,462.55,540400,457.693
2016-10-18,466,475.9,464.1,473.45,641300,468.4785
2016-10-19,474,474.65,468.55,469.45,575700,464.5205
2016-10-20,470.9,478,470.05,472.3,1032800,467.3406
2016-10-21,472.9,473.7,463.8,467.35,460200,462.4426
2016-10-24,467.2,473,466.2,467.4,878100,462.492
2016-10-25,469.5,471,465.45,468.35,406900,463.4321
2016-10-26,469,472.6,464.95,470,535400,465.0647
2016-10-27,470.2,471.65,456,457.65,1890600,452.8444
2016-10-28,447.05,463,443.25,458.4,2276300,453.5865
2016-10-31,458.4,458.4,458.4,458.4,0,453.5865
2016-11-01,458,460.85,450.05,452.15,477500,447.4022
2016-11-02,449.8,449.8,432.5,434.8,1264600,430.2343
2016-11-03,435.9,441,431.5,433.5,446200,428.948
2016-11-04,433.9,436.8,420.55,430,1623300,425.4848
2016-11-07,433,439.85,431.5,434.35,868700,429.7891
2016-11-08,436.6,438.85,430,434.4,375800,429.8386
2016-11-09,419.35,438,391.55,434.65,1560400,430.0859
2016-11-10,438.95,445.75,431,432.7,1077300,428.1564
2016-11-11,429.7,430.55,417,419.7,752200,415.2929
2016-11-14,419.7,419.7,419.7,419.7,0,415.2929
2016-11-15,420,421.05,393.2,405.55,1756700,401.2915
2016-11-16,409,409.5,395,398.3,1560700,394.1176
2016-11-17,397.8,404.35,392.4,401.05,539100,396.8387
2016-11-18,398.35,401.55,388.2,391,1254100,386.8943
2016-11-21,392.55,394.9,382.05,385.6,843400,381.551
2016-11-22,388,392.35,383.1,386.3,865300,382.2436
2016-11-23,389.85,395,386.65,393.25,393800,389.1207
2016-11-24,393,393.2,382.4,384.7,1486400,380.6605
2016-11-25,387.5,400.55,385.2,397.75,1291400,393.5734
2016-11-28,397.3,399.3,393.35,395.4,1178100,391.2481
2016-11-29,396,405.75,394.55,401.85,1292900,397.6304
2016-11-30,404.85,411.1,402.1,407.65,1565800,403.3694
2016-12-01,407,408.3,396.35,397.7,479600,393.5239
2016-12-02,396.25,396.8,390.3,393.3,368900,389.1701
2016-12-05,393.4,400.95,391.3,397.9,619300,393.7218
2016-12-06,397,402.1,395.65,398,354800,393.8208
2016-12-07,400,401.5,395.8,398.1,288700,393.9197
2016-12-08,398.7,406.25,398.7,403.65,261400,399.4114
2016-12-09,405.5,408.95,400.2,400.95,342900,396.7398
2016-12-12,404,404,392.25,393.15,306000,389.0217
2016-12-13,394.05,398.4,387.6,388.75,436500,384.6679
2016-12-14,389.9,391.5,382.1,383.1,1065000,379.0772
2016-12-15,380,384.4,375,376.05,1311900,372.1013
2016-12-16,375.3,376.55,370.05,371.15,1193400,367.2527
2016-12-19,372.5,376.8,371,374.9,514300,370.9633
2016-12-20,376.4,377,370.15,370.9,330700,367.0053
2016-12-21,372.35,374.55,370.6,371.8,273800,367.8959
2016-12-22,371.85,371.85,362.15,362.9,614100,359.0893
2016-12-23,363.1,369.6,362.2,366.55,515700,362.701
2016-12-26,366,366.05,356.15,358,580400,354.2408
2016-12-27,359.4,368.8,353.2,367,868700,363.1463
2016-12-28,369.9,375.65,368.5,374.25,1545300,370.3202
2016-12-29,375,379.25,373.95,377.6,1120300,373.635
2016-12-30,378.2,385,378.2,380.65,505100,376.653
2017-01-02,380.45,387,379,385.5,259000,381.452
2017-01-03,386.9,389,384.45,385.7,368200,381.6499
2017-01-04,386.9,388,382.3,386.05,357200,381.9963
2017-01-05,387.45,395.45,386.45,391.5,644700,387.389
2017-01-06,392.9,394.05,389.15,390.2,354200,386.1027
2017-01-09,390.45,391.6,385.35,389.2,262200,385.1132
2017-01-10,389.3,391.25,387.05,389.05,338300,384.9647
2017-01-11,389.6,392.9,389.4,392.1,394900,387.9827
2017-01-12,392.85,398.25,390.1,396.9,1055600,392.7323
2017-01-13,398.45,400.8,393.5,395.65,393400,391.4955
2017-01-16,396.3,400.05,393.2,398.35,610300,394.1671
2017-01-17,397.05,401.65,393.85,395.8,310400,391.6439
2017-01-18,395.95,397,392.5,395.05,672900,390.9017
2017-01-19,393.75,407.7,393.75,406.55,689200,402.281
2017-01-20,407,408.55,391.1,393.15,529100,389.0217
2017-01-23,393,399.75,393,395.8,315600,391.6439
2017-01-24,398.7,404.45,396.75,401.95,726500,397.7293
2017-01-25,404.2,405.9,397.5,399.65,705800,395.4534
2017-01-26,399.65,399.65,399.65,399.65,0,395.4534
2017-01-27,401.1,405.9,398.45,400.15,476900,395.9482
2017-01-30,401.8,414.5,401,413.15,894500,408.8117
2017-01-31,415.85,417.75,403.5,405.25,1046900,400.9947
2017-02-01,405.85,412,405.15,408.15,621100,403.8642
2017-02-02,409,417.45,408,415.85,776400,411.4834
2017-02-03,416.3,420.4,412.25,418.35,714200,413.9571
2017-02-06,418.25,426.95,415.35,422.5,853900,418.0635
2017-02-07,421,424.8,414,415.5,330900,411.137
2017-02-08,416.85,422.8,411.85,419.6,604900,415.194
2017-02-09,421.6,423.65,416.35,418.35,341800,413.9571
2017-02-10,419.8,420.85,416.25,417.75,249000,413.3634
2017-02-13,419.45,420.85,412.6,415.2,518400,410.8402
2017-02-14,414.25,417.7,410.1,416.15,372300,411.7802
2017-02-15,416.5,419.85,411.1,413.4,768300,409.0591
2017-02-16,412.4,417.9,407.4,416.35,544000,411.9781
2017-02-17,419.95,434.8,418,432.6,1443600,428.0575
2017-02-20,434,438.8,430,431.4,948900,426.8701
2017-02-21,433,435.85,430.1,433.05,1591100,428.5027
2017-02-22,430,434,421.25,424.05,1794400,419.5972
2017-02-23,425.5,426.7,415.85,417.1,1522600,412.7202
2017-02-24,417.1,417.1,417.1,417.1,0,412.7202
2017-02-27,418,422.35,414,415.55,689300,411.1865
2017-02-28,417.9,418.8,406,407,816200,402.7263
2017-03-01,409.7,415.5,408,410.15,834000,405.8432
2017-03-02,413,415.3,403.55,404.95,548600,400.6978
2017-03-03,405.45,409.75,402.6,408.2,253800,403.9137
2017-03-06,408.35,415.85,407.1,412.4,835900,408.0696
2017-03-07,412.45,414.8,407.45,409.4,397400,405.1011
2017-03-08,411.4,411.8,407.05,408.45,292800,404.1611
2017-03-09,408,411.8,406.8,409.65,206500,405.3484
2017-03-10,411.15,412.4,405.55,406.55,195800,402.281
2017-03-13,406.55,406.55,406.55,406.55,0,402.281
2017-03-14,411,412.05,404.5,408.3,705600,404.0126
2017-03-15,409,423.1,408.5,415.95,1588100,411.5823
2017-03-16,418.1,423,417.7,422,637000,417.5688
2017-03-17,423.45,428,417.05,427,917400,422.5163
2017-03-20,427.95,427.95,420.85,421.7,391600,417.2719
2017-03-21,423.75,425,418.45,419.8,304700,415.3919
2017-03-22,418.45,418.45,413.05,414.5,345700,410.1475
2017-03-23,415.3,419.6,414.95,418.5,539600,414.1055
2017-03-24,419.8,423.95,418.25,419.5,541300,415.095
2017-03-27,419,421.25,415.2,416.3,238000,411.9286
2017-03-28,417.25,421.3,413.9,415.75,560500,411.3844
2017-03-29,416,424.75,416,422.55,1058600,418.113
2017-03-30,423.35,432.8,422.8,429.05,1837200,424.5447
2017-03-31,432,435.95,431.1,432.4,1164200,427.8596
2017-04-03,432.45,438,427.5,433.2,1049200,428.6512
2017-04-04,433.2,433.2,433.2,433.2,0,428.6512
2017-04-05,432,435.45,427,427.9,794600,423.4068
2017-04-06,427,430.3,423.9,426.6,369800,422.1205
2017-04-07,423.55,428,422.25,423.3,991200,418.8551
2017-04-10,424,440.35,423,432.85,2986900,428.3048
2017-04-11,434.55,437.4,432.5,434.65,538500,430.0859
2017-04-12,436.75,436.75,422.35,427.75,1384700,423.2584
2017-04-13,428.05,434.35,428.05,432.25,582000,427.7111
2017-04-14,432.25,432.25,432.25,432.25,0,427.7111
2017-04-17,432.3,432.3,426.6,428.45,449300,423.9511
2017-04-18,430.4,432.85,427,429.1,619500,424.5942
2017-04-19,431.8,437.9,430.35,434.9,1093700,430.3333
2017-04-20,436,436.1,430,430.85,693700,426.3258
2017-04-21,431.05,434.85,426.8,428.55,454100,424.05
