"Date","CENTURYTEX.NS.Open","CENTURYTEX.NS.High","CENTURYTEX.NS.Low","CENTURYTEX.NS.Close","CENTURYTEX.NS.Volume","CENTURYTEX.NS.Adjusted"
2015-01-01,524.25,528.45,518.4,524.4,354200,512.02
2015-01-02,526,540,525.5,533.35,550200,520.75
2015-01-05,530.6,541.2,528.95,535.85,408700,523.2
2015-01-06,530,533.55,511,514.5,516300,502.35
2015-01-07,512,519,498.2,512.85,638600,500.74
2015-01-08,520,536.05,516,533.25,489000,520.66
2015-01-09,536.95,538.4,523.2,527.8,628500,515.34
2015-01-12,526.8,549.8,521.55,543.35,471600,530.52
2015-01-13,545.05,559,541.15,549.25,1031100,536.28
2015-01-14,550.9,557,540,546.15,534800,533.25
2015-01-15,558.9,564.9,548.1,556.2,796500,543.06
2015-01-16,557.35,575.2,548.35,572.2,941900,558.69
2015-01-19,574,574.9,559,561.05,661900,547.8
2015-01-20,561.1,579.9,560.65,575.85,1281500,562.25
2015-01-21,579.4,579.4,559.1,564.25,679600,550.92
2015-01-22,564.5,569.45,555.6,564.75,480200,551.41
2015-01-23,569,571.9,557.15,564.25,678300,550.92
2015-01-26,564.25,564.25,564.25,564.25,0,550.92
2015-01-27,566.9,574.95,561.6,568.7,781200,555.27
2015-01-28,564,573.75,550.25,556.85,776600,543.7
2015-01-29,556.15,574.2,554.75,570.55,1009800,557.08
2015-01-30,573.55,586.6,567.45,574.25,926600,560.69
2015-02-02,573,589.6,570.1,577,832700,563.37
2015-02-03,582,583.4,551.6,557.95,869300,544.77
2015-02-04,560.3,560.8,527.2,531.55,2188300,519
2015-02-05,528,539.6,522,525,624800,512.6
2015-02-06,525.95,530.85,504.55,505.9,640800,493.95
2015-02-09,501.05,505,488.15,494.9,723300,483.21
2015-02-10,493.9,503.45,474.55,485.5,896300,474.03
2015-02-11,487,501.45,484,499.9,609800,488.09
2015-02-12,502,517.3,499.65,514.6,785500,502.45
2015-02-13,517.15,524.4,512,520.1,459400,507.82
2015-02-16,522.05,540,520,528.2,743900,515.73
2015-02-17,528.2,528.2,528.2,528.2,0,515.73
2015-02-18,530,538.95,520.8,535.6,498700,522.95
2015-02-19,536.45,542.5,518,527.4,522300,514.94
2015-02-20,529,532.5,520.55,523.8,501100,511.43
2015-02-23,525,528.3,506,509,678600,496.98
2015-02-24,508.9,512.85,487.3,491.1,713400,479.5
2015-02-25,491.55,499.5,479.5,481.9,693600,470.52
2015-02-26,483.45,507.4,480.05,497.65,1489900,485.9
2015-02-27,501.3,510.9,496.2,508.45,904900,496.44
2015-03-02,534.45,570.8,526.8,568.1,1672100,554.68
2015-03-03,566.55,567.95,548.6,556.4,698600,543.26
2015-03-04,560,580.15,542.3,547,1240200,534.08
2015-03-05,547.5,564.7,541.45,559.95,677000,546.73
2015-03-06,559.95,559.95,559.95,559.95,0,546.73
2015-03-09,556,557,528,530.05,919500,517.53
2015-03-10,532,559,529.3,552.2,1109100,539.16
2015-03-11,554.3,578.15,550,573.25,2220500,559.71
2015-03-12,575,594.85,574.2,589.85,2113700,575.92
2015-03-13,595.5,602.9,567.8,573.25,1588500,559.71
2015-03-16,576,603,571.1,598.75,1896000,584.61
2015-03-17,601.5,602.95,572.05,577.1,1929900,563.47
2015-03-18,575.8,586.25,571.1,576.95,939600,563.32
2015-03-19,581.1,593.6,556.2,563.55,1020700,550.24
2015-03-20,560,568.1,544.05,549.05,1265400,536.08
2015-03-23,555,578.6,555,564.45,2314800,551.12
2015-03-24,564,568.8,549.05,558.35,1053500,545.16
2015-03-25,565.05,575,565,567.8,945600,554.39
2015-03-26,566,582,559.2,578,1636500,564.35
2015-03-27,585,612.5,561,608.4,2612500,594.03
2015-03-30,624,641.5,614.2,638.9,2357100,623.81
2015-03-31,645.45,649.9,629.1,637.15,1656100,622.1
2015-04-01,633.6,682.4,631,675.35,3619400,659.4
2015-04-02,675.35,675.35,675.35,675.35,0,659.4
2015-04-03,675.35,675.35,675.35,675.35,0,659.4
2015-04-06,677.65,694.8,665.7,688.1,1909500,671.85
2015-04-07,689.5,731.9,680.2,725.65,3122600,708.51
2015-04-08,730.1,733,702,706.6,1299700,689.91
2015-04-09,710,712.5,691.15,697.5,1030800,681.03
2015-04-10,696.1,773.95,696.1,763.85,6512600,745.81
2015-04-13,772.15,793.4,763.2,785.65,3319800,767.1
2015-04-14,785.65,785.65,785.65,785.65,0,767.1
2015-04-15,780.6,784,742,749.55,1624600,731.85
2015-04-16,751.9,769,720.7,763.2,2812400,745.18
2015-04-17,763,770.9,692.4,708.6,2423600,691.87
2015-04-20,713,714.85,675.3,684,2137200,667.85
2015-04-21,683.05,729.1,682.7,714.8,3131200,697.92
2015-04-22,731,774.9,725.5,737.55,7518900,720.13
2015-04-23,738.9,748.9,726.25,734.15,1963100,716.81
2015-04-24,735.95,741.9,684,688.65,2132500,672.39
2015-04-27,688,696.8,636.2,647.05,1489000,631.77
2015-04-28,645,677.4,632.65,668.4,1745600,652.62
2015-04-29,674,716.45,670.65,709.25,2321700,692.5
2015-04-30,714,739.5,702.2,730.85,2459000,713.59
2015-05-01,730.85,730.85,730.85,730.85,0,713.59
2015-05-04,730,754.4,705.35,746.5,3040200,728.87
2015-05-05,745,745,698.05,708.3,4795100,691.57
2015-05-06,701.95,702.9,630.55,637.95,4562200,622.88
2015-05-07,628.4,660,604,615.75,3819700,601.21
2015-05-08,632,649,620.3,637.1,2374600,622.05
2015-05-11,650,658.5,639.45,653.25,1631100,637.82
2015-05-12,649,649,613.05,618.3,1442400,603.7
2015-05-13,623.4,634.9,615,625.15,1350100,610.39
2015-05-14,629.4,639.6,616,628.2,1218100,613.36
2015-05-15,631.8,641.2,625.05,628.05,955800,613.22
2015-05-18,629.4,634.3,618.2,625.65,884100,610.87
2015-05-19,620.2,639.65,620.1,633.3,1383400,618.34
2015-05-20,637.5,677.8,635.15,671.9,3761400,656.03
2015-05-21,675,686.95,660.75,668.3,1918900,652.52
2015-05-22,668.25,676.55,660.25,672.95,1222100,657.06
2015-05-25,676.45,677.5,647.8,651.1,1154100,635.72
2015-05-26,653,674.8,651.55,673.2,1405400,657.3
2015-05-27,665.95,672.9,655.2,668.2,891600,652.42
2015-05-28,670,674.45,656.25,663.5,1330300,647.83
2015-05-29,663.85,679,663.85,673.1,887100,657.2
2015-06-01,671.5,677.85,651.3,656.5,775400,641
2015-06-02,656,667.05,630,633.7,1116900,618.73
2015-06-03,638,638,573.5,604.25,1831500,589.98
2015-06-04,610,621,597,617.15,1233300,602.58
2015-06-05,618.6,619.5,607.7,610.6,804300,596.18
2015-06-08,613.55,615,592.15,597.15,816800,583.05
2015-06-09,599.85,604.15,589.15,594.1,854800,580.07
2015-06-10,593.9,617.75,592,613.05,1135700,598.57
2015-06-11,617.85,628,577.1,584.3,1613700,570.5
2015-06-12,584,609.85,580.5,602.75,1142400,588.52
2015-06-15,606,628,600.55,614.55,1202800,600.04
2015-06-16,613,666,610,661.6,2994600,645.98
2015-06-17,666.1,672,648,652.3,2376300,636.9
2015-06-18,648,667,648,661.35,1343900,645.73
2015-06-19,663,673,658.55,668.65,1053900,652.86
2015-06-22,668.1,686.5,662.05,677.8,1321900,661.79
2015-06-23,675.65,685,669.45,672.9,1015000,657.01
2015-06-24,673,679,650.1,655.45,865700,639.97
2015-06-25,656.1,685.7,651.1,680.95,2647500,664.87
2015-06-26,675.1,709.4,674.55,696.45,2542400,680
2015-06-29,680,691.8,661,688.55,1301900,672.29
2015-06-30,689.65,708.8,689,705.2,1492500,688.55
2015-07-01,714,719,707.2,711.4,1396900,694.6
2015-07-02,713,718,701.5,704.85,930800,688.2
2015-07-03,703,715.5,690.5,711.25,1070200,694.45
2015-07-06,703,729,700,726.1,1595700,708.95
2015-07-07,728.7,731.65,715.2,720.7,1129700,703.68
2015-07-08,715.95,721,692.35,699.25,1122700,682.74
2015-07-09,700.1,716.6,687,709.9,1398400,693.14
2015-07-10,715,722.5,709.2,713.6,794400,696.75
2015-07-13,715.5,724.55,705.1,721.7,863000,704.66
2015-07-14,723.6,729.6,715,718.6,695600,701.63
2015-07-15,715.9,722.05,709,713.5,708900,702.02
2015-07-16,713.25,730,712.1,725.15,777200,713.49
2015-07-17,729.95,740,720.15,726.5,1256100,714.81
2015-07-20,724,732,714,729.7,699800,717.96
2015-07-21,732.15,737.95,707.2,710.75,926900,699.32
2015-07-22,712,748.6,703.15,741.4,1344100,729.47
2015-07-23,743.95,744.9,718,727.4,941300,715.7
2015-07-24,725,738.85,716.2,719.4,1014300,707.83
2015-07-27,714,717.95,684,693.05,2493500,681.9
2015-07-28,688.25,697.75,651.25,655.95,1630900,645.4
2015-07-29,654,683.8,644,680.8,1559500,669.85
2015-07-30,685,704.9,676.15,700.65,1744300,689.38
2015-07-31,702.5,711,694,704.35,829000,693.02
2015-08-03,703.95,712,696.6,705.45,677200,694.1
2015-08-04,706.95,708.15,690.1,695.1,744700,683.92
2015-08-05,700,722.15,697.7,718.1,1139000,706.55
2015-08-06,719,727,711.5,716.1,797400,704.58
2015-08-07,716.95,727.35,714.15,717.45,689900,705.91
2015-08-10,715,725.5,702,708.9,528000,697.5
2015-08-11,708.95,709.9,675.6,679.2,991600,668.27
2015-08-12,676.05,688.8,663,668.65,937600,657.89
2015-08-13,674.7,685.9,652.85,661.35,662200,650.71
2015-08-14,667.9,692.95,665.1,689.95,759700,678.85
2015-08-17,692.95,693.95,673,676,481800,665.13
2015-08-18,676.95,713.6,676.95,709,1062800,697.6
2015-08-19,704.05,719,704.05,708.6,854100,697.2
2015-08-20,706.05,713.55,678.9,681.4,798000,670.44
2015-08-21,673.05,673.05,641.15,664.1,1262200,653.42
2015-08-24,638.9,638.9,537.85,553.7,1925600,544.79
2015-08-25,570,573.9,506.4,542.25,2698300,533.53
2015-08-26,542,562,522.1,552.05,1267200,543.17
2015-08-27,561,580.4,556.15,569.85,1735100,560.68
2015-08-28,579,586.8,547.05,556.4,1214200,547.45
2015-08-31,554,564.7,545,547.65,745900,538.84
2015-09-01,541.5,549.6,511.4,518.55,1243300,510.21
2015-09-02,525,537.3,514.1,526.95,1605000,518.47
2015-09-03,531.4,545.65,530.5,537,1003800,528.36
2015-09-04,533,535.5,495,503.75,1905500,495.65
2015-09-07,510,515.9,495,498.65,1671600,490.63
2015-09-08,502,518.9,486.9,512.15,1460600,503.91
2015-09-09,525,533,518.5,524.2,1179200,515.77
2015-09-10,508,510.75,493.65,505.05,1717700,496.93
2015-09-11,509,523,505.25,510.1,1720800,501.89
2015-09-14,518,531,511.5,528.6,1291400,520.1
2015-09-15,526.95,529.8,508.5,512.7,932400,504.45
2015-09-16,518.9,528,516,520.45,1198100,512.08
2015-09-17,520.45,520.45,520.45,520.45,0,512.08
2015-09-18,525,544.8,524.05,530,1183900,521.47
2015-09-21,525.05,544.9,518.5,542.95,1061800,534.22
2015-09-22,542.1,549,517.2,521.1,1093800,512.72
2015-09-23,514,530,509,525.05,1139100,516.6
2015-09-24,524,532.75,519.1,521.7,1052100,513.31
2015-09-25,521.7,521.7,521.7,521.7,0,513.31
2015-09-28,525.8,530.45,500,504.55,822600,496.43
2015-09-29,492.05,514.8,489,508.3,1206700,500.12
2015-09-30,512.1,521.85,510,517.6,1043300,509.27
2015-10-01,522.4,531,515.2,518.05,884400,509.72
2015-10-02,518.05,518.05,518.05,518.05,0,509.72
2015-10-05,523.3,534.8,522.1,529.2,796600,520.69
2015-10-06,532.95,535.4,524,530.65,616000,522.11
2015-10-07,525.5,544,525.5,534.75,992400,526.15
2015-10-08,536,538.8,505.65,517.1,1100000,508.78
2015-10-09,521.8,528.25,515,520,1093100,511.64
2015-10-12,523.6,533.75,521.85,529.9,815600,521.38
2015-10-13,529.4,539.85,527.5,536.55,790200,527.92
2015-10-14,537.3,560.4,534.95,553.1,1519900,544.2
2015-10-15,557.4,561,547.35,554.4,859500,545.48
2015-10-16,557,564.3,553.1,558.6,1045800,549.61
2015-10-19,563.4,563.4,553,561.2,796200,552.17
2015-10-20,560,569.5,555.1,561.8,818900,552.76
2015-10-21,564.65,572.4,547.4,553.25,1177300,544.35
2015-10-22,553.25,553.25,553.25,553.25,0,544.35
2015-10-23,558,558.9,539.3,543.2,832500,534.46
2015-10-26,545.95,549.2,529,531.75,794100,523.2
2015-10-27,524.5,549.5,522.6,544.9,964300,536.14
2015-10-28,544.9,550.6,537,543.15,609000,534.41
2015-10-29,543.3,560.8,541.3,548.35,1586500,539.53
2015-10-30,546.5,569.8,530.5,554.2,2806200,545.29
2015-11-02,553,557.4,532.5,539.85,815300,531.17
2015-11-03,543.8,552.85,540.5,544.5,952400,535.74
2015-11-04,550,554.4,542.9,550.35,850200,541.5
2015-11-05,552,552.3,521.35,526.75,678700,518.28
2015-11-06,527,531.5,512.2,516.3,956800,508
2015-11-09,502,526.8,496,524.25,790500,515.82
2015-11-10,524,524,508.1,511.3,753400,503.08
2015-11-11,514.95,518.65,514.35,516.65,71000,508.34
2015-11-12,516.65,516.65,516.65,516.65,0,508.34
2015-11-13,507,526.15,507,524.6,670700,516.16
2015-11-16,518,556.2,518,552.2,1331600,543.32
2015-11-17,558.8,569.65,552,564.8,1199600,555.71
2015-11-18,563.6,569.8,546,548.85,904800,540.02
2015-11-19,554.8,579.8,550,574.7,1306800,565.46
2015-11-20,579.3,583.65,572,574.2,1525100,564.96
2015-11-23,576,580.9,565.1,572.45,855300,563.24
2015-11-24,565,583.7,565,577.2,1100500,567.92
2015-11-25,577.2,577.2,577.2,577.2,0,567.92
2015-11-26,579.9,590.95,577.5,586.35,1492400,576.92
2015-11-27,588,593.55,580.2,582.25,955100,572.88
2015-11-30,582.25,591.5,582.25,585,690300,575.59
2015-12-01,585.05,588.7,574.5,576.5,674000,567.23
2015-12-02,577.95,581.7,567.65,579.25,583300,569.93
2015-12-03,578,585.8,570.6,573.15,782000,563.93
2015-12-04,570,572.65,560.75,565.95,745800,556.85
2015-12-07,568.2,578,568,575.75,498800,566.49
2015-12-08,570.5,582.3,548.15,554.35,890200,545.43
2015-12-09,552,556.5,531.7,537.85,889700,529.2
2015-12-10,541.3,546.5,531.25,543.35,806000,534.61
2015-12-11,547,551.6,523.55,531.1,939300,522.56
2015-12-14,532,546.1,526.55,544.05,802200,535.3
2015-12-15,546.3,547.8,539.35,544.85,601400,536.09
2015-12-16,549.3,566.7,543.25,562.95,1265200,553.89
2015-12-17,569.8,581.1,563.25,578.8,1240600,569.49
2015-12-18,580,585.7,565.6,572.7,1319800,563.49
2015-12-21,572,579.8,568.75,576.8,715100,567.52
2015-12-22,577.95,590.2,573.5,582.9,1185200,573.52
2015-12-23,585.85,590.3,578,579.95,932900,570.62
2015-12-24,584.7,602.5,580.2,600,1450300,590.35
2015-12-25,600,600,600,600,0,590.35
2015-12-28,601.2,609.5,593.85,597.7,1161200,588.09
2015-12-29,598,603.7,591.1,594.95,728800,585.38
2015-12-30,596.85,605.6,593,602.2,1280400,592.51
2015-12-31,603,605.95,593.9,596.7,813600,587.1
2016-01-01,597.85,619.5,597,615.8,1103000,605.89
2016-01-04,615.85,624.2,586.25,589.9,1433000,580.41
2016-01-05,594.3,601.8,582.55,597.4,1142900,587.79
2016-01-06,594.95,604.5,585,589.35,1070700,579.87
2016-01-07,584.5,584.5,560,562.2,938300,553.16
2016-01-08,565,574.95,564.1,567.9,707200,558.77
2016-01-11,560,576.9,555,572.1,653400,562.9
2016-01-12,575.4,579.55,560.25,564.05,785400,554.98
2016-01-13,569.95,573.8,532.65,556.4,1162900,547.45
2016-01-14,543.5,556.5,533.7,544.15,759800,535.4
2016-01-15,548,551,507,515.2,1004700,506.91
2016-01-18,511,519.75,492.15,500,1232900,491.96
2016-01-19,504.3,521.95,491.25,518.3,996400,509.96
2016-01-20,510,510,486.2,502.7,1155400,494.61
2016-01-21,513.95,515.9,496.4,503.05,947300,494.96
2016-01-22,511.8,523.5,507,522.1,788700,513.7
2016-01-25,525,534,517.5,521.4,615700,513.01
2016-01-26,521.4,521.4,521.4,521.4,0,513.01
2016-01-27,523,526.55,516,519.05,408300,510.7
2016-01-28,518,519.1,506.55,508.95,918700,500.76
2016-01-29,509,526.5,503.4,524.15,858100,515.72
2016-02-01,525.5,537.3,516.75,525.5,1669600,517.05
2016-02-02,533,537.5,500.8,503.1,1109300,495.01
2016-02-03,499.95,503.95,476.4,481.9,1249100,474.15
2016-02-04,482,488,465.15,477.95,1451500,470.26
2016-02-05,480,489.45,473.85,487.65,781400,479.81
2016-02-08,488,492.3,475,476.95,810600,469.28
2016-02-09,467.5,477.5,462.6,474.5,1284800,466.87
2016-02-10,469.25,474.55,453.4,464.65,942300,457.18
2016-02-11,459,467.25,423,436.25,1074800,429.23
2016-02-12,436.6,444.35,410.1,434.55,1414600,427.56
2016-02-15,439.95,460.4,439.95,451.5,810200,444.24
2016-02-16,451.8,454.5,432.4,435.2,1221300,428.2
2016-02-17,439,440.25,419,437.6,803200,430.56
2016-02-18,442,453.15,433.5,444.9,819100,437.74
2016-02-19,444,460,439.1,454.7,855300,447.39
2016-02-22,457.5,470.25,455.25,467.45,1091000,459.93
2016-02-23,467.45,469.5,448.65,451.6,959200,444.34
2016-02-24,449,449,436.5,439.95,763500,432.87
2016-02-25,441.2,444.5,423.45,424.8,1015700,417.97
2016-02-26,428.3,434.5,423.5,425.8,819700,418.95
2016-02-29,427.9,431.4,403,419.2,887700,412.46
2016-03-01,422,441.6,420.1,437.2,1015300,430.17
2016-03-02,442.5,462,442.5,456.1,1311500,448.76
2016-03-03,460.05,474.7,456,470.25,968800,462.69
2016-03-04,471.05,474.8,460.05,467.6,838600,460.08
2016-03-07,467.6,467.6,467.6,467.6,0,460.08
2016-03-08,464,482,461.1,479.5,835400,471.79
2016-03-09,474.5,483.5,472.4,481.4,679500,473.66
2016-03-10,482,484.7,470.25,473.6,721100,465.98
2016-03-11,475,493.5,470.85,485.75,1554200,477.94
2016-03-14,489.4,493.5,484.15,488.9,816600,481.04
2016-03-15,486.5,490.65,478.6,483.15,480000,475.38
2016-03-16,481.5,488,474.5,485.25,616800,477.44
2016-03-17,490.3,499.5,483.7,486.55,754600,478.72
2016-03-18,488,516.85,486,514.05,1969100,505.78
2016-03-21,516.25,521.35,511,518.55,869000,510.21
2016-03-22,516.3,529.5,514.2,524.15,1136000,515.72
2016-03-23,523.15,526,508,519.9,1041900,511.54
2016-03-24,519.9,519.9,519.9,519.9,0,511.54
2016-03-25,519.9,519.9,519.9,519.9,0,511.54
2016-03-28,520.05,527.9,517.25,520.65,754900,512.28
2016-03-29,521.3,534.35,519.6,528.3,908700,519.8
2016-03-30,531.05,540.5,531.05,535.4,712300,526.79
2016-03-31,534,539.4,527.35,529.7,866700,521.18
2016-04-01,530,549.85,526.4,539.65,979200,530.97
2016-04-04,542.9,546,535.1,540.7,414200,532
2016-04-05,534.7,536.2,521.95,529.45,704900,520.93
2016-04-06,532,587.8,528,581.15,3556200,571.8
2016-04-07,581.5,584.4,564.55,568,2188400,558.86
2016-04-08,561.3,582.5,561.3,575.85,1221700,566.59
2016-04-11,578,597.5,575.1,590.75,1806100,581.25
2016-04-12,590,617.45,584.6,609.1,1955800,599.3
2016-04-13,614.9,627.75,611.05,615,1099600,605.11
2016-04-14,615,615,615,615,0,605.11
2016-04-15,615,615,615,615,0,605.11
2016-04-18,617,622,604.5,618.55,662100,608.6
2016-04-19,618.55,618.55,618.55,618.55,0,608.6
2016-04-20,615.1,637.8,615.1,630.5,1184900,620.36
2016-04-21,632,634.6,612.7,617.7,718500,607.76
2016-04-22,613.55,628.3,609,624.75,840300,614.7
2016-04-25,627.7,633.8,614.75,621.35,831100,611.36
2016-04-26,616,631,616,627.7,896800,617.6
2016-04-27,631,640,626.2,629.35,894900,619.23
2016-04-28,624.4,633.4,620.4,622.65,1039800,612.63
2016-04-29,620.05,643.1,611.1,638.45,1146700,628.18
2016-05-02,635,644.5,630.45,637.9,1037100,627.64
2016-05-03,639.45,645,609,612.3,2124200,602.45
2016-05-04,604,611.5,587.25,601.5,1429900,591.82
2016-05-05,604.5,614.6,593.2,609.25,1029300,599.45
2016-05-06,604,610.9,603,606.35,480600,596.6
2016-05-09,607.6,626.25,607.6,624.5,831000,614.45
2016-05-10,626.8,629.7,614.05,616.4,489100,606.49
2016-05-11,610,622.45,604.5,617.9,596200,607.96
2016-05-12,620,628.2,617.15,622.5,553800,612.49
2016-05-13,620,622.5,605.1,612.9,604000,603.04
2016-05-16,613.9,621.2,600,613.7,614400,603.83
2016-05-17,614.5,620.75,610.3,614.7,476100,604.81
2016-05-18,611.9,611.9,600.25,607.2,591000,597.43
2016-05-19,608.1,611.6,588.85,592.5,670600,582.97
2016-05-20,595,603.5,591.3,593.8,428900,584.25
2016-05-23,597.2,602.55,592.75,594.7,300100,585.13
2016-05-24,594,597,580,586.35,438000,576.92
2016-05-25,596,604.9,592.15,598.95,416600,589.32
2016-05-26,599.5,620.45,592.5,619.5,1142000,609.54
2016-05-27,622.7,627,614,623.2,1056300,613.18
2016-05-30,627.4,628.9,616.85,621.2,433400,611.21
2016-05-31,623.7,624.7,610.5,622.45,459400,612.44
2016-06-01,623.1,640.9,620,625.55,985800,615.49
2016-06-02,627,634.95,621.2,633.35,531300,623.16
2016-06-03,633.35,635.85,613.2,618.05,678000,608.11
2016-06-06,618.8,623.7,608.65,616.05,360900,606.14
2016-06-07,619.9,645,618,642.6,1207700,632.26
2016-06-08,645,658,643.65,656.05,1388300,645.5
2016-06-09,657,661.7,641.1,645.7,627400,635.31
2016-06-10,646.05,654.45,635,637.15,557300,626.9
2016-06-13,635,635,619.1,630.4,414300,620.26
2016-06-14,630,642,627.4,630.4,614700,620.26
2016-06-15,635.15,639.75,631.65,637.4,366700,627.15
2016-06-16,637,637,615,621.45,570100,611.45
2016-06-17,625,627.2,613,614.05,545200,604.17
2016-06-20,611.3,624.5,605.55,623.05,529100,613.03
2016-06-21,626.1,655,620.4,651.4,2130900,640.92
2016-06-22,655.7,656.75,633.85,636.75,2261100,626.51
2016-06-23,638,642,627.2,632.45,515000,622.28
2016-06-24,614,618.4,580.2,614.45,1613800,604.57
2016-06-27,610,641.4,609.9,637.6,1196700,627.34
2016-06-28,640,644.4,636,639.65,599500,629.36
2016-06-29,640.4,652.95,640.3,648.35,851800,637.92
2016-06-30,651.9,663.9,648.3,658.9,1526200,648.3
2016-07-01,660.95,672.3,660,664.15,593600,653.47
2016-07-04,664.25,681.9,664.25,680.3,901100,669.36
2016-07-05,679.05,688.9,675.05,683.35,723500,672.36
2016-07-06,683.35,683.35,683.35,683.35,0,672.36
2016-07-07,683,692,675.4,677.5,951100,666.6
2016-07-08,678,679.9,666.6,672.4,502200,661.58
2016-07-11,678.5,692.25,678,689.1,629700,678.02
2016-07-12,689,702,685.8,691.35,839200,680.23
2016-07-13,692,693.8,670.2,674.85,521500,663.99
2016-07-14,673,687.25,672.2,683.6,476400,672.6
2016-07-15,683.6,688,675.5,678.6,414900,673.1
2016-07-18,677,681.2,657.05,659.75,601500,659.75
2016-07-19,659.5,666.75,649,658.8,739600,658.8
2016-07-20,662,681.15,661,677.55,708100,677.55
2016-07-21,680.3,684.55,666.1,668.75,516100,668.75
2016-07-22,665.5,709.9,664.25,701.75,1329200,701.75
2016-07-25,701.8,704.95,692.4,699.35,684900,699.35
2016-07-26,701,713,687.1,692.45,900900,692.45
2016-07-27,694.5,707.95,686.15,694.95,751500,694.95
2016-07-28,696.5,703.9,695.1,700.15,623200,700.15
2016-07-29,701.8,712.6,693.65,698.05,813300,698.05
2016-08-01,702,718.4,690,698.6,732500,698.6
2016-08-02,700.2,707.8,674.7,679.9,754200,679.9
2016-08-03,680,688,670.1,674.25,514800,674.25
2016-08-04,677.9,685.6,669.55,679.95,470800,679.95
2016-08-05,685,709.5,684.5,705.3,814300,705.3
2016-08-08,710,721,706.1,712.3,854700,712.3
2016-08-09,714.95,724.45,693.6,702.2,2228400,702.2
2016-08-10,706.5,706.55,674.1,678.15,888000,678.15
2016-08-11,677.85,689,669,680.2,690700,680.2
2016-08-12,681,692,675,678.85,592500,678.85
2016-08-15,678.85,678.85,678.85,678.85,0,678.85
2016-08-16,680.4,683.5,662,674.35,686400,674.35
2016-08-17,678.45,681.45,666.6,670.85,737500,670.85
2016-08-18,675.95,687.2,672.9,675.4,873500,675.4
2016-08-19,675.7,689,675.7,680.1,1001100,680.1
2016-08-22,680.7,685.75,670.25,674.85,486700,674.85
2016-08-23,672.8,676.9,666.1,673.75,490100,673.75
2016-08-24,673,677.4,666.7,675.35,468100,675.35
2016-08-25,677.3,684.5,667.9,670,851100,670
2016-08-26,675,714.3,669,711.25,2812600,711.25
2016-08-29,711.6,715.1,692.05,697.25,1061200,697.25
2016-08-30,702.3,728,700.05,722.4,2215000,722.4
2016-08-31,723.9,735.6,720.3,724.45,1570000,724.45
2016-09-01,719,741.4,716.45,731.75,1482200,731.75
2016-09-02,733.05,759.45,731,744.3,1641500,744.3
2016-09-05,744.3,744.3,744.3,744.3,0,744.3
2016-09-06,749.8,770,746.05,767.2,1222600,767.2
2016-09-07,770,799.85,769.15,791,2323900,791
2016-09-08,792,816.8,787.35,811.5,1915700,811.5
2016-09-09,801,844.4,795.9,832.05,2690800,832.05
2016-09-12,818,836.75,806,818.1,2914200,818.1
2016-09-13,818.1,818.1,818.1,818.1,0,818.1
2016-09-14,820,876.5,816.1,871.3,2811400,871.3
2016-09-15,877,890.5,850.5,856.5,2411700,856.5
2016-09-16,863.95,882,848,865.1,2052200,865.1
2016-09-19,868,909.8,867.15,893.95,2584800,893.95
2016-09-20,891,892.9,873.55,878.45,1403100,878.45
2016-09-21,876.95,913.25,875.2,881.55,3098700,881.55
2016-09-22,896,906,883.4,901.35,1806400,901.35
2016-09-23,900,921.15,888.8,908.35,2320600,908.35
2016-09-26,901.7,930,901.7,925.6,2561300,925.6
2016-09-27,934,941.5,927.05,932.35,1708300,932.35
2016-09-28,935,954.8,925,947.6,1694900,947.6
2016-09-29,950.5,965,900,913.3,2567300,913.3
2016-09-30,904,948.8,899,943.05,1552500,943.05
2016-10-03,952,966.95,946,961.9,1165100,961.9
2016-10-04,964,969.05,942,959,929900,959
2016-10-05,965,973.35,954,961.65,1251900,961.65
2016-10-06,967,972,952.05,958.35,805800,958.35
2016-10-07,963.95,981,944,975.45,1302000,975.45
2016-10-10,980,981,962.2,965.7,825600,965.7
2016-10-11,965.7,965.7,965.7,965.7,0,965.7
2016-10-12,965.7,965.7,965.7,965.7,0,965.7
2016-10-13,957.8,962.95,909.05,933.25,1368100,933.25
2016-10-14,940,953.95,920.6,948.1,1337500,948.1
2016-10-17,947.3,953.05,933.1,935.95,908300,935.95
2016-10-18,940,957.8,940,952.35,898900,952.35
2016-10-19,952,962,927.5,930.95,1435000,930.95
2016-10-20,935.1,940.9,914.7,917.7,1341000,917.7
2016-10-21,919,927.95,910.15,918.65,975900,918.65
2016-10-24,927,934.4,912.75,917.65,778300,917.65
2016-10-25,920.15,926.95,914,917.05,978600,917.05
2016-10-26,918.95,919.6,901,906.25,702100,906.25
2016-10-27,902,903.9,871.25,889.35,1259600,889.35
2016-10-28,894.7,911.75,890,909.05,1144400,909.05
2016-10-31,909.05,909.05,909.05,909.05,0,909.05
2016-11-01,955,1038.7,948.35,1023.9,4945600,1023.9
2016-11-02,1013.25,1022.65,992.3,997.6,1833700,997.6
2016-11-03,996,1013.2,975,978.85,1214400,978.85
2016-11-04,987.9,994.7,952.65,979.35,1592400,979.35
2016-11-07,997.3,1008.25,969.5,978.25,1144400,978.25
2016-11-08,979,994.8,965,977.3,1203900,977.3
2016-11-09,910,924.95,805.55,892.05,3475000,892.05
2016-11-10,911,942,890,897.6,1758400,897.6
2016-11-11,889.9,889.9,803.5,811.25,2538100,811.25
2016-11-14,811.25,811.25,811.25,811.25,0,811.25
2016-11-15,815,815,751.2,763.15,2184800,763.15
2016-11-16,783.9,797.9,750,770.95,2436800,770.95
2016-11-17,776,795,762.05,768.25,1676000,768.25
2016-11-18,772,774,744,749.35,1554600,749.35
2016-11-21,750,755,678.75,682.3,2587000,682.3
2016-11-22,691,704.8,666.65,690.15,2328600,690.15
2016-11-23,699,739.7,686.8,732.4,3802200,732.4
2016-11-24,723,744.9,716,739.3,2306600,739.3
2016-11-25,745.7,756,735.2,750.4,1383500,750.4
2016-11-28,751,776,746.65,768.3,1908400,768.3
2016-11-29,769.9,789.4,768.8,780.2,1372500,780.2
2016-11-30,788,812.75,786.15,807.25,2228400,807.25
2016-12-01,810,817,781.3,784.3,1252500,784.3
2016-12-02,780,782,765,776.45,1299500,776.45
2016-12-05,771,804,771,797.9,996000,797.9
2016-12-06,804.9,809.5,788.3,791.95,937600,791.95
2016-12-07,798.3,803.75,774.2,784,764700,784
2016-12-08,794.65,824.95,791,819.95,1729700,819.95
2016-12-09,827,829.8,814.8,820.55,1111600,820.55
2016-12-12,817,817,787.05,792.55,892400,792.55
2016-12-13,793.15,795.75,769,777.45,1136200,777.45
2016-12-14,777.45,788.4,760.45,764.25,754300,764.25
2016-12-15,755,786.75,750.2,780.95,1429400,780.95
2016-12-16,782,786.05,758,766.45,1423100,766.45
2016-12-19,766.3,780.5,761.1,767.15,783900,767.15
2016-12-20,769.9,777.5,750.15,761.2,869600,761.2
2016-12-21,765,773.6,760.55,767.55,994000,767.55
2016-12-22,766,766,751.4,755.55,708000,755.55
2016-12-23,755.6,779.4,745,773.4,1583600,773.4
2016-12-26,766.8,769.4,754.35,763.7,1027700,763.7
2016-12-27,769.9,801.65,755,798.35,1906300,798.35
2016-12-28,802,806.55,780.35,784.8,1328500,784.8
2016-12-29,786.9,802.45,782.2,798.85,1233200,798.85
2016-12-30,805.6,814,795.1,797.7,1002200,797.7
2017-01-02,799.2,817.5,799.2,816.1,889500,816.1
2017-01-03,816,844.85,814.4,839.5,1541200,839.5
2017-01-04,850,858.5,823.6,826.25,3048800,826.25
2017-01-05,833.9,842.9,830,836.85,950700,836.85
2017-01-06,837.8,841,820.05,823.1,959100,823.1
2017-01-09,829,840.75,813.25,838.05,916400,838.05
2017-01-10,844.9,846.1,828.5,833.5,1014000,833.5
2017-01-11,840,848.7,831.05,841.05,1364600,841.05
2017-01-12,842,842.95,817,819.55,1435000,819.55
2017-01-13,821,826.8,797,803.95,1151100,803.95
2017-01-16,801.8,818.6,790.95,812.8,1243200,812.8
2017-01-17,814,823,804.25,810.35,845800,810.35
2017-01-18,813.5,823.9,807.5,818.4,909100,818.4
2017-01-19,821.2,827.7,807.95,812.7,816200,812.7
2017-01-20,810,825,795.55,800.2,1273000,800.2
2017-01-23,799,817.7,795.1,812.6,865500,812.6
2017-01-24,817,840.7,816.95,838,1833700,838
2017-01-25,842.2,846.7,830,839.95,1335000,839.95
2017-01-26,839.95,839.95,839.95,839.95,0,839.95
2017-01-27,841.7,853,837,840.6,1102900,840.6
2017-01-30,839.3,862,834.85,857.65,1335100,857.65
2017-01-31,863.3,870.5,837.4,842.4,2638900,842.4
2017-02-01,843,878.85,828.3,875.25,1865800,875.25
2017-02-02,875.25,882.2,865,878.8,1049900,878.8
2017-02-03,875.1,913.5,873.05,909.9,1789300,909.9
2017-02-06,911,916.15,891.6,901.25,1249800,901.25
2017-02-07,901,912,888.8,897.75,814100,897.75
2017-02-08,902.45,930.7,901,926.05,1852000,926.05
2017-02-09,928,937.3,911.95,929.7,1212600,929.7
2017-02-10,933,937.3,916.5,927.45,781400,927.45
2017-02-13,936.4,948.75,905,923.95,1465300,923.95
2017-02-14,927,929.9,908,910.45,585600,910.45
2017-02-15,909.9,922.5,888,891.15,873900,891.15
2017-02-16,890.6,925,883.3,922.65,1125600,922.65
2017-02-17,927.3,933,913.8,927.75,880200,927.75
2017-02-20,928,936,921.65,931.15,664300,931.15
2017-02-21,929.7,945.5,928,940.5,838600,940.5
2017-02-22,941,948.7,923,926,829700,926
2017-02-23,924.15,950,916.2,946,1144900,946
2017-02-24,946,946,946,946,0,946
2017-02-27,946.7,950.75,934.1,941.65,950700,941.65
2017-02-28,942.5,957.75,937.35,953.65,1171500,953.65
2017-03-01,953.65,960.9,945,949.1,683300,949.1
2017-03-02,950,959.5,916.4,920.8,914700,920.8
2017-03-03,919.9,938.9,914.05,935.6,738100,935.6
2017-03-06,938.7,948,931.55,940.45,660600,940.45
2017-03-07,941.5,946.8,931.3,937.75,574000,937.75
2017-03-08,934,944.3,921.55,932.35,710500,932.35
2017-03-09,927,946.9,927,937.2,810500,937.2
2017-03-10,943.9,954.9,940.25,948.55,1210900,948.55
2017-03-13,948.55,948.55,948.55,948.55,0,948.55
2017-03-14,963,978.7,955,973.05,1234500,973.05
2017-03-15,972.4,1023.7,972.4,1019.95,2454700,1019.95
2017-03-16,1035.05,1042,1015,1021.5,1704300,1021.5
2017-03-17,1017.95,1019.9,995.1,1011.45,1067900,1011.45
2017-03-20,1019,1026.6,1008,1016.45,926800,1016.45
2017-03-21,1015.35,1022.95,1003.7,1011.3,592100,1011.3
2017-03-22,1001,1018.2,994,998.9,832800,998.9
2017-03-23,999.5,1018.45,999.25,1007.55,740900,1007.55
2017-03-24,1013,1019,1006.1,1011.95,658400,1011.95
2017-03-27,1023,1037.8,1020,1023.1,1423700,1023.1
2017-03-28,1022.1,1050.9,1022.05,1048.45,1220000,1048.45
2017-03-29,1055.45,1065,1046,1051.05,1276800,1051.05
2017-03-30,1050.4,1058.45,1042.85,1047.85,1336400,1047.85
2017-03-31,1057,1068,1050.05,1053.15,543500,1053.15
2017-04-03,1058,1064,1050.3,1059.85,466000,1059.85
2017-04-04,1059.85,1059.85,1059.85,1059.85,0,1059.85
2017-04-05,1062,1067.9,1052.85,1063.85,489000,1063.85
2017-04-06,1062,1074.95,1050.8,1055,678400,1055
2017-04-07,1051,1085.75,1046.3,1066.3,1005800,1066.3
2017-04-10,1066.4,1076,1057.65,1066.3,635000,1066.3
2017-04-11,1065,1096.9,1065,1091.1,977300,1091.1
2017-04-12,1096,1103,1070.2,1083.75,833600,1083.75
2017-04-13,1078.4,1088,1075.8,1078.25,292300,1078.25
2017-04-14,1078.25,1078.25,1078.25,1078.25,0,1078.25
2017-04-17,1075,1136.95,1075,1124.3,1604900,1124.3
2017-04-18,1130.95,1135,1082.25,1090.55,944200,1090.55
2017-04-19,1095,1121.7,1089.9,1117.6,631300,1117.6
2017-04-20,1123,1140.95,1113,1135.45,844700,1135.45
2017-04-21,1138.95,1146.75,1121.3,1136.8,751700,1136.8
