"Date","HINDZINC.NS.Open","HINDZINC.NS.High","HINDZINC.NS.Low","HINDZINC.NS.Close","HINDZINC.NS.Volume","HINDZINC.NS.Adjusted"
2015-01-01,170.75,170.8,167.5,168.45,225800,162.954
2015-01-02,168.7,173,168.7,171.55,649700,165.953
2015-01-05,172,172.45,167.5,169.25,592600,163.728
2015-01-06,169.85,173.4,167.2,168.25,1693100,162.761
2015-01-07,168.6,169.05,163,164.15,774600,158.794
2015-01-08,165.5,166.15,162.2,164.85,1855100,159.472
2015-01-09,167,167,161.95,162.75,994000,157.44
2015-01-12,161.1,162.75,159.1,159.55,1086600,154.345
2015-01-13,160.4,161,158.5,159.15,715300,153.958
2015-01-14,159.1,159.2,152.25,153.45,2383600,148.444
2015-01-15,154.5,155.75,152.55,153.9,3260600,148.879
2015-01-16,154.1,160.3,153.75,156.95,1748700,151.829
2015-01-19,159,161.8,158.05,160.35,1327300,155.118
2015-01-20,165,165.35,161.5,161.9,2802800,156.618
2015-01-21,162,164.5,159.2,163.75,1563700,158.408
2015-01-22,165,165.75,162.55,165.2,1393000,159.81
2015-01-23,166,166.8,164.5,166.05,1062900,160.632
2015-01-26,166.05,166.05,166.05,166.05,0,160.632
2015-01-27,167,170,164,169.7,1805800,164.163
2015-01-28,168.5,171.6,168.35,170.45,2031700,164.889
2015-01-29,169.9,175.3,168.8,174.7,1577200,169
2015-01-30,175,177.95,172,175,1505500,169.29
2015-02-02,175.9,176.15,170.4,173.8,842900,168.13
2015-02-03,173,175.5,172.6,173.55,1304400,167.888
2015-02-04,173.6,177.5,173.6,176.05,977300,170.306
2015-02-05,176.2,176.8,170.35,173.9,843100,168.226
2015-02-06,172.4,172.4,167.1,169.85,870300,164.309
2015-02-09,165.55,177.25,165.55,174,843900,168.323
2015-02-10,173,179.4,170,178,1100800,172.193
2015-02-11,180,184.5,179.55,182.7,1318000,176.739
2015-02-12,184,184,172.55,174.65,1319300,168.952
2015-02-13,176,177.7,175.05,176,602800,170.258
2015-02-16,176.35,182.65,175.35,181.35,683900,175.433
2015-02-17,181.35,181.35,181.35,181.35,0,175.433
2015-02-18,179.85,181.25,176.15,177.9,571600,172.096
2015-02-19,179,190.5,175,185.4,1791300,179.351
2015-02-20,187,187,180,181.3,956900,175.385
2015-02-23,182.15,182.7,173,175.85,750600,170.113
2015-02-24,175,179.35,172.65,174.75,985100,169.049
2015-02-25,174.35,177.95,171.2,172.8,1189300,167.162
2015-02-26,173.05,178.35,173.05,176.4,980000,170.645
2015-02-27,177,179.65,175.5,177.35,560100,171.564
2015-03-02,179.3,179.3,174.25,176.1,328300,170.355
2015-03-03,177.15,180.1,174.85,179.2,429100,173.353
2015-03-04,180.35,182.5,172.25,175.05,1374400,169.339
2015-03-05,174,176.9,171.1,171.9,1202600,166.292
2015-03-06,171.9,171.9,171.9,171.9,0,166.292
2015-03-09,171,172.4,167.4,170.05,1053800,164.502
2015-03-10,170.5,172,169.5,170.3,383700,164.744
2015-03-11,170.3,171,168.9,169.85,635400,164.309
2015-03-12,170.4,171,166.55,170.3,970200,164.744
2015-03-13,171.15,172.5,166.95,168.65,648100,163.148
2015-03-16,168,169.25,164.8,168.25,625500,162.761
2015-03-17,167,172,167,171.1,717200,165.518
2015-03-18,171.85,177,171.85,176.1,1064400,170.355
2015-03-19,176.9,177.6,169.2,170.55,894400,164.986
2015-03-20,168.4,172,161.7,164.75,1107600,159.375
2015-03-23,165.25,165.8,160.05,162.95,1211100,157.634
2015-03-24,162.6,164.9,158,159.1,772900,153.909
2015-03-25,159,162.5,158.8,162,1338900,156.715
2015-03-26,162,164.3,156.35,159.75,1635600,154.538
2015-03-27,158.65,161.9,157.3,160.75,513900,155.505
2015-03-30,160.35,163.95,159.8,162.25,646300,156.956
2015-03-31,162.5,166.65,161,162.15,412000,156.86
2015-04-01,162.1,165.15,160.5,163.65,294900,158.311
2015-04-02,163.65,163.65,163.65,163.65,0,158.311
2015-04-03,163.65,163.65,163.65,163.65,0,158.311
2015-04-06,164.65,165.8,161.6,163.6,365400,158.262
2015-04-07,163.6,166,162.25,165.25,425000,159.859
2015-04-08,165.3,167.2,163.75,164.95,456800,159.568
2015-04-09,166.15,166.2,162.65,164.05,415200,158.698
2015-04-10,164.5,175,164.5,174.4,1085600,168.71
2015-04-13,174.8,174.8,170.2,170.8,802400,165.228
2015-04-14,170.8,170.8,170.8,170.8,0,165.228
2015-04-15,170.8,171.9,169.35,170.3,749700,164.744
2015-04-16,173,173.35,170.4,172.3,1048800,166.679
2015-04-17,172.1,174,171,172.2,445000,166.582
2015-04-20,173,173.6,167,170.3,1953500,164.744
2015-04-21,171.15,174.9,166.25,168.3,1959900,162.809
2015-04-22,168,172.6,165.7,168.7,1325400,163.196
2015-04-23,170,173.7,169.25,172,1243600,166.388
2015-04-24,170.2,172.1,166.3,167.65,756200,162.18
2015-04-27,169.15,170.4,162.25,163.15,1044400,157.827
2015-04-28,163,169.85,162.4,169.1,1956100,163.583
2015-04-29,170,172,168.3,170.95,821200,165.373
2015-04-30,170.4,171,167.7,169.4,2257200,163.873
2015-05-01,169.4,169.4,169.4,169.4,0,163.873
2015-05-04,170.5,173.75,169.55,172.35,1195700,166.727
2015-05-05,172.1,183.45,172.05,182.35,1926100,176.401
2015-05-06,181.05,183,173.55,175.6,1611700,169.871
2015-05-07,174.2,179.85,172,175.2,1396800,169.484
2015-05-08,175,178.15,174.95,176.75,854000,170.983
2015-05-11,177.7,180.85,175,176.55,1747100,170.79
2015-05-12,174.8,175.4,166.8,169.5,1529000,166.325
2015-05-13,170.4,174.5,169.8,173.8,803600,170.545
2015-05-14,172.9,176.75,171.65,176.05,930800,172.752
2015-05-15,177,177,172.8,175.3,620000,172.017
2015-05-18,175.1,176.9,174.5,175.2,429300,171.918
2015-05-19,175.05,179.45,174.9,177.65,533500,174.322
2015-05-20,177.05,177.8,174.95,176.1,536400,172.802
2015-05-21,175.7,178.4,173.65,177.45,644300,174.126
2015-05-22,177.45,180.1,176.35,177.35,1061100,174.028
2015-05-25,175,179.1,175,178.15,669000,174.813
2015-05-26,176.3,179,172,172.85,321500,169.612
2015-05-27,171.6,175,170.1,173.25,965800,170.005
2015-05-28,173.25,174.65,170.4,171.3,970200,168.091
2015-05-29,171.3,172.4,167.6,169.2,1432300,166.031
2015-06-01,169,170.25,167.2,167.7,725400,164.559
2015-06-02,170,171.3,166.5,167.2,820000,164.068
2015-06-03,167.8,168.8,164,167.9,914000,164.755
2015-06-04,168,171.5,166.5,169,1000900,165.835
2015-06-05,168.45,174,167.8,169.95,1098300,166.767
2015-06-08,172.3,172.3,168,169.35,510100,166.178
2015-06-09,168.4,171.9,168.1,169.25,504500,166.08
2015-06-10,168.5,169.45,164.1,168.05,1116200,164.902
2015-06-11,168,168.45,163.25,164,746500,160.928
2015-06-12,165,168,162.65,164.55,511300,161.468
2015-06-15,166.9,167.3,163.65,165.2,595900,162.106
2015-06-16,164.4,165.15,162.5,164.6,395400,161.517
2015-06-17,164.25,166.15,162.6,165.15,938200,162.057
2015-06-18,164.5,166.3,164,164.95,354200,161.86
2015-06-19,165.7,168,165,167.3,542800,164.166
2015-06-22,167.2,168.9,166,168.05,686700,164.902
2015-06-23,168.55,173.7,167,172.7,1217500,169.465
2015-06-24,173.75,173.8,168.55,169.25,469200,166.08
2015-06-25,168.6,169.9,166.5,168.55,716100,165.393
2015-06-26,168.9,171.2,167.9,170,434200,166.816
2015-06-29,167.8,170.5,166.3,169.4,976300,166.227
2015-06-30,169.2,170.55,165.1,167.1,1031300,163.97
2015-07-01,167.1,169.6,166.8,167.75,765000,164.608
2015-07-02,167.5,168.7,163.75,164.15,1166200,161.075
2015-07-03,164.1,164.35,161.05,161.65,1040500,158.622
2015-07-06,159.1,161.8,158.8,161.35,460200,158.328
2015-07-07,160.75,163,160.7,161.4,435600,158.377
2015-07-08,158.15,159,155.1,158.15,1147000,155.188
2015-07-09,158,160.9,157.6,160.3,535600,157.297
2015-07-10,161,161.6,158.1,158.8,720800,155.826
2015-07-13,159.4,160.35,157.3,159.65,354800,156.66
2015-07-14,159.9,162.25,159.3,160.5,543400,157.494
2015-07-15,161,164.2,160.65,163.6,534800,160.536
2015-07-16,164,164.7,162.3,164.3,482700,161.223
2015-07-17,166,166,163.2,164.25,408800,161.173
2015-07-20,165.4,168.4,162.7,166.4,1484100,163.283
2015-07-21,169.8,170.4,164,165.95,1096100,162.842
2015-07-22,164.1,165.65,163,164.05,490200,160.977
2015-07-23,164.1,166.9,164.1,165.9,294900,162.793
2015-07-24,166,166,163.6,164,354400,160.928
2015-07-27,164,165.75,161,163.7,677200,160.634
2015-07-28,163.5,163.5,155.5,156.35,964900,153.421
2015-07-29,156,159.7,153.05,158.65,745400,155.678
2015-07-30,160,160,156.1,158.25,416900,155.286
2015-07-31,159,159,156.65,157.05,170500,154.108
2015-08-03,157.6,162.5,156,161.75,563400,158.72
2015-08-04,161.85,162.25,157.05,158.45,570800,155.482
2015-08-05,157.5,160.4,157.5,158.5,514900,155.531
2015-08-06,158.9,161.1,155,155.6,1109900,152.686
2015-08-07,157.5,157.5,154.4,155.45,678400,152.538
2015-08-10,155.8,156.5,152.6,154.05,1139600,151.165
2015-08-11,155,155.3,150.75,151.3,1045800,148.466
2015-08-12,150,150.95,145.35,146.3,737900,143.56
2015-08-13,146.4,147.25,140.3,144.45,2291200,141.744
2015-08-14,146,147.15,143.1,145.4,1083900,142.677
2015-08-17,145.5,150.4,145,149.1,343200,146.307
2015-08-18,150.1,151.9,146.5,147.3,652100,144.541
2015-08-19,146,147.4,139.6,140.5,1808800,137.868
2015-08-20,140.7,141.65,137,139.55,628900,136.936
2015-08-21,138.7,139.5,135.1,137.15,667300,134.581
2015-08-24,135,135,118.1,122.45,1948200,120.156
2015-08-25,125,128.1,117.05,126.65,1288800,124.278
2015-08-26,126.7,128.6,121,127.05,1311700,124.67
2015-08-27,128.9,131.45,127.4,130.05,1595700,127.614
2015-08-28,133,134.9,130.7,131.7,1286300,129.233
2015-08-31,132,132,125.35,127.15,790900,124.768
2015-09-01,126.7,129.95,124.35,125.75,601700,123.395
2015-09-02,127,138,124.9,127.95,695600,125.553
2015-09-03,129.95,134.25,127.35,133.35,717900,130.852
2015-09-04,132.5,133.3,129.1,132.1,712300,129.626
2015-09-07,132.9,134,130,130.35,412400,127.908
2015-09-08,130.1,133,129.65,130.5,604800,128.056
2015-09-09,133.5,138.45,133.2,135,914000,132.471
2015-09-10,134.9,134.9,129.2,131.9,843400,129.429
2015-09-11,132,133,129.3,130.05,506600,127.614
2015-09-14,129.25,137,128,135.95,1142600,133.404
2015-09-15,134.15,136.6,132.05,135.45,1222600,132.913
2015-09-16,135.95,135.95,131.7,132.85,694000,130.362
2015-09-17,132.85,132.85,132.85,132.85,0,130.362
2015-09-18,136.7,138.05,133.5,135.85,1299200,133.305
2015-09-21,134.8,137.35,132.25,135.7,574800,133.158
2015-09-22,136.95,137.8,132.7,134.3,627100,131.784
2015-09-23,130,137.4,129.2,135.4,872300,132.864
2015-09-24,136.1,144.7,134.6,143.25,1597000,140.567
2015-09-25,143.25,143.25,143.25,143.25,0,140.567
2015-09-28,144,144,136.4,137.65,359600,135.072
2015-09-29,134.55,137,134.1,134.75,385700,132.226
2015-09-30,136.5,140.8,135,139.8,428300,137.181
2015-10-01,140.4,140.4,136.1,138.4,505800,135.808
2015-10-02,138.4,138.4,138.4,138.4,0,135.808
2015-10-05,139.8,144.9,138.1,143,822900,140.322
2015-10-06,144,144.5,140.35,143.4,672000,140.714
2015-10-07,143.5,150.1,141.9,148.35,995500,145.571
2015-10-08,150,150.4,144,144.95,559100,142.235
2015-10-09,147.7,154.2,147.2,150.45,2589500,147.632
2015-10-12,152,154.7,147.25,148.2,1397700,145.424
2015-10-13,149.45,153.8,146.95,152.8,1575900,149.938
2015-10-14,152.8,154.5,150.35,151.1,1091600,148.27
2015-10-15,151.1,152.05,146.8,147.2,781700,144.443
2015-10-16,147.25,154.7,147.25,154.25,1108700,151.361
2015-10-19,154.5,159.8,153.5,158,1451900,155.041
2015-10-20,161.95,163.75,158.15,159.25,1985700,156.267
2015-10-21,159.1,163.05,158,162.35,804500,159.309
2015-10-22,162.35,162.35,162.35,162.35,0,159.309
2015-10-23,162.5,163,155.25,157.3,1074000,156.181
2015-10-26,159.2,160,156.1,157.3,617700,156.181
2015-10-27,157,160,155.85,159.25,907600,158.118
2015-10-28,159,159.5,156.5,157.75,506900,156.628
2015-10-29,157.2,159.9,153.9,155.65,1343400,154.543
2015-10-30,156,159.35,154.85,157.15,553300,156.033
2015-11-02,156.95,158.25,153.35,155.8,366900,154.692
2015-11-03,157,158.7,156.75,157.75,653300,156.628
2015-11-04,158.7,159.6,155.25,156.85,496500,155.735
2015-11-05,157,157.9,153.85,155.05,372300,153.947
2015-11-06,155.5,156.85,152,153,263200,151.912
2015-11-09,149.9,157.5,149,155.5,337800,154.394
2015-11-10,154.9,154.95,143.65,144.75,1403800,143.721
2015-11-11,144.75,144.75,144.75,144.75,0,143.721
2015-11-12,144.75,144.75,144.75,144.75,0,143.721
2015-11-13,142,145.85,141.65,145.3,871600,144.267
2015-11-16,144,144.95,142.6,144.45,551400,143.423
2015-11-17,145,148.05,144,147.55,863700,146.501
2015-11-18,147.55,147.7,140.3,140.9,759300,139.898
2015-11-19,141.5,145.7,140.4,143.15,957900,142.132
2015-11-20,143,143,140.6,141.75,1629400,140.742
2015-11-23,144,144.1,140.5,142.45,1398200,141.437
2015-11-24,142.25,143,140.85,141.5,742200,140.494
2015-11-25,141.5,141.5,141.5,141.5,0,140.494
2015-11-26,141.8,143.35,140.85,141.95,1083300,140.941
2015-11-27,142.5,144.7,141.6,142.55,487400,141.536
2015-11-30,142.7,144.15,141.7,143.6,492800,142.579
2015-12-01,144.1,150.7,143.6,146.9,1857100,145.855
2015-12-02,148.8,149.8,143.85,144.7,797500,143.671
2015-12-03,145.6,145.6,142.5,143.6,622400,142.579
2015-12-04,143.9,147.9,142.45,147.3,958800,146.253
2015-12-07,147.8,148.5,144.75,146.9,498800,145.855
2015-12-08,146.3,146.4,141.55,142.25,780700,141.238
2015-12-09,141,144.55,140.55,142.8,1111800,141.785
2015-12-10,143.2,143.9,142.05,142.8,475800,141.785
2015-12-11,142.8,143.9,139.5,139.85,734900,138.856
2015-12-14,139,141.9,138.55,141.25,833800,140.246
2015-12-15,141.3,149.2,141.3,145.6,1818300,144.565
2015-12-16,146.5,149.2,143.4,147.85,1129700,146.799
2015-12-17,147.95,149.8,145.1,149.15,846900,148.089
2015-12-18,148.95,148.95,144.95,145.65,927800,144.614
2015-12-21,147,148.75,144,148.25,641900,147.196
2015-12-22,147,151.9,143.4,144.55,872500,143.522
2015-12-23,145.5,148.95,145.1,146.75,620800,145.706
2015-12-24,148,150,146,148.85,507800,147.792
2015-12-25,148.85,148.85,148.85,148.85,0,147.792
2015-12-28,149,149.75,146.6,147.65,309500,146.6
2015-12-29,148.1,148.6,144.75,146,496700,144.962
2015-12-30,147,148.35,145.85,146.45,324700,145.409
2015-12-31,146.45,148.25,145.6,146.4,641400,145.359
2016-01-01,146.4,150,146.15,149.15,632500,148.089
2016-01-04,148.75,150.75,144.5,145.05,720700,144.019
2016-01-05,145.7,153,143.9,151.25,1742700,150.174
2016-01-06,150.25,151.65,145.2,145.7,1160600,144.664
2016-01-07,144,144.3,137.9,139.1,930400,138.111
2016-01-08,140,141.95,138.4,140.85,576200,139.848
2016-01-11,139.9,141,136.8,140.05,755000,139.054
2016-01-12,140.9,142.8,140.1,141.65,934900,140.643
2016-01-13,143,143.35,139.5,141.95,1214000,140.941
2016-01-14,140.15,142.9,139.2,141.9,816000,140.891
2016-01-15,142.6,142.6,137.45,140.2,554700,139.203
2016-01-18,140.2,141.45,137.9,139,976800,138.012
2016-01-19,139.5,141.9,137.65,139,1091800,138.012
2016-01-20,137,140,135.8,139.35,605400,138.359
2016-01-21,138.9,145,137.25,141.6,2182000,140.593
2016-01-22,142.6,148,142.25,144.95,1767700,143.919
2016-01-25,146,152.4,146,151.2,2604300,150.125
2016-01-26,151.2,151.2,151.2,151.2,0,150.125
2016-01-27,152.4,163.5,150.95,159.75,3020600,158.614
2016-01-28,159,173,157.7,164.55,8426800,163.38
2016-01-29,163,163.65,155.05,161,1492800,159.855
2016-02-01,160.5,161.75,157.15,160.05,605000,158.912
2016-02-02,159,160.6,154.5,155.85,564500,154.742
2016-02-03,155.1,156.65,153,154.85,362700,153.749
2016-02-04,155.3,164.95,155.3,161.4,1117900,160.252
2016-02-05,163,169.5,163,168.25,959800,167.054
2016-02-08,168.6,170,165,167.7,580400,166.508
2016-02-09,165,168.45,161.7,164,592300,162.834
2016-02-10,162.1,166.85,159.1,162.35,619300,161.196
2016-02-11,161,163.7,154.6,161.15,1162300,160.004
2016-02-12,161.45,162.3,155.05,158,1403000,156.876
2016-02-15,160,169.9,160,167.95,613400,166.756
2016-02-16,169,170.9,163.6,165.45,1118500,164.274
2016-02-17,163.75,165.65,160.4,163.25,1085400,162.089
2016-02-18,165.5,167.15,162.5,165.45,1533400,164.274
2016-02-19,165,168,162.9,164.2,444300,163.032
2016-02-22,163.85,165,162.9,163.8,451500,162.635
2016-02-23,164.5,165.8,163.2,163.85,536100,162.685
2016-02-24,162.9,164.35,158.1,163.9,1049200,162.735
2016-02-25,164,164.75,161.6,163.85,928700,162.685
2016-02-26,164.1,164.5,159.45,162.85,716200,161.692
2016-02-29,160.5,163.2,156.9,160.35,574700,159.21
2016-03-01,161.1,165.45,160.95,163,1051100,161.841
2016-03-02,164.7,166.8,161.5,162.05,1399000,160.898
2016-03-03,164.55,172.3,161.25,170.2,1758900,168.99
2016-03-04,172.85,176,171.1,173.45,2795200,172.217
2016-03-07,173.45,173.45,173.45,173.45,0,172.217
2016-03-08,172.6,178.25,171.8,174.35,1787500,173.11
2016-03-09,172,174.5,168.65,172.1,1143800,170.876
2016-03-10,173.6,173.85,168.9,169.75,991500,168.543
2016-03-11,169.5,171.75,166.9,169.15,992900,167.947
2016-03-14,170.55,172.2,169.6,170.45,543500,169.238
2016-03-15,169.5,172.9,169.1,171.6,879900,170.38
2016-03-16,170.05,171.9,166.8,169.2,602300,167.997
2016-03-17,170,172.4,168.4,169.1,730500,167.898
2016-03-18,171,173.2,171,171.5,994200,170.281
2016-03-21,170.95,173.2,170.45,171.55,707100,170.33
2016-03-22,171.85,172.65,169.2,170,1001900,168.791
2016-03-23,170.6,172.05,169.05,169.55,1058400,168.344
2016-03-24,169.55,169.55,169.55,169.55,0,168.344
2016-03-25,169.55,169.55,169.55,169.55,0,168.344
2016-03-28,170.15,170.35,166.2,168,868400,166.805
2016-03-29,167.1,171.45,167.1,169.95,1004500,168.742
2016-03-30,171.5,176,171.5,175.05,1975000,173.805
2016-03-31,192.55,196.8,180.7,183.6,20990800,182.294
2016-04-01,183.85,186.45,183.7,184.8,4312500,183.486
2016-04-04,186,189.8,185,188.2,5886000,186.862
2016-04-05,188.5,189.4,185.25,186.75,5053400,185.422
2016-04-06,163,165.4,160.8,162.2,4263100,161.047
2016-04-07,163.3,163.3,159.85,160.5,1953700,159.359
2016-04-08,160,161.4,158.2,160.1,1675400,158.962
2016-04-11,160,161.4,158.55,160.25,1451800,159.11
2016-04-12,160.55,160.9,159,159.55,997000,158.415
2016-04-13,160.4,166.35,160.4,165.95,2443300,164.77
2016-04-14,165.95,165.95,165.95,165.95,0,164.77
2016-04-15,165.95,165.95,165.95,165.95,0,164.77
2016-04-18,166.5,169.5,166,168.95,1449300,167.749
2016-04-19,168.95,168.95,168.95,168.95,0,167.749
2016-04-20,170.15,180.2,170,174.95,3557600,173.706
2016-04-21,176,176.05,171.35,174.15,4553100,172.912
2016-04-22,170.65,173.8,167.85,172.1,3022000,170.876
2016-04-25,172.1,172.15,168.05,169.5,685800,168.295
2016-04-26,169,173.4,168,172.5,2132500,171.273
2016-04-27,173.2,174.45,172.15,172.9,1302900,171.671
2016-04-28,172.75,173.65,169.3,172.1,3523300,170.876
2016-04-29,171.9,173,170.25,172.1,950800,170.876
2016-05-02,171.9,176.1,170.2,174.45,1242200,173.21
2016-05-03,174.75,177,172.2,173.05,972300,171.819
2016-05-04,171.1,172.3,164.15,165.85,1129400,164.671
2016-05-05,166.05,170.15,165,167.75,1282100,166.557
2016-05-06,166,170.7,166,169.95,995900,168.742
2016-05-09,171.8,171.8,168.4,169.75,548300,168.543
2016-05-10,168.5,169.7,165.15,166.3,1207700,165.117
2016-05-11,164,168.9,163.2,167.85,626600,166.656
2016-05-12,168,169.35,166.7,168,938000,166.805
2016-05-13,167.3,168.2,166,166.45,492000,165.266
2016-05-16,167.5,168.15,165.1,167.15,868600,165.961
2016-05-17,167.45,170.1,167.1,168.35,1212300,167.153
2016-05-18,167.7,168.65,167.1,167.95,1167200,166.756
2016-05-19,167.95,168.6,166.15,166.8,1352600,165.614
2016-05-20,167.3,167.95,161.1,161.45,729700,160.302
2016-05-23,163,167.35,160.85,166.6,1238400,165.415
2016-05-24,166.95,167.9,164.25,166.55,958900,165.366
2016-05-25,167.5,167.9,165.8,166.95,709800,165.763
2016-05-26,167,167.25,164.4,166.95,1291100,165.763
2016-05-27,167.1,170.4,165.85,168.5,1116500,167.302
2016-05-30,169.95,172.9,167.15,172.25,975600,171.025
2016-05-31,170.1,173.95,170,170.75,6219400,169.536
2016-06-01,170.75,172.75,168.05,168.85,471000,167.649
2016-06-02,168.9,171.65,167.5,168.25,1112100,167.054
2016-06-03,168.8,170.5,166.65,167.8,1610700,166.607
2016-06-06,168.7,171.5,167.3,169.9,845600,168.692
2016-06-07,170.4,172.6,170.1,171.5,716000,170.281
2016-06-08,172.5,172.65,169.25,170.25,1047900,169.039
2016-06-09,170.7,177.95,170.15,176.75,1430500,175.493
2016-06-10,177.5,179.8,173,173.4,1061500,172.167
2016-06-13,173.5,176.4,171.5,176,1185700,174.749
2016-06-14,176.3,177.3,173.5,176.6,639300,175.344
2016-06-15,176,176.25,173.05,174.95,636600,173.706
2016-06-16,172.2,175.15,171,171.85,1828900,170.628
2016-06-17,172.85,173.45,171,171.95,596100,170.727
2016-06-20,172,177.25,170.6,176.65,1183300,175.394
2016-06-21,176.65,179,175.4,177.05,876400,175.791
2016-06-22,177.05,177.05,172.7,175,426500,173.756
2016-06-23,173,175.9,173,174.95,288300,173.706
2016-06-24,170,173,165.5,169.65,708000,168.444
2016-06-27,172.9,172.9,167.5,168.2,1449500,167.004
2016-06-28,167.2,172,167.2,171.65,835500,170.429
2016-06-29,172,178,172,177.05,1153900,175.791
2016-06-30,178.5,181.5,178.4,180.55,1111400,179.266
2016-07-01,180.55,181.1,176.1,177.25,931200,175.99
2016-07-04,178.55,185.7,178.1,184.95,1411900,183.635
2016-07-05,185.2,187.5,184.2,185.25,2134800,183.933
2016-07-06,185.25,185.25,185.25,185.25,0,183.933
2016-07-07,185.3,188.25,185,186.9,1096600,185.571
2016-07-08,186.9,190.4,184,187.05,1338700,185.72
2016-07-11,187.9,190.8,187.6,190.05,1747600,188.699
2016-07-12,189.9,198.4,189,195.4,3177900,194.011
2016-07-13,196.35,203.6,192.1,193.55,2634200,192.174
2016-07-14,193.5,196.45,193.3,195.05,979800,193.663
2016-07-15,195.7,197.85,192.7,196.15,1374800,194.755
2016-07-18,195,197.95,185.7,189.05,1774100,187.706
2016-07-19,190.9,193.75,189.95,192.4,1996200,191.032
2016-07-20,192.8,196.5,192.3,194.45,2142600,193.067
2016-07-21,188.65,196.1,188.65,193.9,3916800,192.521
2016-07-22,195,195,189,193.95,2444800,192.571
2016-07-25,195.35,200.35,191,196.15,4038200,194.755
2016-07-26,196.85,209.45,196.25,202.6,4831400,201.159
2016-07-27,204.75,210.8,204.1,208.25,3177500,206.769
2016-07-28,208,210,197.8,202.6,2607200,201.159
2016-07-29,206.55,209.05,203.5,203.95,1109200,202.5
2016-08-01,206.4,216.15,205.1,211.7,2680800,210.195
2016-08-02,211,214.4,205.8,206.9,1436500,205.429
2016-08-03,206.4,209.6,204.05,206.7,2084600,205.23
2016-08-04,210.8,210.9,205.55,208.25,1500000,206.769
2016-08-05,210.5,223.4,210.5,218.6,6258400,217.046
2016-08-08,220.8,222.7,218.4,220.95,2016600,219.379
2016-08-09,221.4,223.4,218.15,220.35,1805500,218.783
2016-08-10,220,225.3,218.35,220,2913200,218.436
2016-08-11,221.8,221.8,215.35,217.15,1907000,215.606
2016-08-12,218,223.45,217,219.35,1639300,217.79
2016-08-15,219.35,219.35,219.35,219.35,0,217.79
2016-08-16,219.1,229.65,218.55,228.3,2192000,226.677
2016-08-17,229,229.15,221.1,223.15,1713700,221.563
2016-08-18,225,228.6,224,228,867000,226.379
2016-08-19,227.95,230.6,223.5,228.95,2115200,227.322
2016-08-22,228.25,232.5,226.1,230.2,1713200,228.563
2016-08-23,229.1,231.1,225,227.25,1037600,225.634
2016-08-24,226.2,230.5,226.2,228.2,1103500,226.577
2016-08-25,227.9,229.4,222.35,223.8,1940700,222.209
2016-08-26,225,226.1,221.9,224.95,762100,223.35
2016-08-29,227,232.65,225.2,227.1,1861600,225.485
2016-08-30,229.8,232.5,227.4,228.4,796900,226.776
2016-08-31,227.8,228.85,226,227,834700,225.386
2016-09-01,228,228.8,225,225.8,833700,224.194
2016-09-02,226.15,228.5,224.05,227.5,1212200,225.882
2016-09-05,227.5,227.5,227.5,227.5,0,225.882
2016-09-06,227.85,233.8,227.1,230.2,1388200,228.563
2016-09-07,230.1,230.85,226.95,228.35,874200,226.726
2016-09-08,229.5,230.05,221.75,223.6,1527200,222.01
2016-09-09,224,224,212.4,220.35,1518400,218.783
2016-09-12,212.5,216.8,210,212.55,1144100,211.039
2016-09-13,212.55,212.55,212.55,212.55,0,211.039
2016-09-14,213.5,221.5,212.2,220.35,2059000,218.783
2016-09-15,220.45,222.6,217.4,218.8,803400,217.244
2016-09-16,219.2,220.95,210,211.8,2735000,210.294
2016-09-19,212.2,217.9,211.65,216.9,864900,215.358
2016-09-20,217.65,222,215,221.05,1183100,219.478
2016-09-21,222.75,222.75,218.4,219.75,1248500,218.187
2016-09-22,223.9,223.9,220.1,223.2,1346600,221.613
2016-09-23,222.7,229.4,221.6,227.45,3264400,225.833
2016-09-26,228,230.65,224.45,229.7,1586000,228.067
2016-09-27,230.05,231.05,225,228.95,1572400,227.322
2016-09-28,228.95,232.2,228.05,230.55,1024800,228.911
2016-09-29,230.1,235.5,225.95,229.15,3159300,227.521
2016-09-30,227,236.4,226.15,233.35,1172600,231.691
2016-10-03,234.8,262.5,234.05,254.45,7070000,252.641
2016-10-04,255,256.55,248.25,251.95,3082000,250.158
2016-10-05,253.9,260.35,251.6,253.35,3499800,251.548
2016-10-06,253.4,258.65,246.85,250,1742000,248.222
2016-10-07,251.8,253.3,248.85,252,1400100,250.208
2016-10-10,251.75,255.65,250.15,251.65,2291900,249.861
2016-10-11,251.65,251.65,251.65,251.65,0,249.861
2016-10-12,251.65,251.65,251.65,251.65,0,249.861
2016-10-13,249.9,249.9,240.4,243.35,2464800,241.62
2016-10-14,243.1,247,241.7,245.75,745300,244.003
2016-10-17,245.5,247.35,237,240.35,2358300,238.641
2016-10-18,240.5,248.75,240.05,245,3264200,243.258
2016-10-19,245.95,252,245.4,248.1,4325900,246.336
2016-10-20,260,260,247.8,249.9,6395600,248.123
2016-10-21,250,252.9,242.5,249.7,1933400,247.924
2016-10-24,248.25,254.8,247.65,253.25,2271000,251.449
2016-10-25,254,257.8,251.3,254.65,2220800,252.839
2016-10-26,255.05,257.6,251,253.2,1805300,251.4
2016-10-27,253,254.15,248.45,250.8,2261300,249.017
2016-10-28,250,256,250,252.95,1400600,251.151
2016-10-31,252.95,252.95,252.95,252.95,0,251.151
2016-11-01,255.45,276.2,254.1,272.55,6300700,270.612
2016-11-02,271.75,273.45,266.3,269.5,3197500,267.584
2016-11-03,264.3,275.5,264.3,267.2,2132100,265.3
2016-11-04,268,270.7,253.15,255.65,1377900,255.65
2016-11-07,262.95,266.55,259.25,262.45,963000,262.45
2016-11-08,266,266.7,257.3,259.15,1601900,259.15
2016-11-09,233.3,256.25,221,253.45,2150300,253.45
2016-11-10,258.7,272,255.65,258.1,4080500,258.1
2016-11-11,257,260,248.1,249.75,1693300,249.75
2016-11-14,249.75,249.75,249.75,249.75,0,249.75
2016-11-15,255.9,256,235.35,238.6,2831100,238.6
2016-11-16,245.85,246.05,236.65,237.95,1433900,237.95
2016-11-17,240,253.5,232.4,250.7,3517700,250.7
2016-11-18,249,251.35,244,249.8,2101200,249.8
2016-11-21,247.05,255.4,242.15,244.45,1687400,244.45
2016-11-22,249,254.55,246.05,253,1122500,253
2016-11-23,255,259.7,251.25,257.8,2267600,257.8
2016-11-24,258.8,278.4,258,273.35,5610300,273.35
2016-11-25,276.8,281.4,271,273.25,2941700,273.25
2016-11-28,276,287,275.5,284.5,4709900,284.5
2016-11-29,287.95,287.95,277.2,282.35,3989300,282.35
2016-11-30,278.1,283.95,273.85,282.6,2362700,282.6
2016-12-01,284.05,284.05,274.05,275,1109900,275
2016-12-02,274,279.8,270.2,272.55,1054100,272.55
2016-12-05,274.05,280.6,268.5,275.15,2154200,275.15
2016-12-06,276.8,278.5,274.9,275.95,767200,275.95
2016-12-07,277.85,281,274,278.45,1395700,278.45
2016-12-08,280.5,286.8,277.7,283.65,1927600,283.65
2016-12-09,285,285,279.45,281.15,949700,281.15
2016-12-12,281,283.5,277.4,281.05,873800,281.05
2016-12-13,281,282,275.1,278.15,1495500,278.15
2016-12-14,278.15,279.15,274.9,276.65,712100,276.65
2016-12-15,277,288.3,275.5,285.3,2882400,285.3
2016-12-16,287,290,279.45,281.15,2402500,281.15
2016-12-19,279.35,279.85,268.6,269.5,1573800,269.5
2016-12-20,266,269,261.35,262.3,2184200,262.3
2016-12-21,264.7,271,263,266.8,2216000,266.8
2016-12-22,264.15,265.9,260,260.95,996400,260.95
2016-12-23,261.45,262,254.7,258.45,1360500,258.45
2016-12-26,255.05,257,248.5,249.7,1626500,249.7
2016-12-27,249.85,254,247.05,252.4,1445700,252.4
2016-12-28,254.25,256.05,249.1,249.6,1037300,249.6
2016-12-29,249.85,259,249.45,256.5,1125400,256.5
2016-12-30,257.3,259.4,254.4,255.4,953900,255.4
2017-01-02,256.95,260.5,253.65,259.55,784000,259.55
2017-01-03,260.7,261.2,256.65,259.4,865300,259.4
2017-01-04,259.8,260,250.2,251.3,2186200,251.3
2017-01-05,256.5,262.65,254.6,261.9,2537500,261.9
2017-01-06,263,267.7,262.5,264.5,2178600,264.5
2017-01-09,266.35,274.6,266,269.95,1984600,269.95
2017-01-10,271.5,274.45,270.2,272.85,983300,272.85
2017-01-11,276,280.4,275.05,278.15,1830500,278.15
2017-01-12,278.55,280,271.2,275.45,1768700,275.45
2017-01-13,276.85,279.65,272.35,277.6,1539700,277.6
2017-01-16,279,287.8,278.6,285.75,2269600,285.75
2017-01-17,287.2,289.15,283.1,284.95,1721900,284.95
2017-01-18,293,296.4,286,289.55,3645600,289.55
2017-01-19,289.8,293.8,287.1,293.15,1263200,293.15
2017-01-20,291.9,293.15,285.4,288.05,1697700,288.05
2017-01-23,288.9,297,288.05,295.1,1265800,295.1
2017-01-24,297.95,304.9,296.05,303.65,2052400,303.65
2017-01-25,306,306.95,299.55,300.45,2518700,300.45
2017-01-26,300.45,300.45,300.45,300.45,0,300.45
2017-01-27,303.35,304.05,297.65,300.65,1065600,300.65
2017-01-30,300.75,301.95,295.5,300.35,1051900,300.35
2017-01-31,301.5,307.5,297.3,298.9,3038200,298.9
2017-02-01,302,307.5,298.2,306.7,1403900,306.7
2017-02-02,306,324.8,302.9,322.55,4514000,322.55
2017-02-03,320,333.2,318.4,321.85,5584700,321.85
2017-02-06,324,326.6,312.6,314.95,2632200,314.95
2017-02-07,315.05,316.8,309,311,3024400,311
2017-02-08,312.15,318.05,311,317.25,1827600,317.25
2017-02-09,319.95,320.85,311.7,317.9,2262800,317.9
2017-02-10,319.8,324.8,308.3,313.7,3795400,313.7
2017-02-13,317.95,320.55,312.05,314.75,1667500,314.75
2017-02-14,315.5,315.5,299.85,303.4,4343600,303.4
2017-02-15,304.75,304.75,292.55,293.15,3034700,293.15
2017-02-16,294.4,303.8,290.95,302.4,3166700,302.4
2017-02-17,304.9,305.65,299.05,299.8,2319000,299.8
2017-02-20,300.95,304.9,297,302.5,2391500,302.5
2017-02-21,303.95,306.75,302.4,303.35,1106500,303.35
2017-02-22,303.35,308.95,300.75,302.35,1987800,302.35
2017-02-23,301.9,305.25,296.55,302,4867000,302
2017-02-24,302,302,302,302,0,302
2017-02-27,301.1,309.9,301.1,307.15,1865200,307.15
2017-02-28,309.4,314.8,306.85,308.35,2274100,308.35
2017-03-01,311,319,305.25,318.2,2404100,318.2
2017-03-02,318.75,319.75,308.5,310.35,1287100,310.35
2017-03-03,309.4,316,304.5,313.65,2353200,313.65
2017-03-06,313.95,313.95,307.15,309.3,1719800,309.3
2017-03-07,308.05,308.85,297.3,298.55,2518000,298.55
2017-03-08,297,298.6,294,296.95,1618800,296.95
2017-03-09,294.75,296.4,290.05,291.2,2427600,291.2
2017-03-10,293.25,294,282.5,284.15,2965000,284.15
2017-03-13,284.15,284.15,284.15,284.15,0,284.15
2017-03-14,291,300.5,285.45,291.4,6464000,291.4
2017-03-15,293.8,293.8,289.45,292.4,1968500,292.4
2017-03-16,299.8,310.3,298.1,307.8,6810500,307.8
2017-03-17,310.1,316.85,307.4,310.05,4356000,310.05
2017-03-20,311.65,313.85,305.25,311.35,2843500,311.35
2017-03-21,313.7,313.7,304.6,307.2,1553100,307.2
2017-03-22,307.45,316.2,304.15,311.85,5024200,311.85
2017-03-23,320,322,316.4,319.55,17882200,319.55
2017-03-24,321.45,325.3,318.3,323.25,6517400,323.25
2017-03-27,325.35,325.6,321.65,323.9,6295100,323.9
2017-03-28,323.8,327.5,320.3,326,6512400,326
2017-03-29,294.75,294.75,289.4,290.05,6720100,290.05
2017-03-30,290,291.5,284.5,285.8,5559800,285.8
2017-03-31,285.8,290.6,284,288.8,2783300,288.8
2017-04-03,291.1,292.35,288.05,291.6,2288300,291.6
2017-04-04,291.6,291.6,291.6,291.6,0,291.6
2017-04-05,291.2,294.25,290.35,291.4,1550300,291.4
2017-04-06,292,292.4,285.95,288.15,1430400,288.15
2017-04-07,288,288.9,283,283.95,1783300,283.95
2017-04-10,283.95,289,282.75,286.9,1214200,286.9
2017-04-11,286.9,286.9,283.15,284.45,1039700,284.45
2017-04-12,286,287.15,280.2,281.95,1591500,281.95
2017-04-13,283,283.55,278.5,281.5,1237200,281.5
2017-04-14,281.5,281.5,281.5,281.5,0,281.5
2017-04-17,282,284.55,277.25,277.9,1149200,277.9
2017-04-18,279.9,282.75,270.6,272.9,2763600,272.9
2017-04-19,271.35,273.6,266.7,271.05,2668500,271.05
2017-04-20,275,285.9,273.25,282.35,4259800,282.35
2017-04-21,288,288,270.8,272.8,6163300,272.8
