"Date","JINDALSTEL.NS.Open","JINDALSTEL.NS.High","JINDALSTEL.NS.Low","JINDALSTEL.NS.Close","JINDALSTEL.NS.Volume","JINDALSTEL.NS.Adjusted"
2015-01-01,152,158.35001,150.5,156.55,6913700,156.55
2015-01-02,158,164.60001,157.60001,161.95,8169000,161.95
2015-01-05,164.8,166.75,161.2,162.85001,12103700,162.85001
2015-01-06,160.95,163.39999,151.05,152.64999,9730500,152.64999
2015-01-07,154.2,154.75,148.60001,150.35001,5299400,150.35001
2015-01-08,152.7,158.5,152.10001,157.89999,6049200,157.89999
2015-01-09,159.10001,161.45,151.5,152.85001,6935200,152.85001
2015-01-12,152.10001,153.14999,147.89999,149.39999,4015300,149.39999
2015-01-13,150.5,155.85001,147.5,148.75,6560400,148.75
2015-01-14,149.7,152,145.2,146.85001,5640200,146.85001
2015-01-15,149.3,153.7,147.2,151.8,7036000,151.8
2015-01-16,150.95,154.3,148.75,150.85001,5230700,150.85001
2015-01-19,150.95,153.60001,149.60001,151.64999,3156400,151.64999
2015-01-20,152.8,157.60001,152.3,155.35001,6752900,155.35001
2015-01-21,156.60001,157.14999,151.10001,152.8,5694100,152.8
2015-01-22,152.8,155.10001,151.3,153.64999,6123200,153.64999
2015-01-23,156,160.25,151.95,158.39999,6530200,158.39999
2015-01-26,158.39999,158.39999,158.39999,158.39999,0,158.39999
2015-01-27,158.89999,160.95,156.55,159,6069100,159
2015-01-28,158.60001,158.60001,154.10001,155.10001,3970000,155.10001
2015-01-29,154.60001,159,151.3,157.39999,11319600,157.39999
2015-01-30,156.8,160.8,154.2,158.64999,4080100,158.64999
2015-02-02,158.5,160.3,153.55,154.75,2895600,154.75
2015-02-03,155.45,155.75,150.75,152.10001,2936500,152.10001
2015-02-04,151.5,159.10001,149.75,153.8,9302800,153.8
2015-02-05,154,154.35001,144.5,146.3,4196200,146.3
2015-02-06,146.10001,147.35001,140,142.05,4937700,142.05
2015-02-09,140,145.60001,138.05,141.95,5872000,141.95
2015-02-10,140.35001,144.89999,140.10001,142.7,4284700,142.7
2015-02-11,142.7,154.2,141.60001,151.2,10619300,151.2
2015-02-12,154,154.8,145.39999,146.75,6514100,146.75
2015-02-13,148.05,153.3,146.64999,152.25,4261300,152.25
2015-02-16,152.95,154.64999,149.25,152.14999,5493100,152.14999
2015-02-17,152.14999,152.14999,152.14999,152.14999,0,152.14999
2015-02-18,153.5,157.75,151,155.35001,6370600,155.35001
2015-02-19,155.5,200.5,153.7,195.35001,68648500,195.35001
2015-02-20,206.55,208,185.39999,194.25,57545800,194.25
2015-02-23,190,194.25,186.45,190.85001,13311600,190.85001
2015-02-24,190,190.75,180.5,182.75,7878000,182.75
2015-02-25,183,187.75,182,182.89999,5981800,182.89999
2015-02-26,183.85001,186.8,181.7,184.3,7300100,184.3
2015-02-27,185,209.89999,185,193.85001,28561100,193.85001
2015-03-02,192.8,194.60001,182.64999,188.7,8512900,188.7
2015-03-03,189.5,195.60001,188.3,193.39999,7098600,193.39999
2015-03-04,196.89999,201.10001,184.3,188.55,15468200,188.55
2015-03-05,188.8,192.3,182.10001,185.5,7760600,185.5
2015-03-06,185.5,185.5,185.5,185.5,0,185.5
2015-03-09,195.10001,201,191.89999,194.60001,13528300,194.60001
2015-03-10,195.95,200,182.10001,190.05,10825600,190.05
2015-03-11,188,192.89999,186,190.85001,6414400,190.85001
2015-03-12,192.60001,196.39999,192,194.60001,5321500,194.60001
2015-03-13,195.39999,196.2,185,186.3,6056300,186.3
2015-03-16,187.60001,192.7,176.2,190.45,9295900,190.45
2015-03-17,186.60001,187.8,156.60001,174,31629700,174
2015-03-18,176.8,183.89999,173.10001,175.14999,13787300,175.14999
2015-03-19,176,177.14999,171.55,173.89999,7347700,173.89999
2015-03-20,174.10001,175.2,162.14999,164.55,8832100,164.55
2015-03-23,150,156.39999,140,154.39999,28075400,154.39999
2015-03-24,159.45,160.05,154.10001,156.64999,9496600,156.64999
2015-03-25,155.8,156.5,152.25,153,5454200,153
2015-03-26,151.89999,153.64999,149.8,150.25,13358700,150.25
2015-03-27,159,159.85001,154.35001,157.2,8747600,157.2
2015-03-30,159.89999,160.45,154,155.7,5125100,155.7
2015-03-31,159.7,161.5,155.2,156.8,6887400,156.8
2015-04-01,156.7,157.3,154.5,155.55,2562500,155.55
2015-04-02,155.55,155.55,155.55,155.55,0,155.55
2015-04-03,155.55,155.55,155.55,155.55,0,155.55
2015-04-06,155.5,156.60001,152.64999,154.3,3232800,154.3
2015-04-07,154.45,169.60001,153.45,165.5,11597700,165.5
2015-04-08,166.5,168.05,162.60001,163.85001,4929500,163.85001
2015-04-09,164.5,164.5,159.05,161,4463300,161
2015-04-10,161.60001,162.89999,156.2,157.45,6287400,157.45
2015-04-13,156.89999,164.89999,154.7,158.25,7549500,158.25
2015-04-14,158.25,158.25,158.25,158.25,0,158.25
2015-04-15,158.25,161.55,157.3,158.35001,2793700,158.35001
2015-04-16,159,163.5,155.85001,157.45,4302700,157.45
2015-04-17,161.5,161.8,158.39999,159.2,3669200,159.2
2015-04-20,159.2,161.7,152.7,154.85001,4302600,154.85001
2015-04-21,155,157.3,151.35001,152.35001,3570600,152.35001
2015-04-22,153,155.14999,148.5,152.75,4294700,152.75
2015-04-23,153.95,156.60001,152.55,154.05,3772200,154.05
2015-04-24,153.64999,154.7,146.75,148.39999,3041000,148.39999
2015-04-27,149.39999,150.89999,145,145.8,4121100,145.8
2015-04-28,146.35001,147.8,141.89999,143.3,5752800,143.3
2015-04-29,143.45,147.39999,143.45,145.75,3690800,145.75
2015-04-30,135,142.8,135,139.60001,9896100,139.60001
2015-05-01,139.60001,139.60001,139.60001,139.60001,0,139.60001
2015-05-04,140,143.5,140,142.05,2557200,142.05
2015-05-05,142.5,147.7,141.64999,146.7,3508000,146.7
2015-05-06,145.89999,148.5,132.3,134.85001,5646500,134.85001
2015-05-07,131.7,138,128.64999,137,5289000,137
2015-05-08,138.39999,140.2,132,133.64999,3201400,133.64999
2015-05-11,135,137.89999,133.60001,135.60001,2538100,135.60001
2015-05-12,135.89999,136.39999,129.05,130.10001,3346300,130.10001
2015-05-13,131.95,136.5,130.89999,134.7,3070300,134.7
2015-05-14,134.14999,142.14999,133.39999,138.85001,5784300,138.85001
2015-05-15,139.10001,142.10001,135,136.39999,3475400,136.39999
2015-05-18,136.89999,138.25,135.25,137.3,2078900,137.3
2015-05-19,137,140.35001,136.60001,138.14999,2183000,138.14999
2015-05-20,138.2,139.3,135.05,137.05,1643500,137.05
2015-05-21,137.7,137.7,134.2,136.3,1971400,136.3
2015-05-22,136.60001,142.35001,135.45,137.75,3708100,137.75
2015-05-25,137.5,138.60001,134.14999,135.2,3269100,135.2
2015-05-26,136.89999,137,133.64999,134.5,2492000,134.5
2015-05-27,132.14999,133.75,126.75,129.60001,7822600,129.60001
2015-05-28,124,128.7,117.7,118.15,15034700,118.15
2015-05-29,119.25,120.95,109.4,119.65,20206400,119.65
2015-06-01,117.5,122.15,116.05,116.7,5959600,116.7
2015-06-02,117.35,118.3,113.3,114.5,5579100,114.5
2015-06-03,114.35,114.35,97.35,106.7,13432800,106.7
2015-06-04,107.3,107.8,103.25,106.2,5046500,106.2
2015-06-05,105.95,109.4,103.2,107.1,5014900,107.1
2015-06-08,108,108.8,102.05,104.2,5478800,104.2
2015-06-09,104.2,104.65,100.85,101.85,3568400,101.85
2015-06-10,101.25,105.2,101.25,103.6,3519600,103.6
2015-06-11,104.1,104.4,93.25,96,11086600,96
2015-06-12,96,96,92,94.7,6683700,94.7
2015-06-15,95.9,98.8,93.6,96.25,5004900,96.25
2015-06-16,96.25,97.8,93.45,95.3,6159900,95.3
2015-06-17,96.1,98.9,94.55,95.95,6149900,95.95
2015-06-18,96,97.2,93.55,94,4414200,94
2015-06-19,94.4,95.2,90.45,91.3,6898700,91.3
2015-06-22,91.55,93.45,89.1,91.6,6049400,91.6
2015-06-23,92.5,97,91.85,93.8,8992400,93.8
2015-06-24,94.45,96.5,90,90.45,8295100,90.45
2015-06-25,90.5,92,88.75,90.25,11459600,90.25
2015-06-26,90.5,92,89.3,90.5,5709000,90.5
2015-06-29,89,89,85.6,86.3,5054000,86.3
2015-06-30,86,87.65,84.65,85.7,4422000,85.7
2015-07-01,85.9,89.45,85.5,87.9,5707900,87.9
2015-07-02,89.5,93.45,88.5,88.9,9876200,88.9
2015-07-03,90.7,90.7,83.2,84.55,10088800,84.55
2015-07-06,83.4,84.5,81.4,83.75,6570400,83.75
2015-07-07,84.8,84.95,81.75,82.2,5378900,82.2
2015-07-08,81.9,82.9,78,81.25,11531800,81.25
2015-07-09,81.2,85.4,80.8,81.7,10146300,81.7
2015-07-10,82.5,86.4,79.3,84.7,18275300,84.7
2015-07-13,86,86.9,83.3,83.85,9842400,83.85
2015-07-14,83.85,84.7,82.5,82.8,3792300,82.8
2015-07-15,81.95,83.7,80.7,81.05,7850700,81.05
2015-07-16,81.95,82,80.15,80.45,4814800,80.45
2015-07-17,80.55,82.1,80,80.9,5661400,80.9
2015-07-20,81,81.9,78.45,78.8,5915700,78.8
2015-07-21,78.8,80.15,77.1,77.55,7607500,77.55
2015-07-22,77.8,77.9,76.25,77.3,5288300,77.3
2015-07-23,77.5,79.45,76.5,78.85,7623800,78.85
2015-07-24,79,79.8,75.25,75.7,5033000,75.7
2015-07-27,75.5,75.5,73.6,74.65,5557700,74.65
2015-07-28,75.1,76.35,71.9,75.05,6913400,75.05
2015-07-29,75.1,77.75,74.95,75.15,5475900,75.15
2015-07-30,75.6,78.3,75.1,77.05,4265000,77.05
2015-07-31,78.15,82.35,76.8,79,8953400,79
2015-08-03,79.35,79.35,75.7,76,4186000,76
2015-08-04,76.7,78.45,74.5,77.7,8273000,77.7
2015-08-05,78.95,80.75,77.95,78.6,8483300,78.6
2015-08-06,79.8,79.8,77.6,78.6,4634200,78.6
2015-08-07,78,80,77.75,78.55,4464500,78.55
2015-08-10,78.5,84.3,78.4,82.1,10806500,82.1
2015-08-11,82.9,87.45,80.85,81.55,16333900,81.55
2015-08-12,81,81,76.55,77.15,10861100,77.15
2015-08-13,76.85,78.5,67.6,68.4,16107000,68.4
2015-08-14,64.85,73.65,62.1,70.95,27660800,70.95
2015-08-17,70.5,72.75,67,70.8,10013400,70.8
2015-08-18,70.95,73.75,69.25,71,7121000,71
2015-08-19,70.05,76.4,69.1,74.05,11849700,74.05
2015-08-20,72.75,73.8,67.4,67.9,10960200,67.9
2015-08-21,66,71.8,65,70.85,11994300,70.85
2015-08-24,68,71.6,65.1,67.8,13688400,67.8
2015-08-25,69,70.55,60,68.9,10463900,68.9
2015-08-26,69,69.65,66.05,67.3,7358400,67.3
2015-08-27,69.35,71.05,68.1,70.15,9939000,70.15
2015-08-28,72.85,73.8,66.55,67.6,13137600,67.6
2015-08-31,67.45,69.6,65.2,67.55,39144100,67.55
2015-09-01,67.55,69.5,64.1,64.7,9998200,64.7
2015-09-02,65.5,66.8,64.05,64.3,6729600,64.3
2015-09-03,65.2,66.45,64.5,65.2,5672600,65.2
2015-09-04,64.9,65.3,57.55,62.15,13315800,62.15
2015-09-07,62.8,63,59.2,59.9,5749500,59.9
2015-09-08,60.4,61.85,58.55,60.5,7866400,60.5
2015-09-09,62,63.3,60.3,62.35,8035000,62.35
2015-09-10,61,61.95,59.3,60.85,5066600,60.85
2015-09-11,61.1,63.35,60.35,61.85,6459600,61.85
2015-09-14,62,64.5,60.7,64.15,8675600,64.15
2015-09-15,64.5,65.1,62,62.15,7756800,62.15
2015-09-16,63,64.25,62.45,63.95,5621700,63.95
2015-09-17,63.95,63.95,63.95,63.95,0,63.95
2015-09-18,64.2,65.6,63.2,64,10522300,64
2015-09-21,62.35,66.95,62.15,65.2,8588700,65.2
2015-09-22,65,65.65,61.4,61.8,7611300,61.8
2015-09-23,60.6,62.3,59.95,60.75,7352000,60.75
2015-09-24,60.6,61.4,58.8,59.85,11173400,59.85
2015-09-25,59.85,59.85,59.85,59.85,0,59.85
2015-09-28,60.1,61.1,58,58.3,4753200,58.3
2015-09-29,57.75,59.8,56,58.5,9313100,58.5
2015-09-30,59.8,61.15,59.3,60.65,5594900,60.65
2015-10-01,61.2,62,59.95,60.15,4485400,60.15
2015-10-02,60.15,60.15,60.15,60.15,0,60.15
2015-10-05,60.8,70.45,60.5,69.3,21086400,69.3
2015-10-06,70.5,76.2,67.55,73.9,24691700,73.9
2015-10-07,72.7,73.15,69.6,70.1,13682500,70.1
2015-10-08,69.7,72.5,69.55,70.25,11320800,70.25
2015-10-09,70.9,72.8,69,69.4,10127700,69.4
2015-10-12,70.05,74.85,69.5,72.7,15035100,72.7
2015-10-13,72.5,75.25,72,74.6,10198900,74.6
2015-10-14,74.1,77.25,73.5,74.05,9288700,74.05
2015-10-15,74.9,75.95,73.6,75.35,5368700,75.35
2015-10-16,75.75,75.9,73.65,75.1,3478700,75.1
2015-10-19,75.7,76.55,74.35,75.05,3002500,75.05
2015-10-20,75.65,77.9,74.3,75.35,7037900,75.35
2015-10-21,75.2,76.8,74.55,76.05,5520600,76.05
2015-10-22,76.05,76.05,76.05,76.05,0,76.05
2015-10-23,77.6,78.85,75.6,76.45,8457000,76.45
2015-10-26,77.45,77.45,74.65,75.25,5412200,75.25
2015-10-27,74.85,75.8,72.85,75.25,7162800,75.25
2015-10-28,74.5,77.75,74.4,76.8,6747400,76.8
2015-10-29,77,77.85,74.5,77.05,6717400,77.05
2015-10-30,77.35,87.35,76.15,80.15,20273400,80.15
2015-11-02,79.7,81.8,77.4,78.6,7887700,78.6
2015-11-03,79.5,79.8,75.1,76.05,5779500,76.05
2015-11-04,77.25,78,75.75,76.3,5203400,76.3
2015-11-05,76.25,76.5,73.25,73.7,4015700,73.7
2015-11-06,73.9,74.4,71.5,72,4011500,72
2015-11-09,69,73.1,69,72.25,4299300,72.25
2015-11-10,72.2,73.05,70.9,71.55,5822700,71.55
2015-11-11,71.55,71.55,71.55,71.55,0,71.55
2015-11-12,71.55,71.55,71.55,71.55,0,71.55
2015-11-13,71.5,82.55,70.2,79.35,21210000,79.35
2015-11-16,76,82.3,73.05,81.1,15339100,81.1
2015-11-17,81.6,83.65,80.7,82,7986900,82
2015-11-18,81.8,83.15,79.75,80.8,6066200,80.8
2015-11-19,81.3,82.6,80.2,81.6,4303200,81.6
2015-11-20,89.75,94.5,85.9,87.8,32348000,87.8
2015-11-23,87.2,88.25,82.4,83.15,8284400,83.15
2015-11-24,82.7,87.2,82.15,86.35,10765400,86.35
2015-11-25,86.35,86.35,86.35,86.35,0,86.35
2015-11-26,86.7,92,85.05,90.4,16157300,90.4
2015-11-27,90,92.85,88.6,90.35,9182200,90.35
2015-11-30,90.85,91.7,89.6,90.9,4792800,90.9
2015-12-01,91.3,96.2,91.1,95.3,12688200,95.3
2015-12-02,95.4,96.45,94.1,94.95,5999900,94.95
2015-12-03,94.7,94.9,91.6,91.9,4906300,91.9
2015-12-04,90.7,95.55,90.25,93.4,10544200,93.4
2015-12-07,95,95.2,92,93.6,5591700,93.6
2015-12-08,92.8,93.75,87.45,88.95,4939700,88.95
2015-12-09,88.95,90.2,83.6,85,7912400,85
2015-12-10,85.3,88.5,84.5,87.35,4311200,87.35
2015-12-11,88.55,91.5,85.2,86.75,9686300,86.75
2015-12-14,87,91.8,86.6,90.9,7656800,90.9
2015-12-15,91,91.4,89.05,90.55,3915100,90.55
2015-12-16,91.4,92.3,89.6,89.85,4320200,89.85
2015-12-17,90.1,92.85,89.3,92.1,9100200,92.1
2015-12-18,91.8,91.85,89.2,91,4628200,91
2015-12-21,91.75,93,90.45,91.7,4002900,91.7
2015-12-22,91.95,93,89.55,90.55,4157700,90.55
2015-12-23,91.55,92.9,91.5,92.35,3619300,92.35
2015-12-24,93.25,93.7,91.2,92.4,2990800,92.4
2015-12-25,92.4,92.4,92.4,92.4,0,92.4
2015-12-28,92.4,92.8,89.8,90.65,3151200,90.65
2015-12-29,91.5,91.7,90.2,90.75,2341200,90.75
2015-12-30,91,95.4,90.45,94.85,12085900,94.85
2015-12-31,95.1,98.15,94.3,96.25,20223500,96.25
2016-01-01,96.5,96.5,93.8,94.2,3403500,94.2
2016-01-04,92.8,94.9,91.5,92.65,6682500,92.65
2016-01-05,93.05,97.3,91.5,95.9,8447200,95.9
2016-01-06,96.5,97,93.05,93.45,4813300,93.45
2016-01-07,91,92,83.15,83.95,9245300,83.95
2016-01-08,84.9,86.8,80.5,84.6,12862100,84.6
2016-01-11,82.2,84.9,80.95,83.95,9583600,83.95
2016-01-12,83.7,85.45,79.2,80,10828800,80
2016-01-13,82.2,82.8,74.6,77.8,12945100,77.8
2016-01-14,76.7,76.75,71.5,72.2,11858000,72.2
2016-01-15,72.7,73.2,62,64,15515200,64
2016-01-18,62.35,64.9,59,60,15693000,60
2016-01-19,60,65.6,57,64.35,20381800,64.35
2016-01-20,61.8,62.7,59.8,61.05,12411500,61.05
2016-01-21,62.1,64.4,61.2,62.65,10154900,62.65
2016-01-22,64.25,66.7,63.5,66.05,7780800,66.05
2016-01-25,67.2,67.75,64.1,65.3,5484100,65.3
2016-01-26,65.3,65.3,65.3,65.3,0,65.3
2016-01-27,66.45,66.9,64.95,65.9,5996500,65.9
2016-01-28,65.95,65.95,63.7,64.05,13364500,64.05
2016-01-29,64.75,65.9,61,64.2,8850200,64.2
2016-02-01,64.8,65.5,62.5,63.9,5358900,63.9
2016-02-02,64.35,64.45,59.7,60.05,7898400,60.05
2016-02-03,59.35,60.05,54.8,55.4,13119900,55.4
2016-02-04,56.2,58.6,54.6,57.4,9214100,57.4
2016-02-05,58.4,64.35,57.85,63.5,20592200,63.5
2016-02-08,65.5,66.3,61,61.3,11315300,61.3
2016-02-09,59.8,62.1,58.95,61.2,9940300,61.2
2016-02-10,60.75,61.25,58.25,59.65,6818400,59.65
2016-02-11,60,60,52.9,54.9,10630200,54.9
2016-02-12,56.95,56.95,48.1,55.45,17832300,55.45
2016-02-15,56.3,65.45,56.1,63.15,17147000,63.15
2016-02-16,64.4,64.4,58.3,59.15,10900100,59.15
2016-02-17,59.5,59.5,55,57.05,13304500,57.05
2016-02-18,58.75,61,56,57.05,11935700,57.05
2016-02-19,56.35,59.25,55,57.3,7841500,57.3
2016-02-22,57.6,58.25,55.6,56.75,6208400,56.75
2016-02-23,57,58.25,55.2,56.5,8478000,56.5
2016-02-24,55.6,60.7,55,58.25,15065700,58.25
2016-02-25,58.05,58.95,53.75,54.15,16928900,54.15
2016-02-26,55.25,55.6,52.55,53.4,9522300,53.4
2016-02-29,54,55,52,53.4,8912500,53.4
2016-03-01,53.8,56.4,53.55,55.85,7826200,55.85
2016-03-02,57.7,59.9,56.3,57.3,16618500,57.3
2016-03-03,58.45,64,57.3,63.35,24050900,63.35
2016-03-04,65.3,65.6,61.85,63.15,17267800,63.15
2016-03-07,63.15,63.15,63.15,63.15,0,63.15
2016-03-08,64,67.4,63.5,66.4,18857900,66.4
2016-03-09,63,65.5,61.35,65.05,15705400,65.05
2016-03-10,65.05,67.9,63,65.85,23453500,65.85
2016-03-11,65.4,67.5,62.5,62.8,18800700,62.8
2016-03-14,63.8,64,59.4,59.75,16146400,59.75
2016-03-15,60.8,61.35,59.05,60.7,11894900,60.7
2016-03-16,60.7,61.7,58,58.65,10477000,58.65
2016-03-17,60.45,60.85,58.4,58.8,8281100,58.8
2016-03-18,60.05,61,59.2,60.6,8224000,60.6
2016-03-21,61,61.6,59.6,60.25,6524000,60.25
2016-03-22,60.8,62.2,60.8,61.55,11955000,61.55
2016-03-23,62,63.25,61.8,62.2,10700600,62.2
2016-03-24,62.2,62.2,62.2,62.2,0,62.2
2016-03-25,62.2,62.2,62.2,62.2,0,62.2
2016-03-28,62.9,63.25,59.25,60.25,6952300,60.25
2016-03-29,60.5,60.7,55.5,55.75,12955200,55.75
2016-03-30,57.35,58.5,55.6,57.7,11219100,57.7
2016-03-31,57.9,60.6,57.3,60.25,13194900,60.25
2016-04-01,59.55,65.3,59.35,63.5,18486800,63.5
2016-04-04,64.85,65.6,62.7,63.4,10798800,63.4
2016-04-05,62.95,63.2,60,60.1,9563500,60.1
2016-04-06,60.3,63,60,61.95,9190700,61.95
2016-04-07,62.3,62.8,60,60.25,7506600,60.25
2016-04-08,59.7,67.9,59.7,66.65,44145000,66.65
2016-04-11,66.5,67.25,65.1,65.85,15081000,65.85
2016-04-12,65.9,67.25,65,65.4,7970900,65.4
2016-04-13,66.2,70.15,66.15,68,19053300,68
2016-04-14,68,68,68,68,0,68
2016-04-15,68,68,68,68,0,68
2016-04-18,68.5,69.8,67.1,69.25,9367700,69.25
2016-04-19,69.25,69.25,69.25,69.25,0,69.25
2016-04-20,70.25,76.5,70.2,74.55,28069100,74.55
2016-04-21,75.5,75.7,72.5,73.35,10590600,73.35
2016-04-22,73.4,74.9,72.35,72.95,8568800,72.95
2016-04-25,72.95,73.6,70.2,72.75,10832900,72.75
2016-04-26,72.65,75.4,72.25,74.25,11950900,74.25
2016-04-27,74.35,79.25,74.3,76.8,22870700,76.8
2016-04-28,75.95,77.5,74.3,74.7,11366100,74.7
2016-04-29,74.5,74.95,67.3,69.8,32805100,69.8
2016-05-02,69.3,71.6,68.1,70.7,12695700,70.7
2016-05-03,70.7,71.95,68.55,68.95,8774300,68.95
2016-05-04,70.8,71.4,65.95,66.5,17462200,66.5
2016-05-05,65.7,68.1,65,65.95,12531000,65.95
2016-05-06,65.5,65.95,63.8,64.15,8603100,64.15
2016-05-09,65,66.35,64.15,64.95,7619700,64.95
2016-05-10,64.35,66.65,64,64.4,10236300,64.4
2016-05-11,63.7,65.1,63.05,63.6,8192000,63.6
2016-05-12,64.3,64.95,63,64,7592700,64
2016-05-13,64,64,61.5,62.35,8310400,62.35
2016-05-16,62.45,62.8,61,61.35,5505900,61.35
2016-05-17,61.9,62.1,60,60.2,6250500,60.2
2016-05-18,59.9,62.2,59.15,61.55,9076200,61.55
2016-05-19,61,63.2,60.15,60.35,8973100,60.35
2016-05-20,61,61.35,59.55,59.95,4669000,59.95
2016-05-23,60.35,60.6,58.6,59.3,5289500,59.3
2016-05-24,59.1,59.95,57.85,58.2,6838400,58.2
2016-05-25,59.2,60.1,58.55,59.55,5307900,59.55
2016-05-26,59.9,61.2,59.6,60.7,6416300,60.7
2016-05-27,60.7,62.5,60.6,61.6,5713000,61.6
2016-05-30,62.6,63.25,61.4,62.1,4914500,62.1
2016-05-31,62.25,64.35,60.6,63.25,11290000,63.25
2016-06-01,63.4,63.7,61.5,62.1,4971400,62.1
2016-06-02,61.7,63.2,61.4,62.85,4061800,62.85
2016-06-03,63,63.35,60.35,61.05,5640900,61.05
2016-06-06,61.95,62.5,61.05,61.95,3658000,61.95
2016-06-07,62.9,62.9,61.15,62.15,4401700,62.15
2016-06-08,62.35,66.3,62.2,64.45,13685100,64.45
2016-06-09,64.45,65.7,63.8,64.4,6637300,64.4
2016-06-10,64.95,66.25,63.95,64.4,8476200,64.4
2016-06-13,63.9,63.9,61.25,62.05,8089900,62.05
2016-06-14,62.5,66.2,62.4,65,14758300,65
2016-06-15,65.7,66,63.6,65,5155900,65
2016-06-16,64.45,66.1,64.1,65.5,6820100,65.5
2016-06-17,66.1,67.5,65.65,66.3,8606300,66.3
2016-06-20,65.05,68.5,64.7,67.45,6785300,67.45
2016-06-21,67.8,68.35,66.25,66.6,5075000,66.6
2016-06-22,67.2,67.6,65,65.65,5669500,65.65
2016-06-23,65.5,66.05,64.3,65.6,4500200,65.6
2016-06-24,63,63.8,60.7,62.35,7528000,62.35
2016-06-27,62.35,64.3,62.15,63.75,6455300,63.75
2016-06-28,63.8,66.8,63.15,66.1,8416900,66.1
2016-06-29,66.75,67.2,66.25,66.5,5640900,66.5
2016-06-30,67.6,68.1,66.6,67.85,7207300,67.85
2016-07-01,68.95,72.45,68.5,70.65,15885500,70.65
2016-07-04,71.1,73.2,70.75,72.2,6924300,72.2
2016-07-05,72.2,74.4,71.45,73,7357100,73
2016-07-06,73,73,73,73,0,73
2016-07-07,74,74.95,70.8,71.05,8950100,71.05
2016-07-08,71.3,71.35,68.9,69.6,5943900,69.6
2016-07-11,70.95,72.65,67.35,68.85,11425200,68.85
2016-07-12,69.75,75.1,69.2,74.5,15373200,74.5
2016-07-13,74.7,76,72.45,73.5,10440000,73.5
2016-07-14,73.6,74.9,73.15,73.9,5902100,73.9
2016-07-15,74.25,74.55,72,72.55,6188700,72.55
2016-07-18,73,73.4,68.05,68.95,6795200,68.95
2016-07-19,70,70.25,68.5,69.1,5080800,69.1
2016-07-20,69.8,71.2,68,69.75,7133200,69.75
2016-07-21,69.75,70.4,66.4,67.6,8753600,67.6
2016-07-22,67.55,70.1,67,69.1,7522000,69.1
2016-07-25,69.5,70.5,68.6,70.05,5648400,70.05
2016-07-26,71,83.7,70.7,80.35,67627600,80.35
2016-07-27,80.7,90.2,79.15,88,68525900,88
2016-07-28,88,89.25,83.4,85.05,36713600,85.05
2016-07-29,85.7,87.9,82.35,83.5,25494600,83.5
2016-08-01,84.35,91.4,82.1,89.25,41680900,89.25
2016-08-02,88.9,89.35,82.85,83.55,25618400,83.55
2016-08-03,84.5,85.25,80,80.55,19613600,80.55
2016-08-04,81.25,83,79,81.8,21480400,81.8
2016-08-05,82.65,83.8,82,82.8,12110400,82.8
2016-08-08,83.7,86.5,82.75,84.3,17315100,84.3
2016-08-09,84.9,85.8,82,82.25,12723900,82.25
2016-08-10,82.45,83.45,79.8,80.3,10625200,80.3
2016-08-11,80.5,81.2,77.55,79.95,11133300,79.95
2016-08-12,80.4,82.2,80.1,80.95,8528400,80.95
2016-08-15,80.95,80.95,80.95,80.95,0,80.95
2016-08-16,81.05,82.1,79.5,81,7189500,81
2016-08-17,80.7,83.2,80.15,82.1,9697300,82.1
2016-08-18,82.65,88.4,82.6,85.4,27692400,85.4
2016-08-19,85.65,89.2,85.2,87.85,24094300,87.85
2016-08-22,88,88.2,85.35,85.85,14650100,85.85
2016-08-23,85.85,91.25,85.15,87.35,21883400,87.35
2016-08-24,87.55,88.85,87,87.5,8476200,87.5
2016-08-25,88.3,89.9,86.55,86.95,15101500,86.95
2016-08-26,87.7,87.95,84.2,85,12039800,85
2016-08-29,85.5,86.2,84.3,85.3,8343500,85.3
2016-08-30,85.75,89,85.3,87.8,16809400,87.8
2016-08-31,87.8,89.5,85.1,85.45,12938300,85.45
2016-09-01,85.95,86.35,83.8,84.3,7688700,84.3
2016-09-02,84.1,84.1,81.25,81.55,8837300,81.55
2016-09-05,81.55,81.55,81.55,81.55,0,81.55
2016-09-06,82,83.95,82,82.7,7792000,82.7
2016-09-07,83.25,85.75,82.8,85.2,9411400,85.2
2016-09-08,85.5,87.4,85.45,86.65,9740000,86.65
2016-09-09,83.9,88,81.5,84.9,20158400,84.9
2016-09-12,82.6,82.9,80.3,81,10724800,81
2016-09-13,81,81,81,81,0,81
2016-09-14,81.2,82.15,80.3,81.6,9042400,81.6
2016-09-15,83,85.4,82,83.2,17377600,83.2
2016-09-16,84,84.5,81.2,81.5,8224800,81.5
2016-09-19,81.95,82.9,81.35,81.75,5488300,81.75
2016-09-20,81.8,83.35,81.05,81.75,8176600,81.75
2016-09-21,82.15,82.65,80.6,80.85,8143300,80.85
2016-09-22,82.05,82.7,81.15,82.2,7504200,82.2
2016-09-23,82.35,84.45,81.3,82.25,12556700,82.25
2016-09-26,82,83.4,81.2,81.5,5609400,81.5
2016-09-27,82.2,82.4,80,80.4,5214700,80.4
2016-09-28,81.05,82.2,80.55,81.5,7223300,81.5
2016-09-29,82.5,82.5,73.35,74.65,16479800,74.65
2016-09-30,75,76.65,74.5,75.95,7949500,75.95
2016-10-03,77,79,76.6,78.65,6011000,78.65
2016-10-04,79.15,84.5,78.95,83.1,23414100,83.1
2016-10-05,84.1,85.95,83.05,83.5,19243800,83.5
2016-10-06,81.4,82.45,78.3,79.15,18200500,79.15
2016-10-07,79.3,80.6,78.6,80.2,8144700,80.2
2016-10-10,80.9,81.4,77.45,79.4,7308600,79.4
2016-10-11,79.4,79.4,79.4,79.4,0,79.4
2016-10-12,79.4,79.4,79.4,79.4,0,79.4
2016-10-13,78.7,80.9,76,77.8,11098600,77.8
2016-10-14,77.8,78.6,75.7,76.55,6799700,76.55
2016-10-17,76.8,77.3,75.2,75.8,5644500,75.8
2016-10-18,76.4,77.9,76,76.75,5249200,76.75
2016-10-19,77.2,77.5,75.75,76.1,5019500,76.1
2016-10-20,76.65,78.9,76.35,76.95,7365700,76.95
2016-10-21,77.45,77.45,75.65,76.15,4208800,76.15
2016-10-24,76.55,77.8,76.4,76.95,5483200,76.95
2016-10-25,78,78.8,76.35,76.8,8460200,76.8
2016-10-26,76.4,78,76.2,76.85,11847300,76.85
2016-10-27,76.35,77.3,74,76.25,9337400,76.25
2016-10-28,76,76.95,75,75.25,6708700,75.25
2016-10-31,75.25,75.25,75.25,75.25,0,75.25
2016-11-01,75.95,78.9,75.5,77.65,11483400,77.65
2016-11-02,76.45,76.45,74.15,74.75,6735200,74.75
2016-11-03,75.4,76.5,72.25,73.2,9086300,73.2
2016-11-04,72.9,73.15,68.4,68.85,9500800,68.85
2016-11-07,69.55,71.7,69.55,70.9,6277600,70.9
2016-11-08,71.6,72.65,70.4,72.2,6076100,72.2
2016-11-09,66,70.7,62,70.05,11873200,70.05
2016-11-10,72.4,78,71.55,76.35,16254400,76.35
2016-11-11,74.1,77.8,73.45,74.9,10319300,74.9
2016-11-14,74.9,74.9,74.9,74.9,0,74.9
2016-11-15,75.25,75.25,69.75,70.55,7380300,70.55
2016-11-16,71.8,72.35,67.5,67.9,8341200,67.9
2016-11-17,68.5,69.35,67.2,67.95,7999600,67.95
2016-11-18,68.05,68.1,66.1,67.55,4991100,67.55
2016-11-21,68.65,68.8,64.3,65,6908200,65
2016-11-22,65.45,67.6,65,66.95,5735000,66.95
2016-11-23,67.6,67.7,66.3,67.05,3999800,67.05
2016-11-24,66.6,66.6,64.1,64.7,6843400,64.7
2016-11-25,65.15,67.2,64.95,66.65,5054500,66.65
2016-11-28,66.3,72.15,66.1,70.9,11335400,70.9
2016-11-29,70.8,72.4,69.55,70.55,5489200,70.55
2016-11-30,71,71.3,69.95,70.6,5925000,70.6
2016-12-01,70.8,71.3,67.3,68.2,4685100,68.2
2016-12-02,67.1,69.45,67,67.4,5282600,67.4
2016-12-05,68.15,69.2,67.7,68.65,5949300,68.65
2016-12-06,69,71.7,68.3,70.9,7323300,70.9
2016-12-07,71.4,72.35,69.75,71.25,5024000,71.25
2016-12-08,72.55,75.5,72.3,73.1,11229800,73.1
2016-12-09,71.9,75.65,71.05,74.2,14764800,74.2
2016-12-12,73.95,75.15,72.65,73.5,5175000,73.5
2016-12-13,74.1,76.7,73,76.3,9379400,76.3
2016-12-14,77,77.2,75.35,75.85,5434900,75.85
2016-12-15,74.9,76.95,73.5,73.95,6006400,73.95
2016-12-16,74.5,74.7,72.7,73.1,4224500,73.1
2016-12-19,73.35,74.7,72.75,73.3,3602900,73.3
2016-12-20,73.7,74.15,71.15,71.95,3250900,71.95
2016-12-21,72.85,73,71.6,71.75,3678700,71.75
2016-12-22,71.9,72.25,67.6,68.8,7469800,68.8
2016-12-23,68,68.9,67,68.1,4992200,68.1
2016-12-26,67.95,68,64.9,65.3,4976400,65.3
2016-12-27,65.35,67.05,64.9,66.35,5387300,66.35
2016-12-28,67,69.25,67,67.85,8768900,67.85
2016-12-29,68.1,69.8,68,69.55,5029600,69.55
2016-12-30,69.7,70.9,68.6,69.2,5947600,69.2
2017-01-02,69.8,70.8,68.85,70.35,4895200,70.35
2017-01-03,70.2,71.45,69.85,70.4,4251900,70.4
2017-01-04,70.7,71.8,70.2,71.2,3841700,71.2
2017-01-05,72.3,76.45,71.5,75.5,11807100,75.5
2017-01-06,75.9,77.2,73.2,73.55,12215700,73.55
2017-01-09,74.15,74.6,73,74.25,3467100,74.25
2017-01-10,74.6,75.5,74,74.8,4120500,74.8
2017-01-11,75.2,85.7,74.8,81.95,39447500,81.95
2017-01-12,81.8,82.5,78.75,80.65,14493300,80.65
2017-01-13,80.7,81.45,77.5,78.45,10195000,78.45
2017-01-16,78.5,81.8,77.1,78.9,9944100,78.9
2017-01-17,79,79.85,77.2,77.5,5546900,77.5
2017-01-18,77.95,81.8,77.85,80.2,15330400,80.2
2017-01-19,80.25,80.7,79.2,80,4958000,80
2017-01-20,79.2,80.6,76.3,77.15,7578800,77.15
2017-01-23,77.35,79.4,77.2,78.9,6616700,78.9
2017-01-24,79,81.5,78.95,81.05,8334000,81.05
2017-01-25,81.7,82.7,80.1,82.2,11146300,82.2
2017-01-26,82.2,82.2,82.2,82.2,0,82.2
2017-01-27,82.5,83.9,75.4,79.3,22846900,79.3
2017-01-30,79.4,83.6,79.05,81.7,14872600,81.7
2017-01-31,81,82.4,79.7,80,7810200,80
2017-02-01,80.2,84.2,78.55,83.4,13431000,83.4
2017-02-02,83.5,87.2,81,86,16549900,86
2017-02-03,86.1,93.25,86.05,91.3,39982900,91.3
2017-02-06,93.1,94.25,90.1,90.85,14878700,90.85
2017-02-07,91,96.25,89,89.8,39125500,89.8
2017-02-08,90.4,92.45,89.3,91.6,9792600,91.6
2017-02-09,92.25,93.4,90.2,91.85,12336100,91.85
2017-02-10,92.35,92.7,90.2,91,5076000,91
2017-02-13,91.55,92.4,85.5,88.5,10591100,88.5
2017-02-14,88.7,89.5,87.1,88.1,5183800,88.1
2017-02-15,89,93.75,88.2,89.75,28033900,89.75
2017-02-16,90.45,94.7,90.45,92.55,21297400,92.55
2017-02-17,93.05,94.5,92,93,11452300,93
2017-02-20,93.45,102.7,93,100.15,55711300,100.15
2017-02-21,101,110.15,101,109.4,58706700,109.4
2017-02-22,109.6,111.5,103.2,110.25,39187700,110.25
2017-02-23,110.25,117.9,107,116.6,49390500,116.6
2017-02-24,116.6,116.6,116.6,116.6,0,116.6
2017-02-27,115.95,125.5,114.35,124.7,52265700,124.7
2017-02-28,126.5,129.55,124.8,125.45,41787600,125.45
2017-03-01,125.5,127.35,123.8,126.25,19000200,126.25
2017-03-02,127.45,128.5,124.05,125.05,16033600,125.05
2017-03-03,124.9,128.25,122.65,126.4,11527000,126.4
2017-03-06,128.89999,129.7,124.7,125.95,13014400,125.95
2017-03-07,127.1,127.85,124.3,124.8,7491400,124.8
2017-03-08,125,125.4,119.3,122.3,13736100,122.3
2017-03-09,121.8,125.65,114,118.25,40098000,118.25
2017-03-10,120.9,127.25,120.5,125.5,40470700,125.5
2017-03-13,125.5,125.5,125.5,125.5,0,125.5
2017-03-14,129.5,129.7,124.2,124.85,14230700,124.85
2017-03-15,124.9,125.8,122.5,122.95,7439700,122.95
2017-03-16,125.5,130.60001,124,128.35001,21880400,128.35001
2017-03-17,129,132,127.25,129.95,21304700,129.95
2017-03-20,130.89999,131,126.1,128.39999,11562200,128.39999
2017-03-21,129.25,129.39999,126.6,127.8,7351200,127.8
2017-03-22,125.8,126.95,124.1,124.75,6987200,124.75
2017-03-23,125.5,126.4,124.2,125.5,4514900,125.5
2017-03-24,125.7,126.9,119.05,119.75,17408100,119.75
2017-03-27,121,121.85,114.75,116.5,12043700,116.5
2017-03-28,117.9,121.45,117.5,120.3,10877000,120.3
2017-03-29,120.3,121.25,117.35,118.55,6982400,118.55
2017-03-30,119.2,119.85,117.2,119,9221100,119
2017-03-31,121,123.95,120.2,121,15018900,121
2017-04-03,121.8,124,121.2,123.25,7525200,123.25
2017-04-04,123.25,123.25,123.25,123.25,0,123.25
2017-04-05,123.75,125.25,123.5,124.5,7659700,124.5
2017-04-06,125,133.89999,125,132.75,29822100,132.75
2017-04-07,133,135.25,128.45,129,24788600,129
2017-04-10,128.89999,129.75,125.85,127.95,10420300,127.95
2017-04-11,128.14999,129.14999,126.2,127.5,5341400,127.5
2017-04-12,127.9,128.35001,123.4,126.9,7445700,126.9
2017-04-13,125.1,125.95,121.2,122.15,9841900,122.15
2017-04-14,122.15,122.15,122.15,122.15,0,122.15
2017-04-17,122.7,123.75,120,121.1,6987300,121.1
2017-04-18,122.15,126.35,117.6,118.55,11421200,118.55
2017-04-19,119.35,119.7,109.5,112.55,25848400,112.55
2017-04-20,111.75,113.35,109,111.05,12863600,111.05
2017-04-21,112.5,114.25,111.6,112,8834400,112
