"Date","JISLJALEQS.NS.Open","JISLJALEQS.NS.High","JISLJALEQS.NS.Low","JISLJALEQS.NS.Close","JISLJALEQS.NS.Volume","JISLJALEQS.NS.Adjusted"
2015-01-01,70.4,70.4,69.05,69.55,1796700,68.5752
2015-01-02,70.2,71.6,69.9,71.15,2553000,70.1528
2015-01-05,71.7,72.5,69.8,70.3,2496100,69.3147
2015-01-06,70.3,70.3,66.35,66.65,2656300,65.7159
2015-01-07,67,67.2,64.9,65.85,2650000,64.9271
2015-01-08,66.7,67.9,66.1,67.25,2610500,66.3075
2015-01-09,67.65,68.15,65.5,66,2229900,65.075
2015-01-12,66.65,67.55,65.65,66.65,2203200,65.7159
2015-01-13,67.3,67.35,64.65,64.8,1905100,63.8918
2015-01-14,65,66.6,64.65,65.45,4334000,64.5327
2015-01-15,66.2,67.95,65.45,66.75,3326000,65.8145
2015-01-16,66.4,69.75,65.75,69.2,3696600,68.2301
2015-01-19,69.95,70.15,68.55,69.35,2531800,68.378
2015-01-20,69.4,70.65,69,69.35,2567200,68.378
2015-01-21,69.6,69.95,66.5,67.1,2280400,66.1596
2015-01-22,67.5,67.95,66.2,66.85,1538200,65.9131
2015-01-23,67.4,68.35,66.3,66.9,1858600,65.9624
2015-01-26,66.9,66.9,66.9,66.9,0,65.9624
2015-01-27,67.15,67.85,65.6,65.95,2253900,65.0257
2015-01-28,65,66.75,65,65.7,1718200,64.7792
2015-01-29,65.6,66.6,65.35,65.65,2424000,64.7299
2015-01-30,66,70.9,65.65,69.7,7507500,68.7231
2015-02-02,69.3,71.7,68.8,69.55,2969500,68.5752
2015-02-03,69.95,70.45,67.15,68,2786000,67.047
2015-02-04,68.6,73.1,68.6,70.9,7416200,69.9063
2015-02-05,71.25,73.9,68,69.55,6354700,68.5752
2015-02-06,69.25,70.5,66.3,67.45,4308200,66.5047
2015-02-09,66.85,70.55,65.65,66.25,5906700,65.3215
2015-02-10,66.35,68.25,63.25,63.95,5201300,63.0537
2015-02-11,61,66.65,61,66.05,7543800,65.1243
2015-02-12,66.8,66.9,62.7,64.5,4692200,63.596
2015-02-13,64,66.15,64,65.25,3043900,64.3355
2015-02-16,65.6,67.6,65.1,66.4,3588500,65.4694
2015-02-17,66.4,66.4,66.4,66.4,0,65.4694
2015-02-18,66.9,68.2,66.4,66.8,3679800,65.8638
2015-02-19,67.5,67.8,65.25,66.85,3293900,65.9131
2015-02-20,67.3,71.9,66.35,70.6,9783800,69.6105
2015-02-23,71.15,72.3,69,69.5,5517800,68.5259
2015-02-24,69.65,70.85,66.85,67.95,6080600,66.9977
2015-02-25,68.5,70.75,68.2,69.85,5608900,68.871
2015-02-26,70.4,70.6,68.8,69.25,3043400,68.2794
2015-02-27,69.75,72.4,69.75,71.8,4693500,70.7937
2015-03-02,73,73.3,68.5,69.45,6786500,68.4766
2015-03-03,70.2,73.9,69.85,73.4,7882100,72.3713
2015-03-04,73.9,74.2,68.5,69.35,6849500,68.378
2015-03-05,69.45,70.35,68.6,69.85,2953900,68.871
2015-03-06,69.85,69.85,69.85,69.85,0,68.871
2015-03-09,69.6,69.6,66.4,66.75,2874800,65.8145
2015-03-10,67.1,67.4,64.3,65.4,2874600,64.4834
2015-03-11,65.8,66.15,64.55,64.9,2455000,63.9904
2015-03-12,65.35,66.9,65.1,66.45,2416200,65.5187
2015-03-13,66.8,67.1,63.75,64.05,2807100,63.1523
2015-03-16,64.2,64.35,62.8,62.95,1963100,62.0677
2015-03-17,63.4,64.25,61.1,62.2,4717000,61.3283
2015-03-18,62.4,64.55,62.05,64.25,3115800,63.3495
2015-03-19,64.95,65.45,62.55,62.95,2608600,62.0677
2015-03-20,62.9,63.1,60.55,60.85,2527100,59.9972
2015-03-23,61.4,61.4,60.4,60.8,1691300,59.9479
2015-03-24,60.8,61.6,59.65,60.75,2346800,59.8986
2015-03-25,60.75,60.95,59.55,60.7,3426900,59.8493
2015-03-26,60.2,61.2,60,60.4,4890600,59.5535
2015-03-27,60.8,62.9,58.9,61.2,6685300,60.3423
2015-03-30,61.75,62.45,60.85,62.25,1648200,61.3776
2015-03-31,62.25,63.15,61.2,61.6,2298900,60.7367
2015-04-01,61.55,62.9,61,62.6,1849600,61.7226
2015-04-02,62.6,62.6,62.6,62.6,0,61.7226
2015-04-03,62.6,62.6,62.6,62.6,0,61.7226
2015-04-06,63,63.1,61.3,62.25,1463400,61.3776
2015-04-07,62.25,64.1,61.35,63.7,2196000,62.8072
2015-04-08,64.3,65.8,63.7,65.15,3269100,64.2369
2015-04-09,65.5,65.85,63.75,65.4,3174100,64.4834
2015-04-10,65.6,67.5,64.65,67,2228600,66.061
2015-04-13,67.35,68.15,66.6,67.25,1551300,66.3075
2015-04-14,67.25,67.25,67.25,67.25,0,66.3075
2015-04-15,67.55,67.55,65.55,66,1399100,65.075
2015-04-16,66.05,66.35,63.9,64.35,2303700,63.4481
2015-04-17,64.4,65.2,63.35,64.05,1686000,63.1523
2015-04-20,64.5,65.25,63,63.8,3178600,62.9058
2015-04-21,63.9,64.85,63.15,64.3,1276800,63.3988
2015-04-22,64.5,65.1,63.2,63.95,1328100,63.0537
2015-04-23,64.75,64.95,62.85,63.15,2217300,62.2649
2015-04-24,63.25,63.4,60.55,60.9,1846300,60.0465
2015-04-27,60.7,61.15,56.9,58.1,2272500,57.2857
2015-04-28,58.1,59.15,56.65,58.05,3751300,57.2364
2015-04-29,58.35,59.4,58,58.4,2330400,57.5815
2015-04-30,58.75,58.75,56.7,57,3765500,56.2011
2015-05-01,57,57,57,57,0,56.2011
2015-05-04,57.6,59.65,57.35,59.3,3733700,58.4689
2015-05-05,59.1,61.2,58.6,60.85,2571600,59.9972
2015-05-06,60.75,60.75,57.2,57.55,2555600,56.7434
2015-05-07,57.55,57.9,55.95,56.55,2221500,55.7574
2015-05-08,57.25,58.95,56.6,57.25,2260100,56.4476
2015-05-11,57.75,59.2,56.8,58.65,2481300,57.828
2015-05-12,58.95,59.35,55.3,55.95,2923800,55.1658
2015-05-13,56.7,57.1,55.1,56,3844600,55.2151
2015-05-14,56.15,57.75,55.5,57.4,3942300,56.5955
2015-05-15,57.7,58.25,56.1,56.8,2917900,56.0039
2015-05-18,62,67.3,60.2,66.15,24830700,65.2229
2015-05-19,65.55,68.9,64.75,67.5,11591400,66.554
2015-05-20,67.3,68.75,65.5,66,3434800,65.075
2015-05-21,66.2,66.2,64.65,65.7,2302400,64.7792
2015-05-22,65.7,66.9,64.9,65.2,2150700,64.2862
2015-05-25,65.2,66.8,64.9,65.25,2037900,64.3355
2015-05-26,65.35,66.1,64.1,64.7,2280000,63.7932
2015-05-27,64,65,63.65,64.45,1191300,63.5467
2015-05-28,64.55,67.1,64.05,66.8,3421000,65.8638
2015-05-29,67.2,68.5,66.3,67.05,3444100,66.1103
2015-06-01,67.25,68.15,66.1,66.55,1835600,65.6173
2015-06-02,66.5,66.9,62.4,62.7,3528400,61.8212
2015-06-03,62.7,63.6,59.2,61.55,3224300,60.6874
2015-06-04,61.95,62.55,59.9,61.85,2284100,60.9832
2015-06-05,61.5,63.2,60.85,62.45,2012600,61.5747
2015-06-08,62.45,63.05,60.65,61.4,1615800,60.5395
2015-06-09,61.5,61.55,60,60.65,1622800,59.8
2015-06-10,60.7,63.5,60.6,63.1,2734800,62.2156
2015-06-11,63.8,64.6,61.05,61.7,3124300,60.8353
2015-06-12,61.5,62.75,61.25,62.35,1887500,61.4761
2015-06-15,62.45,64.95,61.9,63.9,2392600,63.0044
2015-06-16,63.8,65.15,62.5,64.75,2686400,63.8425
2015-06-17,65.35,65.6,64.2,64.8,2644400,63.8918
2015-06-18,64.5,67.25,64.5,66.55,3310600,65.6173
2015-06-19,67.1,68.1,66.35,67.2,2812100,66.2582
2015-06-22,67.7,69.2,67.3,68.85,3136900,67.885
2015-06-23,68.8,70.4,68.35,69.35,3260000,68.378
2015-06-24,70,70.55,67.85,68.35,6747200,67.3921
2015-06-25,68.3,69.45,67.9,68.45,4583800,67.4907
2015-06-26,67.15,68.7,66,67.45,3598100,66.5047
2015-06-29,65.35,65.5,63.3,64.15,3113900,63.2509
2015-06-30,64.1,67.15,64.1,66.85,4383500,65.9131
2015-07-01,68.3,72.4,67.9,69.55,16030000,68.5752
2015-07-02,70.1,72.9,69.1,71.2,12765400,70.2021
2015-07-03,71.5,72.7,70.65,71,5870000,70.0049
2015-07-06,69.15,72.3,68.4,72,3270600,70.9909
2015-07-07,72,72.95,70.5,71,3909400,70.0049
2015-07-08,70,74.65,68.55,73.55,9977600,72.5192
2015-07-09,74.3,74.4,72,72.35,6686300,71.336
2015-07-10,72.85,73.6,71.85,72.4,4200800,71.3853
2015-07-13,72.85,73.9,72.05,73.05,3147300,72.0262
2015-07-14,73.5,75.95,73.5,74.5,6910600,73.4559
2015-07-15,74.8,75.15,72.75,73.1,3833700,72.0755
2015-07-16,73.6,73.85,72.5,72.7,3055400,71.6811
2015-07-17,72.8,74.6,72.7,73.95,2818200,72.9136
2015-07-20,74.3,77,73.3,76.6,5511600,75.5264
2015-07-21,78.45,78.7,75.1,75.55,8781200,74.4912
2015-07-22,75.5,77.4,75.1,77.15,2648400,76.0687
2015-07-23,76.6,78.95,76.5,77.3,3721700,76.2166
2015-07-24,77.2,77.5,75.4,75.85,2688600,74.7869
2015-07-27,75.3,75.65,72.55,72.7,3316500,71.6811
2015-07-28,72.7,73.65,70.7,72.35,5326600,71.336
2015-07-29,72.45,73,71.25,72.2,3016400,71.1881
2015-07-30,72.65,74.75,71.9,74.35,5779900,73.308
2015-07-31,74.6,75.9,73.6,74.4,4473100,73.3573
2015-08-03,74.5,76.5,74.2,75.65,3206100,74.5897
2015-08-04,75.85,76.6,74.5,76.2,3106500,75.132
2015-08-05,76.5,76.9,75.3,75.7,2479600,74.639
2015-08-06,75.6,76.1,73.8,74.85,2588500,73.801
2015-08-07,74.95,76.7,74.5,75.6,2051500,74.5404
2015-08-10,75.5,77.9,74.7,76.1,4519400,75.0334
2015-08-11,76.9,76.9,69.25,69.65,7776400,68.6738
2015-08-12,69,69.9,65.2,65.75,6606100,64.8285
2015-08-13,66.3,67.3,63.1,63.4,4229700,62.5114
2015-08-14,64,65.6,63.05,64.6,3927100,63.6946
2015-08-17,64.95,65.35,63.5,63.9,2768500,63.0044
2015-08-18,64.9,66.75,64.4,65.85,4158100,64.9271
2015-08-19,65.9,66.85,65.1,65.65,2570700,64.7299
2015-08-20,65.4,66,63,63.25,3265300,62.3635
2015-08-21,61.4,63.8,60.4,63.3,2934700,62.4128
2015-08-24,60.5,61.35,51.55,52.95,6226700,52.2079
2015-08-25,54.9,55.95,50.5,55.35,6911900,54.5743
2015-08-26,54.9,57.6,53,56.5,4438700,55.7081
2015-08-27,57.9,58.95,56.9,58.25,9423900,57.4336
2015-08-28,58.85,59.85,57.35,58.2,2990800,57.3843
2015-08-31,58,58.9,57.25,58.45,3097200,57.6308
2015-09-01,57.9,57.9,54.05,55.25,2850900,54.4757
2015-09-02,55.7,56.4,54.5,55.7,2056000,54.9194
2015-09-03,56.3,58,55.9,57.6,2705700,56.7927
2015-09-04,57.7,57.75,53.4,55.1,2576700,54.3278
2015-09-07,55.8,56.3,53.1,54.4,2811500,53.6376
2015-09-08,54.25,57.2,53.9,56.2,2112600,55.4123
2015-09-09,57.25,57.9,56.35,56.9,1899600,56.1025
2015-09-10,56,58.25,54.4,57.65,2896100,57.3459
2015-09-11,57.5,60.6,57.5,59.6,3279300,59.2857
2015-09-14,60.05,61.45,59.8,61,2526300,60.6783
2015-09-15,61,61.4,58.05,58.55,2706000,58.2412
2015-09-16,59.25,59.85,58,58.8,1967300,58.4899
2015-09-17,58.8,58.8,58.8,58.8,0,58.4899
2015-09-18,59.5,60.8,59.05,60.25,2996200,59.9322
2015-09-21,59.05,61.45,59.05,60.65,1545400,60.3301
2015-09-22,61.1,61.95,58.5,58.9,2363600,58.5893
2015-09-23,58,59.9,57.1,59.55,2791100,59.2359
2015-09-24,59.55,60.4,58.8,59.15,2060300,58.838
2015-09-25,59.15,59.15,59.15,59.15,0,58.838
2015-09-28,59.75,61,58.7,59.8,2120100,59.4846
2015-09-29,58.8,61.15,57.25,60.85,2500000,60.5291
2015-09-30,61.4,64.7,61.15,64.15,3923200,63.8117
2015-10-01,64.4,64.95,62.45,63.3,2003700,62.9661
2015-10-02,63.3,63.3,63.3,63.3,0,62.9661
2015-10-05,64,66.35,63.6,65.8,3665400,65.453
2015-10-06,66,66.4,64.4,65.1,3447600,64.7566
2015-10-07,65.6,66.45,64.5,65,3383300,64.6572
2015-10-08,65,65.45,63.05,63.5,2514500,63.1651
2015-10-09,64.05,65.85,63.85,65.4,3055400,65.0551
2015-10-12,65.95,68.1,65.35,66.15,3466100,65.8011
2015-10-13,66.35,67.7,65.95,67.35,2618100,66.9948
2015-10-14,67.2,68,66.25,66.75,1788700,66.3979
2015-10-15,66.9,67.9,66.65,67.1,1881700,66.7461
2015-10-16,67.4,67.65,66.2,66.4,2541400,66.0498
2015-10-19,66.25,66.85,65.05,66.1,2048600,65.7514
2015-10-20,66.5,68.8,66,67.95,6499500,67.5916
2015-10-21,68,68,64.55,65.75,3296200,65.4032
2015-10-22,65.75,65.75,65.75,65.75,0,65.4032
2015-10-23,66.45,67.55,66,66.3,3258400,65.9503
2015-10-26,66.4,66.65,64.5,64.75,2511800,64.4085
2015-10-27,65,66.35,64.3,65.45,3418900,65.1048
2015-10-28,65.3,66.25,64.6,65.1,2893300,64.7566
2015-10-29,65.1,65.3,63.85,64.15,3972100,63.8117
2015-10-30,64.2,64.7,61,61.8,3069000,61.4741
2015-11-02,61.8,63.5,60.9,62.7,4832300,62.3693
2015-11-03,63.05,64.9,62.55,63.4,5356300,63.0656
2015-11-04,64.5,68.1,64.5,67.75,12508800,67.3927
2015-11-05,67.05,69.25,66.7,68.2,7683900,67.8403
2015-11-06,68.55,69.4,64.15,65.55,7364400,65.2043
2015-11-09,64.3,67.5,63.5,66.6,4075200,66.2487
2015-11-10,66.1,67,64.45,65.5,2904800,65.1545
2015-11-11,65.5,65.5,65.5,65.5,0,65.1545
2015-11-12,65.5,65.5,65.5,65.5,0,65.1545
2015-11-13,65.85,68.5,65.5,66.75,2415800,66.3979
2015-11-16,66.7,68.7,66.1,67.85,2319500,67.4921
2015-11-17,68.35,68.6,66.5,67.25,1829200,66.8953
2015-11-18,67.25,67.65,65.4,65.65,1415000,65.3037
2015-11-19,65.8,66.9,65.8,66.6,1039600,66.2487
2015-11-20,66.6,67.5,66.35,66.7,1197800,66.3482
2015-11-23,66.75,67.1,66.2,66.45,1122200,66.0995
2015-11-24,66.65,67.35,66.15,66.75,1994300,66.3979
2015-11-25,66.75,66.75,66.75,66.75,0,66.3979
2015-11-26,67.15,68.1,66.75,67.2,5074100,66.8456
2015-11-27,67,68.2,66.6,67.1,1697300,66.7461
2015-11-30,67.2,67.5,66.65,67,1145600,66.6466
2015-12-01,67.25,67.35,65.8,66.4,1308800,66.0498
2015-12-02,66.7,66.95,65.35,66,1266500,65.6519
2015-12-03,65.9,70.35,65.6,69.25,4882500,68.8848
2015-12-04,69.8,69.95,68,68.35,3775100,67.9895
2015-12-07,68.5,69,67.25,68.1,1330100,67.7408
2015-12-08,68.2,68.9,64.95,65.55,2017700,65.2043
2015-12-09,65.45,65.6,61.55,62.65,3706600,62.3196
2015-12-10,63.95,63.95,62.65,63.35,1499800,63.0159
2015-12-11,63.85,63.85,60.1,61.2,2227600,60.8772
2015-12-14,60.8,62.15,60,61.05,2874800,60.728
2015-12-15,61.5,63.4,60.55,62.7,3757500,62.3693
2015-12-16,63.05,63.05,61.8,62.3,1985300,61.9714
2015-12-17,62.65,64.1,62,63.8,2242100,63.4635
2015-12-18,63.7,65.15,62.95,64.05,2506900,63.7122
2015-12-21,64.7,66.45,63.55,65.75,1979700,65.4032
2015-12-22,66,66.15,63.5,64.05,2400800,63.7122
2015-12-23,64.75,65.7,64.3,64.9,1473700,64.5577
2015-12-24,65.3,66.5,64.9,65.75,1725500,65.4032
2015-12-25,65.75,65.75,65.75,65.75,0,65.4032
2015-12-28,65.95,67,65.5,66.75,1593400,66.3979
2015-12-29,67.2,67.8,66.1,66.85,1833200,66.4974
2015-12-30,67.4,67.5,66.45,67.15,1783500,66.7958
2015-12-31,67.3,69.5,67.1,69.1,5464400,68.7355
2016-01-01,69.3,72.4,68.55,71,2568200,70.6255
2016-01-04,72,78.1,72,74.4,16707800,74.0076
2016-01-05,74.5,76.9,72.45,75.2,7153200,74.8034
2016-01-06,75,77.15,73.35,74.75,4267200,74.3558
2016-01-07,73.2,73.6,70.6,71.1,4162200,70.725
2016-01-08,71.8,73.75,71.8,72.7,2890200,72.3166
2016-01-11,71.05,73.3,71,72.3,2726400,71.9187
2016-01-12,72.7,73.6,70,71.25,3521500,70.8742
2016-01-13,71.75,72.4,64.85,69,6248000,68.6361
2016-01-14,68,68,64.75,65.45,3470400,65.1048
2016-01-15,66,66.65,60.55,61.5,4301200,61.1756
2016-01-18,61.25,61.85,56.65,59,4247700,58.6888
2016-01-19,58.95,60.65,57.65,58.8,3435100,58.4899
2016-01-20,57.95,57.95,53.65,56.35,6408200,56.0528
2016-01-21,57.6,58.95,55.85,58.05,4053900,57.7438
2016-01-22,59.8,61.45,59.1,60.9,3815000,60.5788
2016-01-25,61.5,62.8,60.3,61.5,2469900,61.1756
2016-01-26,61.5,61.5,61.5,61.5,0,61.1756
2016-01-27,62.25,62.35,61.2,62.1,2310400,61.7725
2016-01-28,62,63.7,61.55,62.55,4597000,62.2201
2016-01-29,63.5,64.75,62.1,63.9,4497100,63.563
2016-02-01,64.75,66.35,63.7,65.35,3053500,65.0053
2016-02-02,65.1,65.7,62.4,62.6,2332200,62.2698
2016-02-03,62.1,62.4,59.1,59.85,2599500,59.5343
2016-02-04,60.6,62.6,59.15,60.05,3918200,59.7333
2016-02-05,60.65,62.15,60.4,61.85,1755900,61.5238
2016-02-08,62.1,63.8,61.35,61.8,2970300,61.4741
2016-02-09,61.05,61.5,58.4,59.25,4198400,58.9375
2016-02-10,58.95,59.55,57.5,58.5,2976800,58.1915
2016-02-11,58,58.75,52.8,54.4,6452800,54.1131
2016-02-12,55,55.4,50.35,52.75,5570300,52.4718
2016-02-15,54,55.25,53.05,53.4,5304300,53.1184
2016-02-16,54.4,54.4,50.3,50.65,4096300,50.3829
2016-02-17,50.95,51,46.8,47.9,7777800,47.6474
2016-02-18,48.9,53.7,48.2,52.4,8352300,52.1236
2016-02-19,52.45,54.4,51.65,53.5,3599300,53.2178
2016-02-22,54,55.4,53.7,54.95,3368900,54.6602
2016-02-23,55.65,55.9,54,54.35,4824000,54.0633
2016-02-24,53.8,55.45,53.2,54.9,3424300,54.6104
2016-02-25,55.55,55.8,54.35,54.75,5213600,54.4612
2016-02-26,55.55,56.4,53.55,56.05,6140300,55.7544
2016-02-29,56.65,60.2,54.15,54.55,20595900,54.2623
2016-03-01,54.95,55.9,54.4,55.3,6849700,55.0083
2016-03-02,56,57.45,55.6,55.9,4767100,55.6052
2016-03-03,56.5,56.75,54.85,56.35,3361100,56.0528
2016-03-04,56.35,57.4,55.5,56.25,3066800,55.9533
2016-03-07,56.25,56.25,56.25,56.25,0,55.9533
2016-03-08,56.75,58.2,56.1,57.6,4136500,57.2962
2016-03-09,57.6,59.15,57.25,58.45,4183000,58.1417
2016-03-10,58.9,59.7,57.5,57.9,2670400,57.5946
2016-03-11,58.15,58.75,57.1,57.85,3007900,57.5449
2016-03-14,58.5,58.8,55.8,56.05,2512700,55.7544
2016-03-15,56.05,57.15,55.5,55.7,2970700,55.4062
2016-03-16,55.85,56.3,54.5,54.9,2239700,54.6104
2016-03-17,55.55,57.05,55.25,55.7,3556000,55.4062
2016-03-18,56.45,57.1,55.05,56.6,3839500,56.3015
2016-03-21,56.8,57.3,56.1,56.5,3552300,56.202
2016-03-22,56.6,57.45,56.2,56.55,2401600,56.2517
2016-03-23,56.5,57.9,56.05,56.3,2646900,56.0031
2016-03-24,56.3,56.3,56.3,56.3,0,56.0031
2016-03-25,56.3,56.3,56.3,56.3,0,56.0031
2016-03-28,56.55,59.5,56.55,57.25,8635900,56.948
2016-03-29,57.45,58.35,56.55,56.85,2774800,56.5502
2016-03-30,57.5,59.1,57.15,58.65,4879900,58.3407
2016-03-31,59.1,60.9,59.1,60.3,15010300,59.982
2016-04-01,60,61.35,59.55,60.35,3934400,60.0317
2016-04-04,60.6,60.8,59.2,59.65,1504300,59.3354
2016-04-05,59.75,60,57.65,58.1,2173000,57.7936
2016-04-06,58.4,60,57.8,59.7,2199000,59.3851
2016-04-07,59.9,60.25,58.85,59.05,1518900,58.7386
2016-04-08,59.2,59.85,58.5,58.9,1438800,58.5893
2016-04-11,58.9,59.75,58.6,59.5,2521200,59.1862
2016-04-12,59.85,64.4,59.7,63.1,9017200,62.7672
2016-04-13,64.4,65.25,63.5,63.65,4800900,63.3143
2016-04-14,63.65,63.65,63.65,63.65,0,63.3143
2016-04-15,63.65,63.65,63.65,63.65,0,63.3143
2016-04-18,63.9,65.4,63.25,64.8,3810800,64.4582
2016-04-19,64.8,64.8,64.8,64.8,0,64.4582
2016-04-20,65.45,66.75,65.05,66.4,3887500,66.0498
2016-04-21,66.9,67.25,64.85,65.15,2081600,64.8064
2016-04-22,65,65.9,64.35,64.8,2950000,64.4582
2016-04-25,65.05,65.4,62.3,63.05,2492900,62.7175
2016-04-26,63.35,64.45,62.45,63.85,2146800,63.5132
2016-04-27,64.15,64.5,63,63.6,1605900,63.2646
2016-04-28,63.5,64.2,61.4,61.65,4241200,61.3248
2016-04-29,61.6,62.45,59.9,61.1,2149400,60.7777
2016-05-02,61.05,62.5,60.4,62.15,2003100,61.8222
2016-05-03,62.45,64.15,62.35,63.45,4277700,63.1154
2016-05-04,63.05,64.7,62.5,63.7,3821800,63.364
2016-05-05,63.7,64.1,62.05,62.75,1545400,62.419
2016-05-06,62.5,66.35,62.4,65.9,4857500,65.5524
2016-05-09,66.5,67,65,66.7,3243500,66.3482
2016-05-10,67.2,72,67.2,67.8,13379200,67.4424
2016-05-11,66.95,68.9,65.9,67.25,3772400,66.8953
2016-05-12,67.5,68.05,66.75,67.3,1446200,66.945
2016-05-13,67.45,67.6,66,66.5,1613700,66.1493
2016-05-16,67,67,64.75,65.8,1876500,65.453
2016-05-17,66.1,68.2,65.8,66.95,2555100,66.5969
2016-05-18,66.65,67.1,66,66.45,1083800,66.0995
2016-05-19,67,67.35,64.85,65.15,1757800,64.8064
2016-05-20,65.1,65.75,63.55,63.9,1509700,63.563
2016-05-23,64.4,64.5,62.8,63.05,1369700,62.7175
2016-05-24,63.3,64.6,62.5,64.1,1317800,63.7619
2016-05-25,65.15,65.7,64,65.1,3218400,64.7566
2016-05-26,65.1,66.85,65,66.3,1431500,65.9503
2016-05-27,66.5,68.15,66.25,67.1,2063400,66.7461
2016-05-30,67.65,67.9,66.85,67.5,1677700,67.144
2016-05-31,67.45,67.45,63.75,64.55,3385000,64.2096
2016-06-01,64.15,65,63.5,64.25,1608300,63.9111
2016-06-02,64.2,65.4,63.55,65.05,1016400,64.7069
2016-06-03,65.65,66,64,64.75,1390800,64.4085
2016-06-06,64.55,66,64.15,65.55,1403600,65.2043
2016-06-07,66.2,66.85,65.65,66.4,1446900,66.0498
2016-06-08,66.65,69,65.8,68.35,3593100,67.9895
2016-06-09,68.6,69.15,67.2,67.9,2105700,67.5419
2016-06-10,67.8,68.95,66.25,66.45,2391700,66.0995
2016-06-13,66,68.25,65.45,67.65,4347700,67.2932
2016-06-14,67.85,68.05,66.5,67.25,2703800,66.8953
2016-06-15,67.5,68.45,67.05,68.2,2862000,67.8403
2016-06-16,68.05,68.4,66.35,67.7,2937300,67.3429
2016-06-17,68.2,68.6,67.5,67.95,2821900,67.5916
2016-06-20,67.3,68.7,67,68.15,2701300,67.7906
2016-06-21,68.25,68.75,67.05,67.4,1702800,67.0445
2016-06-22,67.6,68.5,66.55,67,2240000,66.6466
2016-06-23,71.3,71.5,69.4,70.5,10107700,70.1282
2016-06-24,67.05,70.65,65.1,70.05,8640200,69.6805
2016-06-27,70,72.6,69.65,72.1,6415600,71.7197
2016-06-28,72.95,74.55,72.7,73.45,7883200,73.0626
2016-06-29,73.95,74.65,73.35,73.95,4104500,73.56
2016-06-30,74.5,74.9,73.45,74.5,6378200,74.1071
2016-07-01,74.85,75.9,73.7,75.05,4237400,74.6542
2016-07-04,75.95,75.95,74.6,74.8,3018600,74.4055
2016-07-05,74.9,75.6,73.7,74.05,3291200,73.6594
2016-07-06,74.05,74.05,74.05,74.05,0,73.6594
2016-07-07,74.5,74.95,73.3,73.7,3366500,73.3113
2016-07-08,73.85,74.25,72.45,72.9,2031400,72.5155
2016-07-11,73.4,74.15,73.25,73.7,2464700,73.3113
2016-07-12,73.9,74.6,72.9,74.2,2759900,73.8086
2016-07-13,74.45,74.75,72.4,72.75,2586200,72.3663
2016-07-14,72.75,73.9,72.05,73.3,3122300,72.9134
2016-07-15,72.5,73.7,71.9,72.2,2544600,71.8192
2016-07-18,72.65,73.6,69.5,69.95,5134100,69.5811
2016-07-19,69,70.5,68.7,70,2992700,69.6308
2016-07-20,69,71.45,69,71.2,3098800,70.8245
2016-07-21,71.3,72,69.6,70.2,3019400,69.8297
2016-07-22,70.2,71,69.1,70.1,3341700,69.7303
2016-07-25,70.2,71.05,69.7,70.55,4268500,70.1779
2016-07-26,70.65,71.35,69.6,69.95,1910800,69.5811
2016-07-27,70,73.95,69.35,73.2,6816400,72.8139
2016-07-28,74.2,74.3,71.5,71.85,8982100,71.471
2016-07-29,71.85,72.6,70.65,70.9,2947100,70.5261
2016-08-01,71.1,72.15,69.45,70.2,4207100,69.8297
2016-08-02,70.4,73.5,70.4,72.95,7372300,72.5652
2016-08-03,73.2,75.1,72.35,73.05,12730400,72.6647
2016-08-04,73.9,74.5,73.25,74.05,4134100,73.6594
2016-08-05,74.5,74.9,73.6,74.05,2727100,73.6594
2016-08-08,74.5,75.7,73.85,74.55,3315400,74.1568
2016-08-09,74.55,77.8,73.85,77.35,10248300,76.942
2016-08-10,77.95,78.45,74.05,74.55,8401500,74.1568
2016-08-11,74.5,74.5,71.2,73.1,6611100,72.7145
2016-08-12,73.45,74.75,72.9,74.05,4745400,73.6594
2016-08-15,74.05,74.05,74.05,74.05,0,73.6594
2016-08-16,76.3,79.15,75.7,78,19006100,77.5886
2016-08-17,77.7,81.9,76.75,81.3,18424000,80.8712
2016-08-18,81.25,83,79.6,80.15,12006200,79.7273
2016-08-19,80.45,81.7,79.85,81.2,7367300,80.7717
2016-08-22,81.5,84.5,80.4,83.7,13219300,83.2585
2016-08-23,84.1,84.55,82.5,83.65,8677300,83.2088
2016-08-24,83.9,83.9,82.5,83.2,5380700,82.7612
2016-08-25,83.65,85.85,82.8,85.4,13025600,84.9496
2016-08-26,85.95,86.7,85.1,86,8989600,85.5464
2016-08-29,85.6,85.8,83.55,84.55,4217600,84.1041
2016-08-30,85,86.4,82.55,83.5,10101400,83.0596
2016-08-31,84.35,86,83.85,84.2,5904100,83.7559
2016-09-01,84.7,88.4,83.95,87.15,7866500,86.6904
2016-09-02,88,89.25,87.7,88.35,4683500,87.884
2016-09-05,88.35,88.35,88.35,88.35,0,87.884
2016-09-06,88.9,89.9,87.9,89.4,5579500,88.9285
2016-09-07,92,97.9,91.9,96.4,13579600,95.8916
2016-09-08,96.55,96.75,93.05,94.85,6785900,94.3497
2016-09-09,94.1,95.6,91.55,92.55,6265600,92.0619
2016-09-12,90.3,90.3,86.65,87.3,6529600,86.8396
2016-09-13,87.3,87.3,87.3,87.3,0,86.8396
2016-09-14,87.3,98,87,94.8,20576400,94.3
2016-09-15,95,99,94.85,98.3,13939300,98.3
2016-09-16,99.3,101.4,96.35,97.9,17193600,97.9
2016-09-19,98.2,99.6,96.15,98.35,5546900,98.35
2016-09-20,97.5,98.75,96.65,97.1,2654700,97.1
2016-09-21,96.25,97,93.25,93.95,5284700,93.95
2016-09-22,95.2,97,94.45,96.5,5283400,96.5
2016-09-23,97.05,98.45,95.35,96.6,3843900,96.6
2016-09-26,96.6,97.4,94.25,94.7,5727100,94.7
2016-09-27,94.7,95.35,91.6,92.2,5126900,92.2
2016-09-28,92.25,95.75,91.6,94.7,4441000,94.7
2016-09-29,95.25,96.9,82.65,85,19653600,85
2016-09-30,85.45,89.85,85.45,89.55,7623200,89.55
2016-10-03,91.35,96.5,90.2,95.75,8078100,95.75
2016-10-04,97.2,98.85,95.1,96.65,7280500,96.65
2016-10-05,97.15,98,95.35,95.75,5857700,95.75
2016-10-06,96.3,97.05,92.95,93.85,3332100,93.85
2016-10-07,94.35,96,92.75,95.8,3272500,95.8
2016-10-10,96.3,97.8,94.3,97.2,4271000,97.2
2016-10-11,97.2,97.2,97.2,97.2,0,97.2
2016-10-12,97.2,97.2,97.2,97.2,0,97.2
2016-10-13,96.2,96.2,91.7,92.95,4946500,92.95
2016-10-14,93.45,95,93.3,94.7,2762800,94.7
2016-10-17,94.7,94.95,91.65,92.2,3529100,92.2
2016-10-18,93,96.15,92.85,95.95,3650300,95.95
2016-10-19,96.45,97.5,95.4,95.8,4440300,95.8
2016-10-20,96.5,103.2,96.25,101.85,12969100,101.85
2016-10-21,102.25,105.25,101.45,104.35,11429700,104.35
2016-10-24,104.9,107.4,104.5,106.2,8111300,106.2
2016-10-25,106.25,106.5,103.75,105,3667200,105
2016-10-26,105,106.5,103.1,104,4187800,104
2016-10-27,103.7,107.5,101.25,106.65,6478000,106.65
2016-10-28,106.9,108.55,106.2,107.5,6110800,107.5
2016-10-31,107.5,107.5,107.5,107.5,0,107.5
2016-11-01,107,107.5,103.5,104.05,6042400,104.05
2016-11-02,102.75,102.95,100.6,101.55,4627700,101.55
2016-11-03,101.9,104.1,100,100.5,5386300,100.5
2016-11-04,101,101.5,96.25,98.65,5773200,98.65
2016-11-07,100,103.3,100,101.2,2995700,101.2
2016-11-08,102,102.65,99.8,102.2,3160100,102.2
2016-11-09,92,99.4,86.9,98.2,10580700,98.2
2016-11-10,99.6,102.3,98,99.6,4061200,99.6
2016-11-11,100.1,104.8,97,98.05,12189100,98.05
2016-11-14,98.05,98.05,98.05,98.05,0,98.05
2016-11-15,98.65,98.65,83.7,86.45,10614800,86.45
2016-11-16,89,91.4,84.2,88.35,8444300,88.35
2016-11-17,89.6,90.1,87.5,88.5,3971500,88.5
2016-11-18,88.9,90.25,88,89.35,6694300,89.35
2016-11-21,89.8,90.2,83.5,83.8,5494200,83.8
2016-11-22,85.6,87.4,84.2,85.6,5296700,85.6
2016-11-23,86.6,86.95,84.5,85.2,3539600,85.2
2016-11-24,84.5,85.45,82.55,83.9,6325200,83.9
2016-11-25,84.55,86.25,83.7,85.6,3688100,85.6
2016-11-28,85.45,91.2,84.4,89.85,5984800,89.85
2016-11-29,90.7,91.95,87.85,88.45,5735200,88.45
2016-11-30,89.4,90.7,87.8,89.85,4499700,89.85
2016-12-01,90.5,90.65,87.55,88.2,3043800,88.2
2016-12-02,88,89.9,85.75,87.35,4310900,87.35
2016-12-05,87.1,88.75,86,87.55,2724000,87.55
2016-12-06,87,88.45,86.55,86.95,2211800,86.95
2016-12-07,87.3,87.8,84.5,86.05,2542100,86.05
2016-12-08,87.2,90.9,87.2,90.05,5760700,90.05
2016-12-09,90.95,91.2,89.35,89.8,2125700,89.8
2016-12-12,89.5,89.6,86.8,87.45,1840000,87.45
2016-12-13,87.9,87.9,86.5,87.1,1566800,87.1
2016-12-14,87.55,87.55,85.35,85.65,2880700,85.65
2016-12-15,85,87.85,84.2,86.6,2257500,86.6
2016-12-16,85.6,86.65,84.8,85.4,1853800,85.4
2016-12-19,85.45,85.65,83.8,84.2,2953200,84.2
2016-12-20,84.9,84.9,80.6,81.05,3857700,81.05
2016-12-21,81.55,82.85,80.6,81.9,2459900,81.9
2016-12-22,81.4,83.5,79.7,82.6,3206200,82.6
2016-12-23,83.5,85.9,83.1,84.85,7307200,84.85
2016-12-26,84.85,84.85,81.1,81.75,2422400,81.75
2016-12-27,82.35,83.35,80.15,83.05,2482800,83.05
2016-12-28,86.5,86.5,84.45,84.85,5860600,84.85
2016-12-29,85.2,86.6,84.5,86.15,3449600,86.15
2016-12-30,87,88.6,86.65,88.1,3685900,88.1
2017-01-02,88.85,89.4,87.5,88.75,2708600,88.75
2017-01-03,88.95,91.75,88,91.35,4699600,91.35
2017-01-04,92.1,95.45,92.05,92.9,10306400,92.9
2017-01-05,93.65,94.15,92.8,93.15,2841600,93.15
2017-01-06,93.15,93.45,91.25,91.95,2492900,91.95
2017-01-09,92.45,94.2,91,93.8,3068900,93.8
2017-01-10,94.05,96,93.25,95.8,4915100,95.8
2017-01-11,96.45,96.45,94.75,95.8,4308100,95.8
2017-01-12,95.8,95.85,94,94.3,2529200,94.3
2017-01-13,94.5,94.75,92.4,93.4,2609900,93.4
2017-01-16,92.9,95.2,92.55,94.1,3406500,94.1
2017-01-17,95.05,95.85,93.8,94.75,4310500,94.75
2017-01-18,94.9,95.6,93.9,94.4,2618700,94.4
2017-01-19,94.25,95.5,93.5,94.85,3641400,94.85
2017-01-20,94.7,95,87.5,89.05,6882400,89.05
2017-01-23,89,90.2,88.5,89.45,4783600,89.45
2017-01-24,89.85,91.7,89.65,90.6,5172500,90.6
2017-01-25,91.1,94.9,91.1,94.3,9378400,94.3
2017-01-26,94.3,94.3,94.3,94.3,0,94.3
2017-01-27,93.7,96.3,93.7,95.1,4040200,95.1
2017-01-30,95.3,95.8,94.15,95,2676500,95
2017-01-31,95.5,96.25,93.9,94.4,4839200,94.4
2017-02-01,95.05,97.7,93.65,95.9,15648500,95.9
2017-02-02,95.9,98.2,95.15,97.5,7287600,97.5
2017-02-03,97.2,97.95,95.9,96.15,2855900,96.15
2017-02-06,96.8,97.75,95.8,96.8,3247400,96.8
2017-02-07,97.1,97.3,94.1,95.5,2315800,95.5
2017-02-08,95.6,99,94.85,98.35,5223300,98.35
2017-02-09,98.85,99,95.4,96.6,3523200,96.6
2017-02-10,97.2,98.2,96.2,97.1,2571700,97.1
2017-02-13,97.45,97.55,95,96.15,3073500,96.15
2017-02-14,95.65,96,93.9,94.5,2815000,94.5
2017-02-15,95.7,96.75,94.05,94.65,5756000,94.65
2017-02-16,94.5,94.9,92.7,93,5297600,93
2017-02-17,93.25,94.3,92.85,93.45,2344000,93.45
2017-02-20,93,96.05,92.8,95.15,3712000,95.15
2017-02-21,95.4,96.25,94.85,96,2320000,96
2017-02-22,96,96.35,94.15,94.8,2381300,94.8
2017-02-23,95,95.45,93.2,93.6,6288500,93.6
2017-02-24,93.6,93.6,93.6,93.6,0,93.6
2017-02-27,93.6,93.9,92.25,92.65,1466000,92.65
2017-02-28,92.95,94.3,92.5,93.9,1751100,93.9
2017-03-01,94,94.85,93.35,94,1143800,94
2017-03-02,94.3,95.2,92.1,92.35,1972800,92.35
2017-03-03,92.3,92.3,88.3,89.65,5772100,89.65
2017-03-06,89.75,91.3,89,91.05,2524900,91.05
2017-03-07,91.3,91.75,90.55,91.3,2265000,91.3
2017-03-08,91.45,93.45,91.15,92.05,4336200,92.05
2017-03-09,92.05,92.25,90.4,91.4,1430900,91.4
2017-03-10,91.8,92,89.25,89.65,1814100,89.65
2017-03-13,89.65,89.65,89.65,89.65,0,89.65
2017-03-14,92.9,93.45,91.15,91.95,3131100,91.95
2017-03-15,92,94.2,91.5,93.6,2262900,93.6
2017-03-16,94,95.4,94,94.85,1721600,94.85
2017-03-17,95.3,95.8,93,94.6,2109100,94.6
2017-03-20,94.95,96.2,94.55,95.5,1549500,95.5
2017-03-21,95.5,96.65,95.2,95.9,3550400,95.9
2017-03-22,95,95.5,93.3,93.85,1824900,93.85
2017-03-23,94.2,94.4,92.85,93.8,1927900,93.8
2017-03-24,94.1,95.9,93.9,95.2,2966700,95.2
2017-03-27,95.3,95.9,93.55,94.2,4946700,94.2
2017-03-28,94.5,95.6,94.2,94.5,2659800,94.5
2017-03-29,94.5,95.25,93.85,94.45,1091600,94.45
2017-03-30,94.5,95.2,92.7,93,8928800,93
2017-03-31,93,94.95,92.75,93.85,3117200,93.85
2017-04-03,94.35,99.9,93.1,99.1,7847500,99.1
2017-04-04,99.1,99.1,99.1,99.1,0,99.1
2017-04-05,101,103.4,101,102.65,9726000,102.65
2017-04-06,102.4,103.1,100.3,101.5,2674600,101.5
2017-04-07,102.4,103,99.7,100.55,3092300,100.55
2017-04-10,102,102,100.35,101.45,2008200,101.45
2017-04-11,101.4,104.55,101.4,104.15,4300000,104.15
2017-04-12,104.75,104.75,100.35,101.8,2386700,101.8
2017-04-13,101.8,102.15,99.4,99.85,2083500,99.85
2017-04-14,99.85,99.85,99.85,99.85,0,99.85
2017-04-17,100.25,101.9,99.1,101.35,2515500,101.35
2017-04-18,101.8,103.5,98.4,99.45,3070100,99.45
2017-04-19,99.65,109.9,99.5,107.9,28250500,107.9
2017-04-20,108.45,115.9,106.05,113.9,34505900,113.9
2017-04-21,113.5,115.5,110.55,111.85,12626300,111.85
