"Date","KPIT.NS.Open","KPIT.NS.High","KPIT.NS.Low","KPIT.NS.Close","KPIT.NS.Volume","KPIT.NS.Adjusted"
2015-01-01,203.3,209.95,200.95,208.1,743600,203.033
2015-01-02,210.05,218.9,208.5,214.55,2318900,209.326
2015-01-05,215.4,217.2,208.5,210.45,727400,205.326
2015-01-06,208,217.4,202.95,206.4,1495500,201.374
2015-01-07,206.95,211.7,204.45,205.55,705300,200.545
2015-01-08,207.45,209.7,202.55,204.65,712600,199.667
2015-01-09,205.55,209.6,199.5,201.6,1023700,196.691
2015-01-12,201.75,219.8,200,213.95,3057800,208.74
2015-01-13,214,219,210.6,212.75,1304800,207.57
2015-01-14,211.75,214.4,207,208.7,715300,203.618
2015-01-15,211,218.5,205.2,215.1,1482200,209.862
2015-01-16,210.05,215.4,208.5,210.7,651100,205.57
2015-01-19,211.05,216.9,210,215.25,839000,210.009
2015-01-20,217.7,219.7,209.2,210.2,1089900,205.082
2015-01-21,211.95,214.4,207.05,208.75,735300,203.667
2015-01-22,200,215.8,198.05,212.2,2645000,207.033
2015-01-23,212.9,232.4,211.95,219,16942500,213.667
2015-01-26,219,219,219,219,0,213.667
2015-01-27,219.4,219.5,208,208.65,1709400,203.569
2015-01-28,209.65,215.3,207.6,214.85,2219800,209.618
2015-01-29,214.45,216,211,213.1,858500,207.911
2015-01-30,214,214.9,205.2,207.5,905900,202.447
2015-02-02,208.7,214.95,208,211.95,1151100,206.789
2015-02-03,213.6,219.9,210.3,212.1,6793400,206.935
2015-02-04,213.05,223.8,210.05,221.35,4125900,215.96
2015-02-05,223,223.4,210,211.55,1616600,206.399
2015-02-06,211.95,214.7,207.45,211.75,1268500,206.594
2015-02-09,211,214,207.5,208,1022100,202.935
2015-02-10,208.3,218.7,204.65,210.55,1547300,205.423
2015-02-11,211.2,214.4,209.5,210.2,710300,205.082
2015-02-12,211,213.85,209.6,211.9,698600,206.74
2015-02-13,213.9,218.9,212.25,215.55,1266800,210.301
2015-02-16,214,216.65,211.1,212.4,630100,207.228
2015-02-17,212.4,212.4,212.4,212.4,0,207.228
2015-02-18,212.8,213.9,208.7,209.85,493200,204.74
2015-02-19,210.5,211.5,205.6,208.25,564700,203.179
2015-02-20,209.4,214.4,207,208.8,1062800,203.716
2015-02-23,210,211.85,199.1,201.25,867000,196.35
2015-02-24,202.9,205.8,201,202.9,510200,197.959
2015-02-25,205.1,211.35,202.95,208.9,1852100,203.813
2015-02-26,210.4,212.9,204.6,210.5,1224300,205.374
2015-02-27,210.8,216.4,209.1,215.15,1417700,209.911
2015-03-02,212.4,216.7,209,215.35,918000,210.106
2015-03-03,215,226.75,213.85,224.75,2975700,219.277
2015-03-04,225.7,225.75,213.6,215.45,1183700,210.204
2015-03-05,214.35,223.4,214.35,219.6,1038400,214.253
2015-03-06,219.6,219.6,219.6,219.6,0,214.253
2015-03-09,217.8,220.4,213.1,214.75,750200,209.521
2015-03-10,214,221.8,213.1,216.35,1224100,211.082
2015-03-11,220,224.7,214.65,215.9,1443600,210.643
2015-03-12,217,217.7,213.6,214.85,657500,209.618
2015-03-13,216.25,218,210,211.25,652900,206.106
2015-03-16,211.5,212.65,204.1,204.95,622900,199.96
2015-03-17,200.5,203.4,189.15,193.25,2338400,188.544
2015-03-18,192.85,196.95,191.6,192.4,857800,187.715
2015-03-19,193.6,194.95,180.2,182.1,1057000,177.666
2015-03-20,180.5,192.35,180.5,190.75,1914400,186.105
2015-03-23,190.65,190.65,177.5,178.3,848100,173.958
2015-03-24,177,188.9,175.55,186.6,1022800,182.056
2015-03-25,186.6,188.25,182.9,185.9,477400,181.373
2015-03-26,183,187.8,179.1,180.25,663100,175.861
2015-03-27,183,187.2,178.1,186.45,639400,181.91
2015-03-30,187,189.8,184.1,184.7,409400,180.203
2015-03-31,186.35,189.95,184.55,188.5,405300,183.91
2015-04-01,189,194.5,186.1,188.5,888800,183.91
2015-04-02,188.5,188.5,188.5,188.5,0,183.91
2015-04-03,188.5,188.5,188.5,188.5,0,183.91
2015-04-06,185.55,194.45,185.55,193.75,919700,189.032
2015-04-07,194.7,194.7,189,190.6,294200,185.959
2015-04-08,190.95,191.8,187.1,188.1,290300,183.52
2015-04-09,189,189.95,183.35,184,461800,179.52
2015-04-10,184.05,187.5,178.65,179.7,1035500,175.324
2015-04-13,180.2,182.6,178.1,179.05,676500,174.69
2015-04-14,179.05,179.05,179.05,179.05,0,174.69
2015-04-15,179,179.5,171.1,171.9,1109400,167.714
2015-04-16,172.3,175.5,168.35,170.55,680900,166.397
2015-04-17,171,173.8,169.15,170.8,327700,166.641
2015-04-20,171,171.95,165,165.7,342900,161.665
2015-04-21,165.5,168.1,157.25,158.75,744000,154.884
2015-04-22,160,161.55,149.5,151.6,999400,147.909
2015-04-23,151.7,157.3,150.15,153.85,766800,150.104
2015-04-24,154.85,154.85,144.5,145.25,973400,141.713
2015-04-27,146,147,141.05,144.25,737300,140.738
2015-04-28,146.5,156.5,143.45,154.75,1085600,150.982
2015-04-29,137.1,138,123.8,123.8,1931700,120.786
2015-04-30,99.05,111.8,99.05,105.1,16233900,102.541
2015-05-01,105.1,105.1,105.1,105.1,0,102.541
2015-05-04,107.7,115.6,107.1,113.75,3992500,110.98
2015-05-05,114.2,116.1,110.3,111.25,2044000,108.541
2015-05-06,112.4,112.85,106.1,109.45,1748800,106.785
2015-05-07,109.2,110.6,100.1,103.55,2692100,101.029
2015-05-08,105.9,108.45,105.9,106.6,777600,104.004
2015-05-11,108,109.5,104.35,105.1,1040800,102.541
2015-05-12,106,106.2,102.1,102.55,726000,100.053
2015-05-13,103.9,103.9,100.55,101.05,844200,98.589
2015-05-14,101.25,104.25,100.15,102.8,801900,100.297
2015-05-15,103.5,105.4,102.75,104.4,1284300,101.858
2015-05-18,104.35,106.75,103.4,106,938000,103.419
2015-05-19,105.6,113.95,105.4,111.95,2389900,109.224
2015-05-20,112.5,114.6,109.7,110.1,1099000,107.419
2015-05-21,110.1,111.4,108,109.8,544200,107.126
2015-05-22,109.7,112,108,108.7,515800,106.053
2015-05-25,109,109,105,105.45,552200,102.882
2015-05-26,105.45,106.85,103,103.8,503300,101.273
2015-05-27,103.3,105,101.25,103.55,366100,101.029
2015-05-28,104.7,104.95,103.05,103.95,289200,101.419
2015-05-29,104,104.75,102.65,103.9,586400,101.37
2015-06-01,104.95,107,103.7,105.55,527600,102.98
2015-06-02,105.85,105.9,101.05,102,584600,99.516
2015-06-03,102.65,103,95.3,97.6,1035600,95.223
2015-06-04,98.2,101.95,97.6,101.05,697000,98.589
2015-06-05,101,103.5,99.55,101.75,531100,99.272
2015-06-08,102.8,103.75,101.25,102.95,685500,100.443
2015-06-09,102.45,104.75,102.05,103.7,403900,101.175
2015-06-10,103.5,105.1,102.6,104.05,458400,101.516
2015-06-11,104.4,105.8,101.2,101.95,442000,99.468
2015-06-12,101.9,102.4,99.6,100.95,259700,98.492
2015-06-15,102,102.9,100.25,100.5,674800,98.053
2015-06-16,100.25,102.6,99.8,100.15,355700,97.711
2015-06-17,100.5,102.1,99.5,99.95,414800,97.516
2015-06-18,100.7,101.35,99.6,100.05,260500,97.614
2015-06-19,100.7,102.2,99.4,99.6,594900,97.175
2015-06-22,100.4,100.9,99.7,99.9,662900,97.467
2015-06-23,100,100.7,98.05,99.15,527300,96.736
2015-06-24,99.5,101.95,98.7,99.35,1366400,96.931
2015-06-25,97.5,97.5,85.05,89.9,13161300,87.711
2015-06-26,89.1,93.9,87.5,93.15,9591800,90.882
2015-06-29,91.6,97.25,89.5,94.2,2972300,91.906
2015-06-30,94.35,95.8,92.95,93.15,967300,90.882
2015-07-01,94.5,96.5,93.1,94.25,986300,91.955
2015-07-02,95.5,95.7,93.1,93.75,747400,91.467
2015-07-03,93.75,94.4,93.05,93.6,848200,91.321
2015-07-06,93.1,95.55,92.5,94.75,628800,92.443
2015-07-07,95.2,97,94.95,96.05,854900,93.711
2015-07-08,95.8,95.8,92.35,93.9,1257700,91.614
2015-07-09,93.75,95.2,93,93.1,323700,90.833
2015-07-10,93.75,94.8,92.85,93.65,407600,91.37
2015-07-13,94.4,94.8,93.2,93.6,158800,91.321
2015-07-14,94,101.3,93.6,100.25,2433500,97.809
2015-07-15,101,109.8,100.5,107.3,4388400,104.687
2015-07-16,108.3,109.5,105.5,107.4,1504600,104.785
2015-07-17,108,113,106.1,111.05,2048600,108.346
2015-07-20,111.85,113.6,109.65,111.65,1054300,108.931
2015-07-21,112.1,112.8,105.2,105.95,975700,103.37
2015-07-22,105,109.95,104,106.55,850900,103.956
2015-07-23,112,120.8,110.25,112.1,7085100,109.37
2015-07-24,113.55,116.8,112.5,113.9,1753300,111.127
2015-07-27,113,113.4,108.5,110.6,938400,107.907
2015-07-28,111.45,112.6,108.35,109.05,710800,106.395
2015-07-29,109.75,110.4,105.1,106.7,779500,104.102
2015-07-30,107.5,108.9,102.55,104.4,1067800,101.858
2015-07-31,105.35,111.9,105.15,110.4,1419100,107.712
2015-08-03,111.7,123.3,111,121.1,3286800,118.151
2015-08-04,123,128.8,123,126.6,4964000,123.517
2015-08-05,128,132,127,129.2,2460800,126.054
2015-08-06,130.1,133.1,125.4,132.25,2795200,129.03
2015-08-07,130.9,134.9,128.5,130.3,1877700,127.127
2015-08-10,129,131.3,125.95,129,1012200,125.859
2015-08-11,127.05,128.3,120,121.55,876700,119.61
2015-08-12,120.95,124.85,117.1,119.3,926100,117.396
2015-08-13,121.05,121.9,112.5,113.6,540800,111.787
2015-08-14,114.7,121,114.7,118.35,482800,116.461
2015-08-17,120.1,124.9,116.1,123.95,795000,121.972
2015-08-18,125,127.45,124.15,126.25,626000,124.235
2015-08-19,126.85,127.2,121.55,123.6,722900,121.628
2015-08-20,123.9,125.5,116.2,117.05,744800,115.182
2015-08-21,115,120.3,113.5,118.95,1158800,117.052
2015-08-24,114,114,104.4,107.85,973400,106.129
2015-08-25,109.4,110.9,98,105.75,1698300,104.062
2015-08-26,108.9,108.9,102.75,103.7,883700,102.045
2015-08-27,106.5,110.5,105.05,105.55,1133100,103.866
2015-08-28,107.7,109.85,105.25,105.7,807900,104.013
2015-08-31,105.9,106.8,101.9,102.55,761500,100.913
2015-09-01,101.9,104.75,100,100.45,643000,98.847
2015-09-02,100.75,103.5,100.75,102.15,540200,100.52
2015-09-03,103.1,104.7,102.3,102.9,375100,101.258
2015-09-04,102,103,98.2,100.2,649300,98.601
2015-09-07,101.15,101.6,98.15,99.8,395300,98.207
2015-09-08,100.5,102.95,99,100.3,440900,98.699
2015-09-09,103,104.5,100.15,100.55,342400,98.945
2015-09-10,99.9,101.4,99,100.05,337300,98.453
2015-09-11,100.2,102.9,99.5,100.4,317800,98.798
2015-09-14,101,102.85,99.75,101.4,486900,99.782
2015-09-15,102,102,100.35,100.7,223200,99.093
2015-09-16,102.05,102.05,100.65,101.25,188200,99.634
2015-09-17,101.25,101.25,101.25,101.25,0,99.634
2015-09-18,101.9,109.9,101.9,108.15,822600,106.424
2015-09-21,108,113.7,106.6,110.4,796000,108.638
2015-09-22,111,114.9,108,109.05,557500,107.31
2015-09-23,108.7,110.7,105.1,109.55,236400,107.802
2015-09-24,109.85,112.8,109,110.25,296800,108.491
2015-09-25,110.25,110.25,110.25,110.25,0,108.491
2015-09-28,110.7,111.4,107.1,107.75,288400,106.03
2015-09-29,107,107,104.15,105.45,305300,103.767
2015-09-30,107,107.8,105.6,106.8,204100,105.096
2015-10-01,108,109.4,105.55,106.35,217300,104.653
2015-10-02,106.35,106.35,106.35,106.35,0,104.653
2015-10-05,106.6,111.9,106.6,109.9,554000,108.146
2015-10-06,111,113.45,110.2,111.6,416800,109.819
2015-10-07,111.6,114.9,110.55,112.15,555000,110.36
2015-10-08,112.2,112.9,111.2,111.7,143900,109.917
2015-10-09,112.65,116.2,112.55,115,680200,113.165
2015-10-12,115.7,123.35,113.7,119.55,1214200,117.642
2015-10-13,119.4,122,117.05,117.9,406900,116.018
2015-10-14,118.1,119.9,116,116.9,269300,115.034
2015-10-15,117.8,118.4,116.25,116.7,290400,114.838
2015-10-16,117,119.6,115.75,117.5,375000,115.625
2015-10-19,118.5,120.75,117.35,119.85,425600,117.937
2015-10-20,120.4,124.75,120.15,122.95,1057100,120.988
2015-10-21,124.45,126.7,120.5,123.75,796000,121.775
2015-10-22,123.75,123.75,123.75,123.75,0,121.775
2015-10-23,138,144.5,132.85,135.05,7070900,132.895
2015-10-26,136,139.9,134.2,137.7,2797200,135.503
2015-10-27,137.4,137.5,134.4,136.95,761500,134.764
2015-10-28,137.25,141.4,136.1,137.8,1014400,135.601
2015-10-29,137.55,140.35,136.35,137.7,884100,135.503
2015-10-30,136.15,137.85,135.55,136.8,597600,134.617
2015-11-02,137.2,142.5,136.5,140,2306400,137.766
2015-11-03,141.45,146.65,140.15,143.6,2212400,141.308
2015-11-04,144.5,146,142.85,144.45,1350300,142.145
2015-11-05,144.45,144.7,138.1,139.7,1317600,137.471
2015-11-06,139.5,144.7,139.1,144.35,727800,142.046
2015-11-09,139,153.1,138,152.35,2648800,149.919
2015-11-10,151.2,153.3,149.2,149.8,790000,147.409
2015-11-11,149.8,149.8,149.8,149.8,0,147.409
2015-11-12,149.8,149.8,149.8,149.8,0,147.409
2015-11-13,146,154.9,143.6,154.15,1048800,151.69
2015-11-16,153.6,157.85,151.1,155.3,805500,152.822
2015-11-17,156.6,156.9,152.55,153.95,414400,151.493
2015-11-18,153.05,156.4,152,155.35,545900,152.871
2015-11-19,156.8,162.5,156,160.8,1170700,158.234
2015-11-20,162.3,168.4,159.35,166.8,1040100,164.138
2015-11-23,167.1,169.9,158.4,159.95,958200,157.397
2015-11-24,159.9,164.8,158,160.3,521600,157.742
2015-11-25,160.3,160.3,160.3,160.3,0,157.742
2015-11-26,161.3,161.4,156.5,157.5,417300,154.987
2015-11-27,157.5,158.3,153.4,154.8,518100,152.33
2015-11-30,156.25,157.4,153.5,153.7,694600,151.247
2015-12-01,154.7,161.8,154.2,159.7,619800,157.151
2015-12-02,162.3,166.4,160.1,164.8,912000,162.17
2015-12-03,165.4,167.75,161,161.75,705800,159.169
2015-12-04,160,160,155.15,156.05,580100,153.56
2015-12-07,158,160.25,155.2,157.85,334500,155.331
2015-12-08,156.2,160.1,155.2,157.05,267900,154.544
2015-12-09,157,158.35,155.15,157.2,427000,154.691
2015-12-10,158,163.1,155.5,161.95,652200,159.366
2015-12-11,163.2,169.6,162,168.85,1052700,166.155
2015-12-14,168.8,174.9,167.8,171.35,2221000,168.616
2015-12-15,171.9,175.8,165.35,173.95,965700,171.174
2015-12-16,173.7,173.7,168.3,170.15,790300,167.435
2015-12-17,173.9,174,168.5,169.4,1593100,166.697
2015-12-18,170.75,171.65,165.3,166.9,503300,164.237
2015-12-21,168.5,170.75,166.2,169.95,322300,167.238
2015-12-22,172.45,172.45,168.4,169.1,424000,166.401
2015-12-23,170.4,171.5,166.4,167.75,295700,165.073
2015-12-24,169.2,171.3,166.6,167.85,287200,165.171
2015-12-25,167.85,167.85,167.85,167.85,0,165.171
2015-12-28,168,169.9,166.7,167.35,225100,164.679
2015-12-29,168.5,173.4,165.2,169.25,662100,166.549
2015-12-30,170.1,173.8,168,169.8,500500,167.09
2015-12-31,170,170.55,168.25,168.95,207500,166.254
2016-01-01,169.25,170.7,168.2,168.7,116000,166.008
2016-01-04,167.8,170.8,167.2,169.05,348800,166.352
2016-01-05,170,171.45,168.25,169.3,329100,166.598
2016-01-06,169.1,170.5,165.2,166.15,243400,163.498
2016-01-07,164.7,164.7,158.5,159.5,366200,156.955
2016-01-08,160.05,164.5,159.1,159.9,254800,157.348
2016-01-11,159.55,161.7,156.35,158.45,548900,155.921
2016-01-12,159.5,160.85,158,159.7,191200,157.151
2016-01-13,161.5,163.45,143.5,151.6,669000,149.181
2016-01-14,148.35,157,144.5,152.1,420700,149.673
2016-01-15,153.4,156.25,145,148.65,399400,146.278
2016-01-18,146.8,149,140.5,144.1,353000,141.8
2016-01-19,144.25,145.75,138,139.15,582100,136.929
2016-01-20,137.5,146.35,135,143.6,617100,141.308
2016-01-21,146.8,147,134.3,138.95,947700,136.733
2016-01-22,139.3,143.2,136.8,141.55,320700,139.291
2016-01-25,142.45,147.8,142.45,146.6,363600,144.26
2016-01-26,146.6,146.6,146.6,146.6,0,144.26
2016-01-27,146.6,147.55,141.3,142.45,243400,140.177
2016-01-28,143.2,144.9,141.7,143.65,177100,141.358
2016-01-29,144,145.9,140.2,143.3,223500,141.013
2016-02-01,145.5,145.9,140.5,141.2,237300,138.947
2016-02-02,141.75,143.45,139.45,142.1,542600,139.832
2016-02-03,140.7,142,136.6,137.4,577900,135.207
2016-02-04,137,140.8,130,131.55,459400,129.451
2016-02-05,131,138.35,130.45,136.95,299500,134.764
2016-02-08,139,141,134.55,135.35,374800,133.19
2016-02-09,134,134.5,131.5,132.05,320800,129.943
2016-02-10,131.35,132.35,127.8,129,103900,126.941
2016-02-11,128,128,117.7,118.4,229400,116.511
2016-02-12,118.2,119.5,108,113.05,471000,111.246
2016-02-15,115.5,123,115.5,120.8,251700,118.872
2016-02-16,124,124,119.1,120.55,167600,118.626
2016-02-17,121.3,121.3,115.2,120.45,189000,118.528
2016-02-18,122.85,123.85,118.25,119.4,156100,117.495
2016-02-19,120.1,126,117.95,124.55,572800,122.562
2016-02-22,124.15,127.6,124.15,126,235100,123.989
2016-02-23,125.5,126.7,122,123.5,103400,121.529
2016-02-24,122.8,133.8,121.2,129.1,1172500,127.04
2016-02-25,128.65,129.45,123.1,126.8,448100,124.776
2016-02-26,128.65,134,126.55,131.35,1276400,129.254
2016-02-29,131.35,136.2,129.85,133.8,530800,131.665
2016-03-01,135,139.2,134.4,137.5,488700,135.306
2016-03-02,139.35,144,139.2,141.95,467700,139.685
2016-03-03,142.55,155.9,142.45,151.15,1672700,148.738
2016-03-04,150.95,151.1,143.35,144.6,1061000,142.292
2016-03-07,144.6,144.6,144.6,144.6,0,142.292
2016-03-08,145.3,145.3,138.5,142.6,871700,140.324
2016-03-09,142.6,143,139.1,141.05,555200,138.799
2016-03-10,141.9,151.4,141.05,142.25,1587600,139.98
2016-03-11,142.25,144.7,140.85,142.4,599300,140.127
2016-03-14,143,145.2,141.35,142.2,405400,139.931
2016-03-15,142.65,143.8,140.1,140.6,422200,138.356
2016-03-16,141,142.35,139.1,140.45,270200,138.209
2016-03-17,143.95,145.2,140,141.55,703300,139.291
2016-03-18,141.75,145.5,141.4,143.45,887900,141.161
2016-03-21,143.5,145.25,140.5,143,462400,140.718
2016-03-22,143.8,145.3,139.4,143.35,758500,141.062
2016-03-23,144.5,145.3,142.35,143.8,604700,141.505
2016-03-24,143.8,143.8,143.8,143.8,0,141.505
2016-03-25,143.8,143.8,143.8,143.8,0,141.505
2016-03-28,144.3,148.3,142.7,143.7,884800,141.407
2016-03-29,143.9,144.9,141.3,141.9,233500,139.635
2016-03-30,143.8,144,140.1,142.7,457700,140.423
2016-03-31,143.85,148.95,142.25,147.85,1517600,145.491
2016-04-01,149,152.95,148.5,151.35,810400,148.935
2016-04-04,152.9,153.5,149.65,151.2,490800,148.787
2016-04-05,151.2,152.3,148.05,149.3,268500,146.917
2016-04-06,150.5,151,148.4,149.6,299700,148.305
2016-04-07,151.05,151.55,142.25,144.35,480800,143.101
2016-04-08,143.75,144.7,141.2,144.05,245500,142.803
2016-04-11,145,149.65,143.4,148,373100,146.719
2016-04-12,149.9,149.9,146.75,147.9,161900,146.62
2016-04-13,149.5,149.9,146.7,147.65,167300,146.372
2016-04-14,147.65,147.65,147.65,147.65,0,146.372
2016-04-15,147.65,147.65,147.65,147.65,0,146.372
2016-04-18,147.65,153.8,147.65,153.35,610700,152.023
2016-04-19,153.35,153.35,153.35,153.35,0,152.023
2016-04-20,153.95,155.9,152.1,153.65,609400,152.32
2016-04-21,153.95,157.35,153.2,154.35,545600,153.014
2016-04-22,153.85,154.9,148.8,149.95,399800,148.652
2016-04-25,149,153.4,148.6,151.6,635800,150.288
2016-04-26,152.5,152.8,149.25,152.1,435900,150.784
2016-04-27,153,156.9,151.1,154.25,982000,152.915
2016-04-28,159.5,162.8,156.5,161.05,3490100,159.656
2016-04-29,161.9,163.7,158.2,159.9,1238200,158.516
2016-05-02,160,161.95,158.1,159.4,756800,158.02
2016-05-03,160.6,162.5,158.8,160.05,652700,158.665
2016-05-04,160.35,161,156.4,158.15,418600,156.781
2016-05-05,159,160.5,157.35,158.7,268200,157.327
2016-05-06,158.4,159.9,156.3,157.85,191800,156.484
2016-05-09,156.65,165.3,156.65,163.5,1001000,162.085
2016-05-10,164.8,167.7,163.5,164.45,1083100,163.027
2016-05-11,162.9,167.15,159.05,164.65,884900,163.225
2016-05-12,164.75,167.95,163.6,164.65,677400,163.225
2016-05-13,164,165.9,163.1,164.5,234700,163.076
2016-05-16,165,165.7,160.65,161.45,244100,160.053
2016-05-17,162.15,164.3,159.2,160.3,489500,158.913
2016-05-18,158.8,164.6,158.8,163.4,488100,161.986
2016-05-19,164,166.9,162.25,164.25,595100,162.828
2016-05-20,163.9,166.25,163.1,163.85,399700,162.432
2016-05-23,163.5,165.45,160.1,161.25,413300,159.854
2016-05-24,162.8,163.8,160.45,162,207500,160.598
2016-05-25,162,165.3,162,163.45,602800,162.035
2016-05-26,163.65,168.3,162.5,165.05,1024000,163.622
2016-05-27,165.85,173.9,165.1,172.85,1729300,171.354
2016-05-30,174,179.9,174,177.6,1003800,176.063
2016-05-31,178.4,182,178,181,1080400,179.434
2016-06-01,180.85,181.15,178,179,450600,177.451
2016-06-02,178.8,178.8,173.8,174.1,439300,172.593
2016-06-03,175.4,177.7,174.75,175.6,274000,174.08
2016-06-06,175.85,177.3,172.85,176.8,320300,175.27
2016-06-07,177,187.8,176.1,186.3,2179700,184.688
2016-06-08,186.7,186.7,184.5,185.35,514000,183.746
2016-06-09,185.35,185.7,177.85,178.85,646600,177.302
2016-06-10,179.6,189.9,178.15,184.9,1727100,183.3
2016-06-13,181.5,190.65,180.65,189.85,1494000,188.207
2016-06-14,173,183,173,178.8,2283800,177.253
2016-06-15,177,182,176,178.5,1139200,176.955
2016-06-16,178.3,185,176,182.55,1420400,180.97
2016-06-17,183.2,186.9,181.45,184.6,1124600,183.002
2016-06-20,182,186.35,180.05,183,514100,181.416
2016-06-21,183.95,196.85,183.5,191.55,3978000,189.892
2016-06-22,191.8,191.8,187.35,188.75,1503300,187.116
2016-06-23,189.9,191,186.55,187.15,736400,185.53
2016-06-24,182.5,183,175.15,177.75,1568700,176.212
2016-06-27,177.5,180.7,175.3,177.3,387900,175.766
2016-06-28,177.4,182.75,177.05,179.3,741000,177.748
2016-06-29,179.95,181.7,179.3,180.1,599200,178.541
2016-06-30,180.6,186.85,180.6,184.3,1283800,182.705
2016-07-01,165.9,166.45,153.35,157.15,7914200,155.79
2016-07-04,157.8,159.85,152.7,154.55,2274800,153.212
2016-07-05,155,158.65,153.4,156.05,1415000,154.699
2016-07-06,156.05,156.05,156.05,156.05,0,154.699
2016-07-07,157.6,157.6,150.1,150.9,1626100,149.594
2016-07-08,151,152.8,147.15,149.15,2588800,147.859
2016-07-11,151,152,148.2,148.9,1090700,147.611
2016-07-12,148,148.4,144.25,144.9,1408800,143.646
2016-07-13,144,151.9,141.7,147.35,2279500,146.075
2016-07-14,148.1,148.65,144.5,145.8,846400,144.538
2016-07-15,146,147.75,142.65,143.8,933900,142.555
2016-07-18,143.7,143.9,139.2,140,838000,138.788
2016-07-19,140,140.4,133.7,134.55,1641400,133.386
2016-07-20,133.75,136.9,131.05,132.7,2922100,131.552
2016-07-21,132.8,139.8,132.7,136.8,2929900,135.616
2016-07-22,137.5,138,134.1,134.8,1145600,133.633
2016-07-25,136,136.25,133,134.25,1024900,133.088
2016-07-26,134.4,136.4,133.2,133.75,1270800,132.592
2016-07-27,134.05,138.2,133.95,135.3,1709300,134.129
2016-07-28,136,139,134.8,137.95,1563100,136.756
2016-07-29,137,138,130.6,131.35,1315600,130.213
2016-08-01,133.5,133.7,131.85,132.6,760300,131.452
2016-08-02,132.55,134.6,128.1,128.7,900600,127.586
2016-08-03,128.55,129.5,126,127.35,863800,126.248
2016-08-04,127.4,130.25,126.15,127.9,779300,126.793
2016-08-05,128.15,133.4,128.15,132.35,759200,131.205
2016-08-08,132.5,134.5,131.5,132.15,492500,131.006
2016-08-09,131.95,132.25,129.5,130,450600,128.875
2016-08-10,130.5,130.5,126.05,127.1,709900,126
2016-08-11,126.7,127.7,125.05,125.9,657000,125.9
2016-08-12,126.15,129.4,126.1,127.9,479500,127.9
2016-08-15,127.9,127.9,127.9,127.9,0,127.9
2016-08-16,128,129,125.85,127.05,382200,127.05
2016-08-17,126.5,127.15,125.1,126.15,879700,126.15
2016-08-18,127,133.2,125.7,130.85,2187500,130.85
2016-08-19,131.4,136.35,130.45,134.4,2204500,134.4
2016-08-22,135.05,136.3,133.3,133.9,1035600,133.9
2016-08-23,134,138,132.7,135.4,1405000,135.4
2016-08-24,135.2,136.9,134.55,135.45,592500,135.45
2016-08-25,135.65,135.95,129,129.6,1310700,129.6
2016-08-26,129.6,130.75,126.9,127.8,778000,127.8
2016-08-29,127.9,128.75,126.65,127.45,344000,127.45
2016-08-30,127.5,129.45,127,127.55,864000,127.55
2016-08-31,128.45,130,126.45,127.25,986200,127.25
2016-09-01,130,132.95,128.6,129.8,3120700,129.8
2016-09-02,130.2,131.25,127.95,128.85,572200,128.85
2016-09-05,128.85,128.85,128.85,128.85,0,128.85
2016-09-06,129,129.8,127.9,129.05,636000,129.05
2016-09-07,129.5,132,128.4,129.7,833900,129.7
2016-09-08,130,131.75,129.2,130.8,650100,130.8
2016-09-09,129.85,133.95,129.6,130.15,2003600,130.15
2016-09-12,127,130,125.25,126.5,704200,126.5
2016-09-13,126.5,126.5,126.5,126.5,0,126.5
2016-09-14,126.3,130.8,126.3,130.15,705400,130.15
2016-09-15,130,131.35,128.05,128.45,547900,128.45
2016-09-16,130,133,129.3,132.25,1351200,132.25
2016-09-19,133,133.25,130.8,132.05,507100,132.05
2016-09-20,132.5,133.75,130.65,131.1,771000,131.1
2016-09-21,131.95,132.65,130,130.6,574800,130.6
2016-09-22,131.3,132.5,130.35,131.05,400900,131.05
2016-09-23,131.9,132.4,130.3,130.75,764100,130.75
2016-09-26,130.4,131.5,129.4,130,547400,130
2016-09-27,130,131,129.6,130.2,412900,130.2
2016-09-28,130.15,135.8,129.15,134.8,1487600,134.8
2016-09-29,136,136.7,122.2,124,2165800,124
2016-09-30,122.7,125.8,122,124.1,827600,124.1
2016-10-03,125.5,127.7,125.1,126.7,661800,126.7
2016-10-04,126.75,132.6,126.75,130.4,1334400,130.4
2016-10-05,131,135.35,130.75,133.55,1521500,133.55
2016-10-06,134.4,135.95,130.85,132.15,1196200,132.15
2016-10-07,132.3,133.35,126.1,128.8,1020000,128.8
2016-10-10,129.9,132,129.35,130.75,504700,130.75
2016-10-11,130.75,130.75,130.75,130.75,0,130.75
2016-10-12,130.75,130.75,130.75,130.75,0,130.75
2016-10-13,130,130.75,127.4,129.2,882900,129.2
2016-10-14,129.2,132.5,127.95,131.15,1342300,131.15
2016-10-17,131.7,131.95,127.85,128.6,909200,128.6
2016-10-18,127.5,132,126.45,131.15,1822900,131.15
2016-10-19,131.5,137.4,129,136.1,2933600,136.1
2016-10-20,141,144,138.2,141.75,4476100,141.75
2016-10-21,142,142.4,137.65,140.1,1557500,140.1
2016-10-24,140.8,143.25,138,142.4,1176900,142.4
2016-10-25,142.65,147,142.3,146.25,2212000,146.25
2016-10-26,146.95,146.95,143.5,144.45,1094200,144.45
2016-10-27,144.5,147.3,143.1,144.4,1500200,144.4
2016-10-28,144.45,145.85,142.6,143.3,779000,143.3
2016-10-31,143.3,143.3,143.3,143.3,0,143.3
2016-11-01,143.2,143.9,138.3,140,785100,140
2016-11-02,138.15,139.2,132.1,132.95,921200,132.95
2016-11-03,133,134.5,129.7,130.5,823200,130.5
2016-11-04,130.55,134.65,127.85,131.65,920900,131.65
2016-11-07,134.5,135.8,132.9,133.45,529200,133.45
2016-11-08,133.75,137.9,133.55,135.05,716500,135.05
2016-11-09,127,132.95,121.55,131.1,828500,131.1
2016-11-10,132.9,135.15,131.1,133.2,380900,133.2
2016-11-11,131.9,132,127.1,127.85,475900,127.85
2016-11-14,127.85,127.85,127.85,127.85,0,127.85
2016-11-15,128.8,132,124.45,126.45,700700,126.45
2016-11-16,128,131.25,127.25,129,548700,129
2016-11-17,129,131.65,128.5,129.2,368500,129.2
2016-11-18,129,132,128.55,130.05,483900,130.05
2016-11-21,129.55,130.9,125.4,126.5,298100,126.5
2016-11-22,126.5,127.9,121.05,126.75,668100,126.75
2016-11-23,129,129,125.45,126.85,508400,126.85
2016-11-24,125.7,128.85,125.2,126.45,427600,126.45
2016-11-25,127.2,132.3,127,130.7,769400,130.7
2016-11-28,130.7,133.2,128.7,129.3,684300,129.3
2016-11-29,130.2,133.1,129.5,131.85,674600,131.85
2016-11-30,132.5,133.5,131.35,131.9,361500,131.9
2016-12-01,132.25,135.85,131.25,132.2,893900,132.2
2016-12-02,129,134.55,129,132.15,464900,132.15
2016-12-05,133.1,133.5,130,130.8,402600,130.8
2016-12-06,131,133.45,131,131.95,233300,131.95
2016-12-07,132.4,132.55,128.7,129.4,310300,129.4
2016-12-08,131,132.4,130.1,131.85,293100,131.85
2016-12-09,133,135,132.6,133.5,509800,133.5
2016-12-12,133,133,130.5,131.15,236000,131.15
2016-12-13,131.4,135.45,130.1,133.6,621600,133.6
2016-12-14,135,138.7,134.5,135.55,1197900,135.55
2016-12-15,136,140.5,135.15,138.2,1262900,138.2
2016-12-16,138.5,139.8,136.55,137.45,461800,137.45
2016-12-19,137.7,139.5,135.95,138,541500,138
2016-12-20,140,141,136.1,137,595700,137
2016-12-21,138.7,138.9,136.8,137.8,438700,137.8
2016-12-22,137.55,138.4,135.2,137.3,293500,137.3
2016-12-23,138,138.45,136.1,136.8,232200,136.8
2016-12-26,137.1,137.1,133.75,134.45,343000,134.45
2016-12-27,134.7,136,132.6,134.5,332100,134.5
2016-12-28,135,136.25,134.2,134.85,339000,134.85
2016-12-29,134.6,136.4,132.7,133.35,325400,133.35
2016-12-30,134,135.3,133.3,134.35,207000,134.35
2017-01-02,131.45,136.25,131.45,135.5,326100,135.5
2017-01-03,136,136.35,134.25,135.55,357800,135.55
2017-01-04,135.8,138.7,135.55,137.15,573300,137.15
2017-01-05,138,139.65,136.7,137.6,287500,137.6
2017-01-06,137.15,137.5,134.15,134.7,777700,134.7
2017-01-09,134.7,141.9,133.25,137.55,1189800,137.55
2017-01-10,137.8,139.1,136.4,138.65,362900,138.65
2017-01-11,138.95,139.85,137,138.55,667200,138.55
2017-01-12,140,140.75,139,139.65,395100,139.65
2017-01-13,140,143.45,136.2,142.05,1080300,142.05
2017-01-16,142.35,144.25,139.8,143.1,564000,143.1
2017-01-17,143.55,144.65,141.3,143.5,573100,143.5
2017-01-18,144.25,146.8,142.2,145.4,1482500,145.4
2017-01-19,140,142.6,135.8,138.6,3656500,138.6
2017-01-20,139,139.65,136,137.1,824900,137.1
2017-01-23,136,140.95,133.75,136.5,682000,136.5
2017-01-24,136.75,137.85,135.2,135.75,607200,135.75
2017-01-25,135.75,137.2,133.8,134.35,548500,134.35
2017-01-26,134.35,134.35,134.35,134.35,0,134.35
2017-01-27,134.35,138.4,134.35,136.3,366600,136.3
2017-01-30,137,137.55,135.05,135.5,230900,135.5
2017-01-31,135,135.7,128.8,130.15,708200,130.15
2017-02-01,130.9,130.9,128.1,130.6,385000,130.6
2017-02-02,130,134,130,133.45,450300,133.45
2017-02-03,133.7,135,132.15,132.55,533300,132.55
2017-02-06,132.9,133.8,131.2,132.2,367300,132.2
2017-02-07,133,134.9,131.55,132.45,403200,132.45
2017-02-08,133.45,134.3,131.8,133.5,200100,133.5
2017-02-09,133.5,134.65,132.6,133.5,277800,133.5
2017-02-10,133.85,136.3,133.1,134.6,870800,134.6
2017-02-13,135.8,135.8,132.75,133.3,438800,133.3
2017-02-14,132.05,134.6,131.5,132.3,293500,132.3
2017-02-15,133.4,133.4,129.1,130.3,337400,130.3
2017-02-16,130.3,132.4,129.15,131.75,272700,131.75
2017-02-17,133,133.5,130.6,131.65,277600,131.65
2017-02-20,132.25,133.3,132.05,132.8,255500,132.8
2017-02-21,133.75,137.65,133,134.85,949800,134.85
2017-02-22,134.3,135.9,133.15,133.45,208300,133.45
2017-02-23,134.15,139.45,132.2,138.15,1088600,138.15
2017-02-24,138.15,138.15,138.15,138.15,0,138.15
2017-02-27,140,144,138.4,139.25,1648600,139.25
2017-02-28,139.95,140.15,137.3,137.95,372100,137.95
2017-03-01,139.6,142,138,138.4,679100,138.4
2017-03-02,139.7,139.7,134.25,134.7,340700,134.7
2017-03-03,135.45,136.5,133.25,135,330600,135
2017-03-06,135.35,136.4,133.3,134.5,671100,134.5
2017-03-07,135.2,136.75,134.4,135.45,600900,135.45
2017-03-08,135.45,135.8,132.1,132.95,342500,132.95
2017-03-09,133.7,133.7,132.15,132.6,197700,132.6
2017-03-10,133.15,134.25,132.25,132.7,308800,132.7
2017-03-13,132.7,132.7,132.7,132.7,0,132.7
2017-03-14,135,135,132.05,132.5,496200,132.5
2017-03-15,133,133.7,131,131.65,366300,131.65
2017-03-16,132.25,133.6,131.25,133.25,335600,133.25
2017-03-17,135,136.4,133.25,135.25,819800,135.25
2017-03-20,135.2,137.25,133.4,134.4,1113800,134.4
2017-03-21,134.3,135.6,133.2,133.75,618900,133.75
2017-03-22,134.3,134.3,131.25,131.55,574300,131.55
2017-03-23,131.8,132.75,130.1,131.65,891600,131.65
2017-03-24,132.1,133.1,131.5,131.85,661300,131.85
2017-03-27,133.6,133.7,129.65,129.95,945600,129.95
2017-03-28,133.5,133.5,130.05,130.9,953700,130.9
2017-03-29,131.95,132,129.8,130.85,767200,130.85
2017-03-30,131,132,130.2,130.65,1057400,130.65
2017-03-31,130.5,130.9,129.3,129.7,430200,129.7
2017-04-03,130.05,130.3,129.25,130,269800,130
2017-04-04,130,130,130,130,0,130
2017-04-05,130.5,131.55,129.7,130.2,967300,130.2
2017-04-06,130,131.35,129.75,130.2,440100,130.2
2017-04-07,129.9,131.25,129.8,130.15,315100,130.15
2017-04-10,131,132.35,128.7,129.05,819400,129.05
2017-04-11,129.05,130.15,128.15,128.4,470300,128.4
2017-04-12,128.2,133.65,127.7,131.05,1445700,131.05
2017-04-13,132.85,132.85,128.8,129.1,546500,129.1
2017-04-14,129.1,129.1,129.1,129.1,0,129.1
2017-04-17,129.75,131,128.4,128.6,648300,128.6
2017-04-18,129.4,130.65,128.05,128.5,552000,128.5
2017-04-19,128.2,129.35,126.55,127.5,450700,127.5
2017-04-20,127.6,128.5,126.55,127.35,363100,127.35
2017-04-21,127.8,132.15,127.65,131.3,789900,131.3
