"Date","KTKBANK.NS.Open","KTKBANK.NS.High","KTKBANK.NS.Low","KTKBANK.NS.Close","KTKBANK.NS.Volume","KTKBANK.NS.Adjusted"
2015-01-01,118.65,121.379,118.202,120.361,1763200,110.9592
2015-01-02,120.565,122.52,119.791,120.443,2839700,111.0348
2015-01-05,120.605,121.176,118.202,118.61,1496000,109.345
2015-01-06,117.388,117.795,111.074,112.215,2959600,103.4495
2015-01-07,112.337,114.74,109.812,113.478,3625900,104.6138
2015-01-08,115.677,117.062,114.455,116.614,1864200,107.5049
2015-01-09,117.51,117.673,113.885,115.147,1707000,106.1525
2015-01-12,115.514,116.817,113.6,115.758,1384500,106.7157
2015-01-13,116.084,116.451,114.048,114.944,1553500,105.9653
2015-01-14,114.862,115.555,112.419,113.233,1759600,104.388
2015-01-15,117.306,120.402,115.025,118.528,4296200,109.2694
2015-01-16,118.487,118.895,116.899,117.184,1719200,108.0303
2015-01-19,118.447,125.901,117.306,124.679,8084600,114.9399
2015-01-20,125.819,127.53,123.823,124.394,4588600,114.6771
2015-01-21,125.045,126.837,121.461,122.438,3115900,112.8739
2015-01-22,122.927,124.434,120.646,121.705,2027500,112.1982
2015-01-23,122.886,123.335,119.75,120.565,1845500,111.1472
2015-01-26,120.565,120.565,120.565,120.565,0,111.1472
2015-01-27,121.379,121.705,115.514,117.754,4337600,108.5558
2015-01-28,122.194,122.561,116.125,117.673,4986300,108.4811
2015-01-29,116.817,119.913,115.351,115.921,4549600,106.866
2015-01-30,117.103,120.728,115.473,116.41,3866400,107.3168
2015-02-02,116.084,118.691,115.718,117.836,1966900,108.6314
2015-02-03,118.365,118.487,112.052,113.681,3592100,104.801
2015-02-04,114.414,114.455,110.871,111.767,2753000,103.0365
2015-02-05,111.563,112.663,107.571,108.834,1849700,100.3326
2015-02-06,108.59,108.956,104.72,105.779,4164300,97.5162
2015-02-09,104.924,109.323,104.069,106.512,2695400,98.192
2015-02-10,106.064,111.645,105.087,108.223,3114400,99.7693
2015-02-11,108.671,110.789,108.345,110.26,1915300,101.6472
2015-02-12,111.156,111.848,108.753,111.074,1706300,102.3976
2015-02-13,110.463,112.826,110.463,112.011,2007600,103.2614
2015-02-16,112.663,113.315,111.156,112.296,1676800,103.5242
2015-02-17,112.296,112.296,112.296,112.296,0,103.5242
2015-02-18,112.581,112.744,111.115,111.441,1264000,102.7359
2015-02-19,112.256,112.337,108.834,111.115,2137600,102.4354
2015-02-20,111.685,113.274,109.364,111.278,2125400,102.5857
2015-02-23,111.808,112.256,107.653,108.305,2094600,99.8449
2015-02-24,108.753,109.975,107.164,109.527,1775100,100.9715
2015-02-25,109.934,110.3,107.042,107.409,2004100,99.0189
2015-02-26,107.612,107.897,103.702,104.354,4231800,96.2025
2015-02-27,105.087,108.223,105.087,107.694,2445400,99.2816
2015-03-02,109.975,114.781,108.875,113.722,4065800,104.8388
2015-03-03,114.251,114.659,111.848,113.518,1729800,104.6507
2015-03-04,116.492,117.062,108.345,108.997,3514500,100.4829
2015-03-05,109.527,109.812,107.897,109.323,1521600,100.7834
2015-03-06,109.323,109.323,109.323,109.323,0,100.7834
2015-03-09,108.223,108.508,105.494,105.942,1505300,97.6665
2015-03-10,106.39,107.694,105.535,106.675,2225600,98.3422
2015-03-11,106.879,108.182,106.064,106.961,1532500,98.6059
2015-03-12,107.531,108.223,107.164,107.49,861900,99.0936
2015-03-13,108.345,108.63,103.213,103.824,1640300,95.7139
2015-03-16,104.069,105.576,102.236,103.743,1666300,95.6393
2015-03-17,104.72,106.838,104.354,105.901,1831700,97.6287
2015-03-18,106.064,106.594,104.802,105.779,1265400,97.5162
2015-03-19,106.716,107.123,102.847,103.417,1098200,95.3387
2015-03-20,102.724,103.376,101.014,101.217,1792400,93.3106
2015-03-23,101.421,102.562,100.321,100.688,1270000,92.8229
2015-03-24,100.403,101.584,99.9954,100.362,924800,92.5224
2015-03-25,100.769,101.625,98.6106,99.914,2137600,92.1094
2015-03-26,99.3845,100.036,98.0403,98.4884,1778600,90.7951
2015-03-27,98.9364,99.6696,96.126,98.2847,2011300,90.6073
2015-03-30,98.9364,102.113,98.9364,101.706,897800,93.7614
2015-03-31,102.195,102.643,100.606,101.543,1187100,93.6111
2015-04-01,101.747,104.476,100.525,104.109,938600,95.9767
2015-04-02,104.109,104.109,104.109,104.109,0,95.9767
2015-04-03,104.109,104.109,104.109,104.109,0,95.9767
2015-04-06,104.639,104.68,102.724,103.132,894300,95.076
2015-04-07,103.865,104.231,100.932,102.562,1619700,94.5505
2015-04-08,103.05,104.231,101.869,102.032,1901300,94.0619
2015-04-09,102.847,105.25,102.154,104.476,1316900,96.315
2015-04-10,104.476,105.901,103.661,104.639,1532500,96.4653
2015-04-13,105.128,111.93,104.639,110.463,3872100,101.8343
2015-04-14,110.463,110.463,110.463,110.463,0,101.8343
2015-04-15,111.563,111.93,107.531,108.264,2304900,99.8071
2015-04-16,108.264,110.26,105.739,107.531,2062300,99.1314
2015-04-17,107.49,110.097,106.064,107.368,1588400,98.9811
2015-04-20,107.531,108.305,104.15,104.639,1577200,96.4653
2015-04-21,104.272,105.779,103.254,103.661,1200000,95.5637
2015-04-22,103.946,106.024,101.014,104.069,2036000,95.9398
2015-04-23,104.598,105.331,103.295,103.987,1113000,95.8642
2015-04-24,104.028,104.028,100.892,101.299,1554800,93.3862
2015-04-27,101.747,101.747,98.6513,99.4659,1194500,91.6963
2015-04-28,99.4659,101.991,99.4252,101.136,1333300,93.2359
2015-04-29,101.095,102.806,100.688,101.828,1261800,93.8739
2015-04-30,101.828,103.295,100.606,102.643,1469700,94.6252
2015-05-01,102.643,102.643,102.643,102.643,0,94.6252
2015-05-04,103.621,108.345,102.684,107.694,1438500,99.2816
2015-05-05,107.979,109.119,103.702,105.453,2056900,97.2157
2015-05-06,105.005,105.82,98.9771,100.362,1900500,92.5224
2015-05-07,100.036,101.095,95.9223,97.4701,2113600,89.8564
2015-05-08,98.5291,100.851,98.0811,100.403,1261800,92.5602
2015-05-11,100.932,103.702,100.362,103.05,1066700,95.0004
2015-05-12,102.969,102.969,97.5923,97.9996,1362800,90.3445
2015-05-13,98.7735,100.443,97.796,98.8142,1289800,91.0955
2015-05-14,98.855,101.706,97.8367,100.932,1606200,93.0478
2015-05-15,101.014,102.236,100.525,101.177,1146600,93.2737
2015-05-18,101.38,102.562,101.054,102.154,735000,94.1744
2015-05-19,101.828,104.435,101.706,102.724,1366200,94.6999
2015-05-20,103.254,104.191,102.684,103.05,642000,95.0004
2015-05-21,103.376,103.458,101.828,103.091,1007400,95.0382
2015-05-22,103.498,109.079,103.05,107.409,9025800,99.0189
2015-05-25,108.345,111.074,107.123,108.101,4263100,99.6568
2015-05-26,108.671,111.726,107.612,109.364,3263100,100.8212
2015-05-27,109.16,117.184,108.305,115.27,6844300,106.2658
2015-05-28,116.084,116.899,111.93,114.455,4500700,105.5145
2015-05-29,114.577,116.288,113.885,115.188,2869500,106.1903
2015-06-01,115.677,116.98,114.414,115.27,1906900,106.2658
2015-06-02,115.758,115.84,109.404,110.626,3591300,101.9846
2015-06-03,109.852,110.789,106.798,108.671,3355900,100.1823
2015-06-04,109.241,109.893,106.838,108.59,1533100,100.1076
2015-06-05,107.938,110.3,107.531,107.857,1585700,99.4319
2015-06-08,108.59,108.63,106.716,107.816,1860000,99.3941
2015-06-09,107.857,109.038,106.064,107.042,2002600,98.6806
2015-06-10,107.449,108.508,107.164,107.734,1030300,99.3185
2015-06-11,108.712,108.875,103.498,104.15,3013800,96.0145
2015-06-12,104.109,104.68,102.969,104.231,1511200,96.0891
2015-06-15,104.272,105.901,103.865,104.72,1154400,96.5399
2015-06-16,104.761,105.901,103.458,104.965,2029600,96.7658
2015-06-17,105.901,108.182,105.453,107.694,1868800,99.2816
2015-06-18,108.264,109.975,107.571,108.549,1411100,100.0699
2015-06-19,109.323,109.323,107.327,108.753,911700,100.2579
2015-06-22,109.16,120.157,108.671,118.325,8699800,109.0822
2015-06-23,118.936,119.221,114.862,117.51,4452300,108.3309
2015-06-24,117.795,122.927,115.881,117.917,8030900,108.7061
2015-06-25,117.551,120.768,116.492,120.28,4836300,110.8845
2015-06-26,119.506,121.176,116.655,119.343,2685100,110.0207
2015-06-29,115.596,118.08,113.926,117.51,2934400,108.3309
2015-06-30,117.632,119.546,116.329,117.958,1962000,108.7439
2015-07-01,117.958,122.113,117.714,120.687,2644000,111.2597
2015-07-02,121.705,124.394,121.176,123.212,3810400,113.5875
2015-07-03,122.194,124.801,120.443,121.909,3436700,112.3863
2015-07-06,120.28,126.593,118.325,126.104,4160400,116.2536
2015-07-07,126.878,128.833,124.638,126.226,4380600,116.366
2015-07-08,121.379,122.561,114.455,116.614,5538500,111.9389
2015-07-09,118.365,119.995,116.573,118.569,2885300,113.8156
2015-07-10,119.302,123.66,119.058,121.868,5003900,116.9823
2015-07-13,123.66,125.371,120.198,124.842,3434400,119.8371
2015-07-14,125.453,126.919,123.864,124.719,3132200,119.719
2015-07-15,124.964,125.778,122.561,122.968,1727700,118.0382
2015-07-16,123.783,126.186,122.927,125.167,3261800,120.149
2015-07-17,125.127,127.163,122.561,125.29,5584400,120.2671
2015-07-20,119.18,119.18,113.355,114.292,8057000,109.71
2015-07-21,114.537,115.84,111.685,112.174,3647300,107.6769
2015-07-22,111.604,115.27,111.441,115.066,1765900,110.453
2015-07-23,115.636,116.207,113.437,113.966,2556100,109.3971
2015-07-24,113.844,114.414,111.808,112.093,1499400,107.5992
2015-07-27,111.604,112.378,109.16,109.771,2285500,105.3703
2015-07-28,110.056,111.808,108.427,111.359,2120700,106.8946
2015-07-29,111.604,113.192,109.689,110.463,1947300,106.0345
2015-07-30,110.789,114.333,110.463,113.885,2646100,109.3193
2015-07-31,114.414,115.84,112.907,114.781,1744100,110.1794
2015-08-03,114.781,117.062,114.088,115.433,1442100,110.8053
2015-08-04,116.003,116.41,113.478,114.618,1452400,110.0229
2015-08-05,115.677,116.003,113.64,114.088,1499500,109.5142
2015-08-06,114.537,116.899,114.17,116.003,2086800,111.3524
2015-08-07,115.677,120.076,115.066,119.546,3482400,114.7534
2015-08-10,119.75,120.972,116.247,117.184,1514800,112.4861
2015-08-11,117.306,117.958,113.722,114.699,1339500,110.1007
2015-08-12,113.966,114.048,109.16,110.015,2288700,105.6045
2015-08-13,111.604,112.256,108.549,108.997,1282100,104.6273
2015-08-14,108.875,114.862,108.834,113.885,1660700,109.3193
2015-08-17,114.333,115.351,112.093,112.907,1503400,108.3805
2015-08-18,113.233,115.514,112.704,114.374,1321000,109.7887
2015-08-19,114.333,114.537,112.296,112.663,1095200,108.1463
2015-08-20,112.093,112.256,108.834,109.282,2009200,104.9009
2015-08-21,106.309,108.345,106.268,107.938,1689300,103.6108
2015-08-24,105.087,105.576,97.9996,99.4659,2908100,95.4783
2015-08-25,100.199,101.421,94.1709,100.81,2661000,96.7685
2015-08-26,100.199,101.136,98.0403,98.7328,1600000,94.7746
2015-08-27,100.932,101.584,99.4659,100.769,2237300,96.7292
2015-08-28,102.236,104.231,99.6289,100.973,2364400,96.925
2015-08-31,99.5474,104.68,99.5474,103.458,2636600,99.3104
2015-09-01,102.113,102.643,95.9223,97.3479,2985600,93.4452
2015-09-02,97.4294,98.8957,95.3113,95.8408,2241400,91.9985
2015-09-03,96.8999,98.1218,96.2074,96.8591,909600,92.976
2015-09-04,96.3704,96.3704,90.0163,92.338,2422500,88.6362
2015-09-07,92.4601,93.0304,88.387,89.2424,1551200,85.6647
2015-09-08,89.1202,93.845,88.3055,92.1343,2752200,88.4406
2015-09-09,93.7635,95.3113,92.2158,92.8674,2584000,89.1443
2015-09-10,91.727,95.5965,90.0163,94.7004,3014700,90.9038
2015-09-11,95.7187,96.9406,94.4967,96.0038,2491900,92.155
2015-09-14,96.8591,98.3662,95.3928,97.633,1591900,93.7189
2015-09-15,98.244,98.8957,95.3113,96.0445,1486000,92.1941
2015-09-16,96.9406,97.4701,95.6372,96.3704,910800,92.5069
2015-09-17,96.3704,96.3704,96.3704,96.3704,0,92.5069
2015-09-18,97.5923,101.299,97.5923,100.932,2720700,96.8856
2015-09-21,100.199,101.34,97.8367,101.014,1564000,96.9643
2015-09-22,101.828,102.643,98.3254,99.2215,1689100,95.2437
2015-09-23,96.6147,102.032,96.6147,101.584,2124800,97.5115
2015-09-24,101.828,103.621,100.362,101.665,1965500,97.5892
2015-09-25,101.665,101.665,101.665,101.665,0,97.5892
2015-09-28,102.562,104.191,101.014,101.543,1297000,97.4721
2015-09-29,100.199,103.946,98.1625,103.132,2303600,98.9974
2015-09-30,104.272,104.272,101.869,103.05,1301200,98.9187
2015-10-01,103.539,103.987,101.095,102.317,1549200,98.2151
2015-10-02,102.317,102.317,102.317,102.317,0,98.2151
2015-10-05,103.05,106.472,102.276,105.657,1687700,101.4212
2015-10-06,107.042,107.042,104.557,106.187,1341200,101.9299
2015-10-07,106.635,107.083,105.168,105.535,1206100,101.3041
2015-10-08,105.291,107.205,104.517,105.901,1480900,101.6554
2015-10-09,106.92,107.286,104.761,105.861,1055900,101.617
2015-10-12,105.983,106.879,104.924,105.983,890200,101.7341
2015-10-13,105.739,106.92,105.291,106.635,1001300,102.36
2015-10-14,106.716,108.02,105.739,106.635,1035200,102.36
2015-10-15,107.531,107.857,106.553,107.123,851500,102.8284
2015-10-16,107.409,108.59,105.698,107.571,1555700,103.2585
2015-10-19,107.531,107.857,105.901,106.187,868000,101.9299
2015-10-20,106.39,107.368,105.372,106.187,761300,101.9299
2015-10-21,106.146,106.512,100.81,102.276,2154800,98.1757
2015-10-22,102.276,102.276,102.276,102.276,0,98.1757
2015-10-23,102.847,103.946,101.951,102.48,1088200,98.3716
2015-10-26,103.213,103.458,100.932,101.543,736400,97.4721
2015-10-27,101.421,103.783,101.095,102.969,901000,98.841
2015-10-28,102.562,104.435,101.136,102.113,1320200,98.0193
2015-10-29,101.421,101.869,100.036,100.81,2282500,96.7685
2015-10-30,101.503,106.553,100.199,104.842,5324100,100.6389
2015-11-02,105.901,105.901,102.887,104.476,1923100,100.2875
2015-11-03,105.087,105.901,103.946,104.191,938700,100.014
2015-11-04,105.005,106.105,102.887,103.458,1269600,99.3104
2015-11-05,103.254,103.702,100.566,100.973,918200,96.925
2015-11-06,101.095,102.236,99.3845,100.525,1096700,96.4949
2015-11-09,97.7552,101.177,96.2889,100.403,898700,96.3778
2015-11-10,99.8732,102.154,98.5698,98.8957,961300,94.931
2015-11-11,98.8957,98.8957,98.8957,98.8957,0,94.931
2015-11-12,98.8957,98.8957,98.8957,98.8957,0,94.931
2015-11-13,99.303,100.606,98.6513,99.9954,887800,95.9866
2015-11-16,99.7103,101.788,98.9771,101.177,1260500,97.1208
2015-11-17,102.643,102.724,100.851,101.91,1383800,97.8244
2015-11-18,101.828,102.358,98.5698,98.8142,1383200,94.8527
2015-11-19,99.4659,100.077,99.0586,99.5474,819700,95.5565
2015-11-20,99.7511,104.191,99.1808,101.869,2618700,97.7851
2015-11-23,102.154,102.317,101.095,101.258,747100,97.1986
2015-11-24,101.014,101.462,100.24,100.525,670300,96.4949
2015-11-25,100.525,100.525,100.525,100.525,0,96.4949
2015-11-26,100.851,101.625,99.7511,101.136,1244800,97.0814
2015-11-27,101.258,104.354,101.054,103.987,1618200,99.8181
2015-11-30,104.639,104.639,103.05,103.335,927500,99.1923
2015-12-01,103.783,106.064,103.091,105.331,2221000,101.1083
2015-12-02,105.739,105.82,102.562,103.702,862300,99.5446
2015-12-03,103.458,103.743,101.665,102.48,853100,98.3716
2015-12-04,101.665,102.317,100.525,100.81,888700,96.7685
2015-12-07,101.258,101.747,100.281,100.484,590600,96.4556
2015-12-08,99.7918,100.729,99.3845,99.4659,501100,95.4783
2015-12-09,99.0586,100.403,98.1625,98.5698,1164300,94.6181
2015-12-10,98.6106,98.7735,96.9406,97.185,1614000,93.2888
2015-12-11,97.2664,98.244,94.9855,95.8816,1473800,92.0377
2015-12-14,94.5782,97.3072,94.5782,96.2889,641300,92.4287
2015-12-15,96.3704,96.7777,95.5965,96.3296,459400,92.4677
2015-12-16,96.6962,98.5698,96.3296,97.4701,656700,93.5625
2015-12-17,97.9996,99.3845,97.796,98.855,721500,94.8919
2015-12-18,98.855,101.258,97.9181,99.3845,2444400,95.4002
2015-12-21,99.7103,100.443,99.4659,100.036,528700,96.0255
2015-12-22,100.118,100.932,98.6513,99.2215,583100,95.2437
2015-12-23,99.5881,100.362,99.3845,99.6696,463200,95.6738
2015-12-24,100.118,100.443,98.7328,99.1401,535500,95.1656
2015-12-25,99.1401,99.1401,99.1401,99.1401,0,95.1656
2015-12-28,99.7103,101.421,99.4252,100.932,531600,96.8856
2015-12-29,101.421,101.747,99.7918,100.036,451800,96.0255
2015-12-30,99.9547,100.525,99.0586,99.4659,779700,95.4783
2015-12-31,99.4659,100.362,98.692,99.9954,863500,95.9866
2016-01-01,99.9954,101.991,99.8325,101.665,585300,97.5892
2016-01-04,101.177,101.747,97.5516,98.4884,1024900,94.54
2016-01-05,98.5698,98.9364,96.7777,97.3479,1581900,93.4452
2016-01-06,97.4294,98.4069,96.5333,96.6555,682200,92.7806
2016-01-07,96.0445,96.4111,91.4826,92.0121,2007500,88.3233
2016-01-08,92.3787,93.5192,92.0528,92.5823,602500,88.8707
2016-01-11,91.9306,93.1933,90.4236,92.1343,1534800,88.4406
2016-01-12,92.0528,92.4601,87.8982,88.2648,1719500,84.7263
2016-01-13,88.3055,88.9573,83.9066,86.88,3447500,83.397
2016-01-14,82.7661,84.6397,79.8334,80.4444,4226400,77.2194
2016-01-15,81.0554,82.2366,76.6564,77.1452,3292600,74.0524
2016-01-18,76.5749,82.2773,75.5974,80.8924,7208300,77.6494
2016-01-19,81.422,82.2773,79.9556,80.6888,2378700,77.454
2016-01-20,79.5076,79.8334,77.3895,78.3671,2209100,75.2254
2016-01-21,79.8334,81.7885,78.1634,78.8966,2275300,75.7336
2016-01-22,80.4851,82.8883,79.6705,81.4627,2196600,78.1968
2016-01-25,83.0512,83.0512,80.4851,80.811,888300,77.5713
2016-01-26,80.811,80.811,80.811,80.811,0,77.5713
2016-01-27,81.259,82.7661,79.4668,81.3812,1671100,78.1186
2016-01-28,81.4627,81.8293,79.4668,80.3222,2053800,77.1021
2016-01-29,80.1593,80.8924,78.2856,80.4037,1192000,77.1803
2016-02-01,81.2998,81.7071,79.5076,79.8334,927300,76.6329
2016-02-02,79.9149,81.6256,79.2632,80.0371,2012900,76.8284
2016-02-03,79.0595,79.141,76.8193,77.2266,1448300,74.1306
2016-02-04,77.7969,78.3264,75.3937,76.1676,1355000,73.114
2016-02-05,76.2491,78.9373,75.964,78.082,1610800,74.9517
2016-02-08,78.1227,80.5259,77.9191,78.3671,1377400,75.2254
2016-02-09,76.9822,78.2856,75.8418,76.2491,1189200,73.1923
2016-02-10,76.1269,76.1269,72.9906,73.9274,2798500,70.9636
2016-02-11,74.3347,74.3347,71.1169,72.1352,1978400,69.2433
2016-02-12,72.1352,76.0454,70.2208,73.2757,2588500,70.3381
2016-02-15,74.2532,76.86,74.2532,76.1676,1424900,73.114
2016-02-16,77.0637,77.7561,75.0679,75.5566,1744300,72.5275
2016-02-17,74.9864,75.7603,72.0945,75.2715,1633500,72.2539
2016-02-18,75.801,77.5525,74.131,75.8825,2632500,72.8404
2016-02-19,75.7603,77.3895,75.19,76.9415,1262900,73.8569
2016-02-22,77.2266,77.7154,75.353,75.6788,1138700,72.6448
2016-02-23,76.1269,76.1269,72.9906,73.3571,1905100,70.4162
2016-02-24,72.5018,72.8684,71.0355,71.565,2718900,68.696
2016-02-25,72.0537,72.3796,70.0986,70.2616,2369800,67.4448
2016-02-26,71.1577,71.6464,69.3247,70.6281,1472400,67.7966
2016-02-29,70.7911,71.565,69.0804,70.0172,1666800,67.2102
2016-03-01,70.3838,75.19,70.3838,73.683,2565300,70.729
2016-03-02,75.19,78.9373,75.19,76.4527,2573500,73.3877
2016-03-03,76.4527,79.2225,75.9232,78.1227,2840500,74.9908
2016-03-04,78.2042,79.8334,77.023,78.9373,1744300,75.7727
2016-03-07,78.9373,78.9373,78.9373,78.9373,0,75.7727
2016-03-08,79.3447,79.5076,77.8783,78.1227,1160800,74.9908
2016-03-09,78.0005,78.53,76.9008,77.8376,1742900,74.7171
2016-03-10,78.6115,78.6115,76.9822,77.2673,853000,74.1696
2016-03-11,77.3895,79.3447,76.6564,77.5117,1182700,74.4042
2016-03-14,78.4486,78.8559,76.9822,77.5117,633700,74.4042
2016-03-15,77.7969,79.6298,77.2266,78.9781,1645900,75.8119
2016-03-16,79.0595,79.6298,77.2266,78.6115,2254300,75.46
2016-03-17,79.8334,83.0512,79.589,81.9922,3390600,78.7051
2016-03-18,82.4402,83.4178,81.0961,82.6846,2399600,79.3698
2016-03-21,83.0919,83.9066,82.5217,83.0919,1112700,79.7607
2016-03-22,83.6214,83.6214,80.6888,81.6256,1330200,78.3532
2016-03-23,80.9332,82.8068,80.811,81.7478,1291900,78.4705
2016-03-24,81.7478,81.7478,81.7478,81.7478,0,78.4705
2016-03-25,81.7478,81.7478,81.7478,81.7478,0,78.4705
2016-03-28,82.1958,86.3504,81.5034,83.0105,3675600,79.6826
2016-03-29,83.0105,83.4993,80.9739,81.2998,1082400,78.0405
2016-03-30,82.2366,83.7436,81.7071,83.0919,1996400,79.7607
2016-03-31,83.0105,84.6397,82.1958,83.6214,2049000,80.269
2016-04-01,83.3363,85.5358,83.1734,85.2507,1352500,81.833
2016-04-04,85.5358,85.9839,83.9066,84.8434,777000,81.442
2016-04-05,85.1285,85.1285,80.3222,80.811,1646000,77.5713
2016-04-06,81.2183,84.3139,80.3222,83.6622,1866400,80.3082
2016-04-07,83.54,84.599,82.3588,82.6439,1154900,79.3307
2016-04-08,83.7436,84.3953,82.3588,84.0287,980700,80.66
2016-04-11,84.1917,86.2282,83.8251,85.1692,900400,81.7548
2016-04-12,84.7619,85.9431,84.3953,85.4136,981900,81.9894
2016-04-13,86.3504,87.1651,85.7802,86.3912,1103300,82.9278
2016-04-14,86.3912,86.3912,86.3912,86.3912,0,82.9278
2016-04-15,86.3912,86.3912,86.3912,86.3912,0,82.9278
2016-04-18,86.3504,89.1609,85.3729,88.7536,2114900,85.1955
2016-04-19,88.7536,88.7536,88.7536,88.7536,0,85.1955
2016-04-20,89.0794,91.0753,88.2241,88.8758,2032400,85.3128
2016-04-21,89.6904,92.0528,89.2831,90.0163,2409600,86.4075
2016-04-22,90.0163,92.9489,89.4867,91.9714,2148300,88.2843
2016-04-25,92.0528,93.3562,91.3604,91.727,1794400,88.0496
2016-04-26,91.564,92.7453,90.9938,92.175,1157700,88.4797
2016-04-27,92.6638,93.9265,92.1343,93.0711,1796100,89.3399
2016-04-28,92.6638,93.1933,91.4826,91.8899,1930900,88.206
2016-04-29,91.8899,93.1933,89.8533,91.116,1308500,87.4631
2016-05-02,90.8309,90.8309,88.9573,89.6904,1219700,86.0947
2016-05-03,90.1792,91.3197,88.9573,89.4053,929500,85.821
2016-05-04,89.2016,89.8941,87.0836,87.4502,2041800,83.9443
2016-05-05,87.1651,88.0612,86.4319,87.4502,1050200,83.9443
2016-05-06,87.0836,94.4967,86.6763,92.7453,4759600,89.0271
2016-05-09,93.5192,95.4743,93.1933,94.6189,2909400,90.8256
2016-05-10,94.8226,94.8226,92.9896,93.234,1166000,89.4962
2016-05-11,92.2565,95.1484,91.8084,93.6413,1488900,89.8872
2016-05-12,93.8857,95.9223,93.6821,95.2706,1905300,91.4512
2016-05-13,96.0038,97.6738,94.7411,95.1891,2290700,91.373
2016-05-16,95.515,95.6372,93.0304,95.0669,1910200,91.2557
2016-05-17,95.5557,95.5557,93.3562,93.7228,922600,89.9654
2016-05-18,93.4377,93.6006,92.0528,93.1118,1151900,89.3789
2016-05-19,93.3562,93.845,90.6272,91.3197,1219900,87.6587
2016-05-20,91.3197,100.036,90.8716,97.7145,12489200,93.7971
2016-05-23,98.5698,101.014,96.5333,98.5291,8991200,94.5791
2016-05-24,99.0586,99.303,96.7777,97.5516,2993000,93.6407
2016-05-25,98.5291,100.281,97.9181,99.5881,2263500,95.5956
2016-05-26,99.8732,104.761,99.7918,103.824,5357200,99.6617
2016-05-27,103.865,105.25,102.521,103.743,2493000,99.5839
2016-05-30,104.598,104.761,102.399,103.417,1306400,99.271
2016-05-31,103.783,105.209,102.399,104.639,1550600,100.444
2016-06-01,105.576,105.576,101.014,101.543,1939800,97.4721
2016-06-02,102.032,103.295,100.688,102.969,1765200,98.841
2016-06-03,103.783,104.68,101.991,102.276,2334100,98.1757
2016-06-06,102.562,110.504,102.358,109.893,8773600,105.4874
2016-06-07,110.463,111.074,107.734,108.875,5504200,104.5102
2016-06-08,109.404,110.586,107.612,109.241,2944300,104.8615
2016-06-09,109.282,112.419,108.386,110.015,4020400,105.6045
2016-06-10,109.812,111.482,107.612,108.142,2843800,103.8066
2016-06-13,105.942,109.486,105.942,108.63,2329100,104.275
2016-06-14,108.671,110.626,108.59,109.934,1549000,105.5267
2016-06-15,110.138,111.441,110.097,110.789,1382800,106.3475
2016-06-16,110.382,111.197,108.59,110.138,1746600,105.7226
2016-06-17,110.626,112.459,110.504,111.93,2149500,107.4427
2016-06-20,111.074,112.826,110.382,111.848,1641100,107.364
2016-06-21,111.645,113.64,111.441,112.011,1788800,107.5205
2016-06-22,112.093,112.704,109.404,110.178,1457400,105.7609
2016-06-23,110.3,112.5,109.445,111.97,2167700,107.4811
2016-06-24,108.345,109.934,105.209,109.567,3113000,105.1744
2016-06-27,109.282,111.93,108.793,111.441,1740400,106.9733
2016-06-28,111.319,112.826,111.034,112.174,1156000,107.6769
2016-06-29,112.5,114.862,112.215,114.088,2762000,109.5142
2016-06-30,114.455,116.044,113.722,114.699,3147100,110.1007
2016-07-01,114.862,116.817,114.862,116.532,1733300,111.8602
2016-07-04,116.899,120.891,116.899,119.75,2178100,114.9492
2016-07-05,119.75,121.665,118.406,119.424,2100800,114.6363
2016-07-06,119.424,119.424,119.424,119.424,0,114.6363
2016-07-07,119.424,122.846,119.424,120.117,2212400,115.3015
2016-07-08,120.076,122.561,117.062,121.216,2435200,116.3564
2016-07-11,123.009,123.823,122.194,123.253,2163600,118.3118
2016-07-12,124.068,124.475,123.09,124.027,1876200,119.0547
2016-07-13,124.108,124.108,121.094,122.275,1510900,117.373
2016-07-14,121.827,125.167,121.705,124.19,3516800,119.2112
2016-07-15,124.801,129.526,124.801,127.123,4631500,122.0266
2016-07-18,127.448,128.711,125.534,126.104,1981800,121.0485
2016-07-19,125.901,126.674,123.049,124.719,2489000,119.719
2016-07-20,120.931,120.931,119.221,120.117,2130000,120.117
2016-07-21,120.157,122.52,119.628,119.872,2258500,119.872
2016-07-22,119.017,121.054,119.017,120.768,1388500,120.768
2016-07-25,120.972,124.394,120.361,123.783,2246900,123.783
2016-07-26,124.149,124.964,120.891,121.909,1923600,121.909
2016-07-27,121.95,123.905,120.891,122.927,1816200,122.927
2016-07-28,123.09,125.004,122.275,124.271,2864000,124.271
2016-07-29,124.638,127.245,118.691,119.424,8185200,119.424
2016-08-01,118.61,122.601,117.306,121.827,4257100,121.827
2016-08-02,122.153,122.846,120.035,120.524,2378000,120.524
2016-08-03,120.32,123.131,119.791,121.135,2918400,121.135
2016-08-04,121.542,122.683,120.157,121.99,2112700,121.99
2016-08-05,122.683,125.615,115.555,116.817,8128800,116.817
2016-08-08,117.306,117.306,112.052,114.903,4110000,114.903
2016-08-09,114.455,116.736,114.211,116.207,2886800,116.207
2016-08-10,116.369,116.41,113.274,113.722,2078200,113.722
2016-08-11,114.781,115.27,112.989,113.559,4338900,113.559
2016-08-12,114.048,116.329,114.048,115.881,2418000,115.881
2016-08-15,115.881,115.881,115.881,115.881,0,115.881
2016-08-16,116.329,117.469,115.066,117.062,2404700,117.062
2016-08-17,119.669,119.669,114.822,115.066,2369900,115.066
2016-08-18,115.799,116.573,115.147,115.758,1832600,115.758
2016-08-19,116.084,126.186,116.003,124.719,7398600,124.719
2016-08-22,125.371,130.544,123.294,127.815,11647100,127.815
2016-08-23,127.733,128.304,124.842,126.756,4122700,126.756
2016-08-24,126.674,127,125.045,125.697,4520900,125.697
2016-08-25,126.063,126.267,122.927,123.986,3995600,123.986
2016-08-26,124.434,124.516,119.954,120.972,2549200,120.972
2016-08-29,121.216,123.172,119.832,121.868,3632500,121.868
2016-08-30,122.683,125.615,121.827,125.004,3556200,125.004
2016-08-31,125.412,126.552,122.561,123.416,3436200,123.416
2016-09-01,123.09,124.882,121.909,122.479,2998200,122.479
2016-09-02,122.601,123.783,122.438,123.375,1808700,123.375
2016-09-05,123.375,123.375,123.375,123.375,0,123.375
2016-09-06,124.149,127.652,123.905,127.082,4566300,127.082
2016-09-07,128.589,132.173,126.471,128.63,8162700,128.63
2016-09-08,127.652,131.481,127.652,129.607,4102400,129.607
2016-09-09,129.403,130.544,127.285,129.118,4594200,129.118
2016-09-12,125.045,127,123.131,123.579,2121200,123.579
2016-09-13,123.579,123.579,123.579,123.579,0,123.579
2016-09-14,123.049,126.552,122.275,126.145,1976200,126.145
2016-09-15,125.982,126.43,123.986,124.434,1142300,124.434
2016-09-16,125.045,127.53,123.253,124.312,2331200,124.312
2016-09-19,124.638,126.471,123.294,126.186,2280300,126.186
2016-09-20,126.593,126.756,125.004,125.575,1818800,125.575
2016-09-21,125.493,126.837,124.556,125.086,1438400,125.086
2016-09-22,126.267,127.489,125.575,126.797,2115800,126.797
2016-09-23,127.041,127.815,125.86,126.552,2335400,126.552
2016-09-26,125.167,127.204,124.638,125.004,1974900,125.004
2016-09-27,125.086,125.575,123.131,123.294,1555100,123.294
2016-09-28,123.009,126.634,122.886,125.004,1849000,125.004
2016-09-29,126.267,127.082,116.329,116.899,3575400,116.899
2016-09-30,113.396,120.402,113.396,119.709,2275700,119.709
2016-10-03,120.483,123.905,119.343,123.335,1983500,123.335
2016-10-04,123.823,125.249,122.438,124.312,2644500,124.312
2016-10-05,125.33,125.412,123.742,124.312,1454100,124.312
2016-10-06,124.556,125.819,121.827,123.497,2066000,123.497
2016-10-07,123.66,125.697,122.275,123.253,1379400,123.253
2016-10-10,123.253,124.027,122.275,122.968,1359000,122.968
2016-10-11,122.968,122.968,122.968,122.968,0,122.968
2016-10-12,122.968,122.968,122.968,122.968,0,122.968
2016-10-13,122.113,122.886,115.188,117.795,2244200,117.795
2016-10-14,118.162,122.927,118.162,121.787,5760000,121.787
2016-10-17,122.561,123.172,120.117,120.972,3920200,120.972
2016-10-18,120.972,123.497,120.972,123.09,3931700,123.09
2016-10-19,125.167,125.167,122.438,123.62,3943000,123.62
2016-10-20,124.556,128.874,124.027,126.756,6672600,126.756
2016-10-21,128.507,128.996,127,128.548,7211100,128.548
2016-10-24,127.85,134.1,125.45,128.3,6854000,128.3
2016-10-25,129,129.85,126.75,127.35,1515400,127.35
2016-10-26,126.5,127,124.75,125.45,2700800,125.45
2016-10-27,125.05,125.85,116.3,120.45,12133900,120.45
2016-10-28,120.6,123,119.85,121.9,1769300,121.9
2016-10-31,121.9,121.9,121.9,121.9,0,121.9
2016-11-01,122.85,123.2,120.8,122.05,1771000,122.05
2016-11-02,120.05,120.75,117.35,117.75,1332300,117.75
2016-11-03,116.55,118.95,116.15,116.65,1545700,116.65
2016-11-04,116.65,117,112.1,113.65,2388800,113.65
2016-11-07,115.05,118.5,115,116.45,1728400,116.45
2016-11-08,117.7,117.95,115.8,116.7,1245100,116.7
2016-11-09,108.05,126.4,105.05,122.5,7045900,122.5
2016-11-10,127,130.25,125.4,127.05,6269900,127.05
2016-11-11,125,129.5,120.75,121.3,3598500,121.3
2016-11-14,121.3,121.3,121.3,121.3,0,121.3
2016-11-15,121.6,123.45,114.35,115.05,4010200,115.05
2016-11-16,117,118.55,110.8,111.45,3182400,111.45
2016-11-17,111.7,114.35,110.55,112.65,2336100,112.65
2016-11-18,112.95,115,111.95,112.3,2021900,112.3
2016-11-21,113.4,113.65,103,103.9,3303100,103.9
2016-11-22,105,106,100.1,103.4,3950900,103.4
2016-11-23,104.55,104.9,102.65,103.8,2059400,103.8
2016-11-24,103,104.8,101,101.45,2888800,101.45
2016-11-25,102.2,104.7,101.45,104.35,2964000,104.35
2016-11-28,103.9,104.35,102.5,103,2709500,103
2016-11-29,103.7,105.45,103.5,103.85,2937300,103.85
2016-11-30,104.25,108.95,103.8,108.45,4189600,108.45
2016-12-01,109.5,110.65,106.5,107,3057200,107
2016-12-02,105.9,108,105.2,105.55,2162600,105.55
2016-12-05,105.8,107.45,105.35,106.85,1324600,106.85
2016-12-06,107.4,108.55,106.8,107.75,1219100,107.75
2016-12-07,108.2,108.95,104.3,106.2,2252000,106.2
2016-12-08,107.4,108.05,103.8,104.5,2231100,104.5
2016-12-09,104.95,107.2,103.65,106.6,2552300,106.6
2016-12-12,105.6,108.65,105.5,107.25,2324500,107.25
2016-12-13,106.9,113.45,106.75,112.55,5414100,112.55
2016-12-14,112.9,114.15,109.75,110.3,3512100,110.3
2016-12-15,110.15,114.35,109.15,112.95,3930800,112.95
2016-12-16,113.6,115.1,112.1,113.15,2955300,113.15
2016-12-19,113.15,114.45,112.15,113.45,2133900,113.45
2016-12-20,113.7,114,110.3,111,1857100,111
2016-12-21,111.7,113.65,110.9,112.35,1804500,112.35
2016-12-22,112.25,112.25,108.75,109.35,1893300,109.35
2016-12-23,108.9,109.8,108.05,108.45,2606200,108.45
2016-12-26,108,108.35,104.4,105.2,2248200,105.2
2016-12-27,105.3,108.75,104.7,108.25,2383700,108.25
2016-12-28,108.25,109.35,107.05,107.85,1807500,107.85
2016-12-29,108.4,114.5,107.9,112.75,5300400,112.75
2016-12-30,113.4,113.45,111.55,112.05,1504800,112.05
2017-01-02,112.3,114.4,110.9,113.45,1283500,113.45
2017-01-03,113.95,116.5,112.75,116.25,2355700,116.25
2017-01-04,116.25,117,115,115.4,1647900,115.4
2017-01-05,115.75,116.9,115.5,116.2,1439800,116.2
2017-01-06,116.6,118.5,116,116.5,2134900,116.5
2017-01-09,116.5,118.5,116.1,118,1699400,118
2017-01-10,119.4,119.4,117.35,117.95,1087400,117.95
2017-01-11,118.4,120.55,118.1,119.5,2192900,119.5
2017-01-12,119.85,121.1,118.2,119.2,1549300,119.2
2017-01-13,119.45,119.85,117.35,119.15,1358400,119.15
2017-01-16,118.6,123.4,118.15,122.65,2045500,122.65
2017-01-17,123.9,125.25,122.15,123,1899600,123
2017-01-18,123,124.3,121.6,122.6,1172400,122.6
2017-01-19,123.2,123.6,121.85,122.9,1572500,122.9
2017-01-20,122.8,123.3,119.55,120.15,1333100,120.15
2017-01-23,120,121,118.35,119.85,1454400,119.85
2017-01-24,112.95,115.9,111.7,113.95,6640100,113.95
2017-01-25,114.7,115.8,113.7,114.2,2438700,114.2
2017-01-26,114.2,114.2,114.2,114.2,0,114.2
2017-01-27,115.4,118.7,114.5,116.3,3113900,116.3
2017-01-30,115.45,118.15,114.05,116.4,2856100,116.4
2017-01-31,116.25,116.9,112.8,114.05,2395200,114.05
2017-02-01,114.3,117.9,113.15,117.35,3196300,117.35
2017-02-02,117.75,120.9,115,119.5,4747400,119.5
2017-02-03,119.6,121.25,118.35,120.1,3365200,120.1
2017-02-06,121.9,123.2,120.6,122.4,4503800,122.4
2017-02-07,123.65,123.75,121.05,121.4,3060400,121.4
2017-02-08,121.6,121.75,118.1,120.35,2257600,120.35
2017-02-09,120.35,121.7,118.5,119.15,1798400,119.15
2017-02-10,119.6,120.7,118.1,118.75,2811900,118.75
2017-02-13,119.3,119.4,116.15,117.35,2586000,117.35
2017-02-14,117.8,117.9,116.05,116.55,1853200,116.55
2017-02-15,116.9,116.9,114,114.45,1774700,114.45
2017-02-16,114,115.95,113.25,115.05,2433600,115.05
2017-02-17,115.4,116.75,114.85,115.3,2068700,115.3
2017-02-20,115.4,124,115.1,122.35,8936300,122.35
2017-02-21,123,124.55,121.8,122.55,3592400,122.55
2017-02-22,123.25,128.1,121.4,127.7,10047700,127.7
2017-02-23,128.5,130.85,127.8,129.9,9424900,129.9
2017-02-24,129.9,129.9,129.9,129.9,0,129.9
2017-02-27,129.55,131.75,128.25,128.7,3635300,128.7
2017-02-28,128.8,139.8,128.5,137.8,17810200,137.8
2017-03-01,137.9,141.2,136.2,137.65,7067400,137.65
2017-03-02,139.25,143.35,136.85,137.85,9287000,137.85
2017-03-03,138.1,138.5,134.4,136.55,5194600,136.55
2017-03-06,137.3,138.9,136.05,138.2,2642900,138.2
2017-03-07,138,139,136.15,136.7,2203700,136.7
2017-03-08,136.2,137.7,133.25,135.45,2334700,135.45
2017-03-09,134.9,138.85,134.5,136.7,2999300,136.7
2017-03-10,137.8,138.65,135.35,136.3,2008200,136.3
2017-03-13,136.3,136.3,136.3,136.3,0,136.3
2017-03-14,139.8,141.25,137.8,139.55,5498900,139.55
2017-03-15,140,141.9,139,139.65,3657700,139.65
2017-03-16,141.4,142.65,140.1,141.7,4826600,141.7
2017-03-17,141.75,141.9,138,139.6,2120500,139.6
2017-03-20,140,140.8,138.3,139.4,1996500,139.4
2017-03-21,139.5,140.15,137.8,138.75,2455200,138.75
2017-03-22,137.7,138.6,136.2,136.8,2444100,136.8
2017-03-23,137.6,138.75,136.9,138,1784600,138
2017-03-24,138,140.7,137.5,138.8,3852200,138.8
2017-03-27,138.8,140.5,138.55,139.75,3300800,139.75
2017-03-28,141,141.15,139.25,139.7,2031000,139.7
2017-03-29,140.2,142,139.85,140.35,3459500,140.35
2017-03-30,140.7,141.8,139.25,140.1,3886600,140.1
2017-03-31,140.7,142.45,139.6,140.7,2962500,140.7
2017-04-03,141.45,141.75,140.6,141.05,1231800,141.05
2017-04-04,141.05,141.05,141.05,141.05,0,141.05
2017-04-05,141.9,146.7,140.75,146.05,6013100,146.05
2017-04-06,145.95,147.5,144.8,146.2,5088100,146.2
2017-04-07,146.6,147.5,142.8,144.3,3222000,144.3
2017-04-10,146,147.2,145.2,146.15,2466200,146.15
2017-04-11,146.4,161.4,146.15,159.35,21670100,159.35
2017-04-12,160.7,161.1,151.35,155.1,13855500,155.1
2017-04-13,153.65,157.65,153.6,154.2,3552500,154.2
2017-04-14,154.2,154.2,154.2,154.2,0,154.2
2017-04-17,153.55,156.25,151.85,152.15,2503800,152.15
2017-04-18,152.45,156.5,149.15,150.25,3926800,150.25
2017-04-19,150.55,153.65,149.05,152,2781800,152
2017-04-20,152,153.65,151,152.55,2465800,152.55
2017-04-21,153,156.85,152.5,154.6,4129400,154.6
