"Date","MRF.NS.Open","MRF.NS.High","MRF.NS.Low","MRF.NS.Close","MRF.NS.Volume","MRF.NS.Adjusted"
2015-01-01,37950,38320,37848.4,37981.4,9500,37825.25
2015-01-02,38150,38400,37981,38192.2,11000,38035.18
2015-01-05,38299,39390,38000,38477.3,38100,38319.11
2015-01-06,38350,38350,37350,37460,15700,37305.99
2015-01-07,37499,37724.9,37011,37381.1,10700,37227.42
2015-01-08,37790,38200,37712.6,38076.5,13400,37919.96
2015-01-09,38400,38489.5,37500,37707.2,11000,37552.18
2015-01-12,37799,38300,37611,38094.4,11500,37937.78
2015-01-13,38150,38400,38002.4,38170.1,9200,38013.18
2015-01-14,38180,38388,37925.9,38235.4,8600,38078.2
2015-01-15,38460.4,38798,38011.1,38321.4,11400,38163.85
2015-01-16,38400,39874.1,38140,39161.8,24000,39000.8
2015-01-19,38925,39950,38925,39496.1,17500,39333.72
2015-01-20,39700,39980,39400.1,39513.2,15500,39350.75
2015-01-21,39540,39679.9,38800.1,38902.6,8900,38742.66
2015-01-22,38999,39485.6,38959,39146.6,10200,38985.66
2015-01-23,39550,39599,38420,38728.1,10500,38568.88
2015-01-26,38728.1,38728.1,38728.1,38728.1,0,38568.88
2015-01-27,39005,40250,38801.4,39944.6,20500,39780.38
2015-01-28,40049,40307,39501.5,39729.6,9400,39566.26
2015-01-29,39900,40100,39599,39901.5,8400,39737.46
2015-01-30,40000,40290,39651,40036.9,7700,39872.3
2015-02-02,40000,40480,39900.1,40218.2,7500,40052.85
2015-02-03,40397,41150,40253.6,40623.4,16900,40456.39
2015-02-04,40674,40850,39700,40056.3,8100,39934.88
2015-02-05,40150,40268,39650,39729.1,4200,39608.67
2015-02-06,39850,39974,38500,38837.4,7800,38719.67
2015-02-09,38849.9,38849.9,37111,37290.1,9400,37177.06
2015-02-10,37496,38299,35520,36648.9,17100,36537.8
2015-02-11,37199,38048,37000,37877.2,15300,37762.38
2015-02-12,38290,41664.9,38000,40755.2,59600,40631.66
2015-02-13,41540,41782,40250.1,40585.5,26100,40462.47
2015-02-16,40750,41470,40566,40994.6,15500,40870.33
2015-02-17,40994.6,40994.6,40994.6,40994.6,0,40870.33
2015-02-18,41199,41700,40670.4,41445.9,10400,41320.26
2015-02-19,41687,41687,40330,41119,9700,40994.35
2015-02-20,41349,41349,40638.6,40945.8,7500,40821.68
2015-02-23,40949,41158,40420,40550.8,5900,40427.88
2015-02-24,40640,41180,40488.9,40874.7,6500,40750.79
2015-02-25,40800,41130.1,40710.6,40912.3,7800,40788.28
2015-02-26,40950,40998,39551.2,39833.8,18100,39713.05
2015-02-27,40048,41450,40000,41200.8,13100,41075.91
2015-03-02,41305,42474.9,40787.1,42286.2,17500,42158.01
2015-03-03,42300,42365.9,41750.6,41975.2,10000,41847.96
2015-03-04,41474.9,42149,41160,41323.9,9500,41198.63
2015-03-05,41448,41940,41204.4,41634.2,7000,41507.99
2015-03-06,41634.2,41634.2,41634.2,41634.2,0,41507.99
2015-03-09,41500,41500,40912.4,41065.4,4400,40940.91
2015-03-10,41423.9,41547.7,41149.1,41262.2,7000,41137.12
2015-03-11,41350,41924,41201.8,41451.8,6000,41326.14
2015-03-12,41550,41850,41429,41651.2,6000,41524.94
2015-03-13,41784,41840,40100,40241.4,10000,40119.41
2015-03-16,40300,40499.4,39698.1,40160.9,10600,40039.16
2015-03-17,40299,40700,40003,40459.7,5300,40337.05
2015-03-18,40695,40763.9,40313,40555.1,4300,40432.16
2015-03-19,41178.6,41178.6,40150,40298.3,6300,40176.14
2015-03-20,40400,40594.8,39697.1,39891.1,5900,39770.18
2015-03-23,40000,40196.1,38065.1,38471.9,10300,38355.28
2015-03-24,38510,38999,37586.9,37714,9200,37599.67
2015-03-25,38010,38010,37350,37610.9,12600,37496.89
2015-03-26,37400,37549,37003.3,37150.5,10700,37037.88
2015-03-27,38000,38000,36908.3,37661.9,7600,37547.73
2015-03-30,37965,39134.9,37850,38829.6,8700,38711.89
2015-03-31,38999,39450,38551.5,38750.6,9700,38633.13
2015-04-01,38850,39660.4,38405.3,39557,7700,39437.09
2015-04-02,39557,39557,39557,39557,0,39437.09
2015-04-03,39557,39557,39557,39557,0,39437.09
2015-04-06,39986,40080,39516.1,39891.4,4700,39770.47
2015-04-07,39850,40753.7,39547.3,40612.2,9100,40489.09
2015-04-08,40924,41093,40550,40865.1,7200,40741.22
2015-04-09,40940,41109.9,40500.1,40831.2,6500,40707.42
2015-04-10,40900,41450,40450.1,41326.9,8400,41201.62
2015-04-13,41499,41990,41300,41856.1,8400,41729.22
2015-04-14,41856.1,41856.1,41856.1,41856.1,0,41729.22
2015-04-15,41950,41979.9,41405.1,41561.1,4800,41435.11
2015-04-16,41501,41740,41009.6,41559.6,5800,41433.62
2015-04-17,41684.2,41884.6,40700.1,41014.4,6600,40890.07
2015-04-20,41390,41390,39753.1,39911.6,8500,39790.61
2015-04-21,40000,40332.9,38925.1,39068.4,10400,38949.97
2015-04-22,39389,39499,38201.5,38739.9,13900,38622.46
2015-04-23,38980,40609,38950.5,40014.2,49500,39892.9
2015-04-24,40255,40388,38701.1,38944.6,20800,38826.55
2015-04-27,38900,39199.9,37000,37148.2,13300,37035.59
2015-04-28,37185.6,38049.9,36675.1,37315.1,18700,37201.99
2015-04-29,37350,37625,36880,37025.6,9500,36913.36
2015-04-30,36924,37089,36402.1,36664.1,16100,36552.96
2015-05-01,36664.1,36664.1,36664.1,36664.1,0,36552.96
2015-05-04,37000,37950,36801,37813.3,11100,37698.67
2015-05-05,37813,38098.9,37640.4,37881.8,4700,37766.97
2015-05-06,37690,37850,36160.9,36345.7,10900,36235.52
2015-05-07,36299.9,36300.1,34702,35003.1,18100,34896.99
2015-05-08,35288,36150,35286.9,35902.4,7300,35793.56
2015-05-11,36102,36873.4,36011.1,36715.5,8400,36604.2
2015-05-12,36705,36848.9,35205.6,35402.6,7800,35295.28
2015-05-13,35550,36330,35261,36140.6,11000,36031.05
2015-05-14,36589,36589,35400,36452.2,8300,36341.7
2015-05-15,36687,36800,36300,36513.6,5500,36402.92
2015-05-18,36450,37350,36450,37187.2,10900,37074.47
2015-05-19,37100,37277.6,36001.1,36219.7,11900,36109.9
2015-05-20,36351,36534.9,35656,35922,10300,35813.11
2015-05-21,36090,36270,35645,35762.9,6100,35654.49
2015-05-22,35991,36001,35580.1,35675.5,5100,35567.35
2015-05-25,35675,36100,35500,35572.2,6300,35464.37
2015-05-26,35800,35980,35501,35559.1,4500,35451.31
2015-05-27,35590,35946.9,35118.4,35740.9,7300,35632.55
2015-05-28,35750,36000,35280,35381.7,6400,35274.44
2015-05-29,35310,36002,35310,35874.3,7500,35765.55
2015-06-01,36200,36380,35860.5,36029.3,5400,35920.08
2015-06-02,36150,36199,34343,34613.3,9300,34508.37
2015-06-03,34799,34989,33879.9,34748.9,8600,34643.56
2015-06-04,34899,34999.9,34000,34706.8,7300,34601.59
2015-06-05,34500,34785.9,34200,34353.4,3900,34249.26
2015-06-08,34353.4,34399,33761,33832.4,4900,33729.84
2015-06-09,33715,34059,32502,32765.3,10100,32665.98
2015-06-10,33000,33475.1,32900,33285.1,9200,33184.2
2015-06-11,33535,33750,31680,31856.4,14700,31759.83
2015-06-12,31995,32149.9,31360,31878.1,8500,31781.47
2015-06-15,31910.1,32490.3,31502.1,32219.2,7400,32121.53
2015-06-16,32200,32490,31901,32401.2,5500,32302.98
2015-06-17,32446.6,33534.9,32446.6,33032.6,14000,32932.47
2015-06-18,33150,33350,32810,33006.4,4800,32906.34
2015-06-19,33000.1,33673.4,33000.1,33225.4,5900,33124.68
2015-06-22,33300,33950,32900,33811.5,9300,33709
2015-06-23,33850,34440,33814,34227.4,12100,34123.64
2015-06-24,34227,34549,33565.1,33807.5,5700,33705.02
2015-06-25,33600.5,34030,33500,33760.4,9500,33658.06
2015-06-26,33780,33970,33500,33742.6,6200,33640.32
2015-06-29,33300,33500,32600.9,33229.4,7100,33128.67
2015-06-30,33000,34400.1,32920.2,34230.9,8800,34127.13
2015-07-01,34199,35170,34031.1,34756.4,13200,34651.04
2015-07-02,34850,35235,34693.9,34807.9,9700,34702.38
2015-07-03,35000,35198,34660.1,34860.8,5800,34755.12
2015-07-06,34000,34939.9,33787.4,34837.6,6100,34732
2015-07-07,35000,35500.6,34837,35102.2,10000,34995.79
2015-07-08,35100,35350,34699.9,34928.1,7900,34822.22
2015-07-09,34999,35500,34999,35166.3,6600,35059.7
2015-07-10,35299,35600,35080.9,35199.9,4500,35093.19
2015-07-13,35400,35790,34851.3,35714.5,10700,35606.24
2015-07-14,35948.9,35948.9,35350,35486.1,5400,35378.53
2015-07-15,35600,35888,35520,35646.8,6400,35538.74
2015-07-16,35900,36268,35600,36101.3,7700,35991.86
2015-07-17,36199,36399,36110,36217.7,8200,36107.91
2015-07-20,36370,36750,36206.1,36598.5,6400,36487.56
2015-07-21,36580,36845,36011.2,36154.9,8200,36045.3
2015-07-22,36299.9,36546.9,36200,36358.4,6300,36248.18
2015-07-23,36524.9,38299.9,36524.9,38094.2,19800,37978.72
2015-07-24,38155.3,39199.9,38155.3,38531.6,22700,38414.8
2015-07-27,38700,40100,38001,38986.1,66400,38867.92
2015-07-28,39387,39570.9,38911.1,39286.1,14600,39167.01
2015-07-29,39445,39800,39301,39504.9,10500,39385.14
2015-07-30,39777,39809.9,39256,39402.7,7500,39283.25
2015-07-31,39550,41179.9,39240,40839.2,16800,40715.4
2015-08-03,41399.9,42750,40910,42554.7,29700,42425.7
2015-08-04,42699,46079.9,42500,45699.9,51000,45561.36
2015-08-05,45699.9,46399,44952,45384.6,31500,45247.02
2015-08-06,45384,45444,44590,44764.8,13200,44632.05
2015-08-07,44801,45499,44621.1,44922.4,18000,44789.18
2015-08-10,44901,45325.6,44250,44510.8,9600,44378.8
2015-08-11,44420,44600,41250,42540.9,23900,42414.74
2015-08-12,42000,42290,41301,41518.9,17400,41395.77
2015-08-13,41690,42640.4,41591.9,41854.2,13000,41730.08
2015-08-14,42088,42920,42030,42567.6,13300,42441.37
2015-08-17,42600,43189.1,42200,42597.4,9300,42471.08
2015-08-18,42942.9,44398,42671.1,44138.1,13400,44007.21
2015-08-19,44266,44500,43651.1,44053.8,13200,43923.16
2015-08-20,44074,44671.6,43210,43446.2,12100,43317.36
2015-08-21,43200,43603.1,41800,43388.6,13100,43259.93
2015-08-24,42700,42700,38000.2,38788.9,24900,38673.87
2015-08-25,39880,40250,36679.1,39882.8,30100,39764.53
2015-08-26,39900,40549.7,38822.6,40069.8,24400,39950.97
2015-08-27,40500,41500,40500,40907.9,17100,40786.59
2015-08-28,41550,41749.9,40699,41007.6,16800,40885.99
2015-08-31,41007.6,41449,39888,40392.2,7600,40272.42
2015-09-01,40199,40237.8,39020.2,39684.5,18600,39566.82
2015-09-02,39858,40544.3,39656.1,40263.4,12200,40144
2015-09-03,40325,40769.9,40150,40258.8,9400,40139.41
2015-09-04,40050,40051,38450,38678.1,17000,38563.4
2015-09-07,38680,38927.6,37768,38005.2,7800,37892.49
2015-09-08,38000,39547.5,37689.3,39328.6,11700,39211.97
2015-09-09,39560,40178.4,39220,39526.6,7500,39409.39
2015-09-10,38731,40800,38501.1,40614,16500,40493.56
2015-09-11,40800,41546.6,40001.1,40536.2,9700,40415.99
2015-09-14,40540.4,41000,40152.4,40815.6,6400,40694.56
2015-09-15,40650,41199,39849.9,40240,10400,40120.67
2015-09-16,40261,40520,39500,39873.4,12600,39755.15
2015-09-17,39873.4,39873.4,39873.4,39873.4,0,39755.15
2015-09-18,40187,40500,40017.6,40166.5,9200,40047.39
2015-09-21,40299,41580,39810,41418.8,16300,41295.97
2015-09-22,41420,41799,40866,41442.6,21200,41319.7
2015-09-23,40759,41228.4,40520.1,40935.4,6300,40814
2015-09-24,40999.9,41544,40872.8,41262.2,7700,41139.84
2015-09-25,41262.2,41262.2,41262.2,41262.2,0,41139.84
2015-09-28,41600,41990,41009.4,41242.9,6600,41120.59
2015-09-29,40700,42068,40700,41574.1,7600,41450.81
2015-09-30,41998,42185,41651,41935.9,6500,41811.54
2015-10-01,42000,42225,41400.1,41629.9,5400,41506.44
2015-10-02,41629.9,41629.9,41629.9,41629.9,0,41506.44
2015-10-05,41724.9,43562,41618,42877.8,14400,42750.65
2015-10-06,43100.1,43500,42455.6,42549.6,10700,42423.42
2015-10-07,42550,42969.9,42400,42587.8,5100,42461.51
2015-10-08,42650,42830,41580.1,41895.9,9000,41771.66
2015-10-09,41930.1,42590,41220,41373.8,9300,41251.11
2015-10-12,41410,41575,40797.9,41104.6,9800,40982.71
2015-10-13,41397.6,41464,40949.9,41180.5,5700,41058.38
2015-10-14,41279.9,41480,41050,41254.8,4700,41132.46
2015-10-15,41300,42147,41300,41848.9,5400,41724.8
2015-10-16,41951,42330,41720.2,41899,5700,41774.75
2015-10-19,42060,42060,41666.1,41914.8,4300,41790.5
2015-10-20,42070,42587.9,41900,42172.9,5900,42047.83
2015-10-21,42026.6,42379,42026.6,42225.9,4600,42100.68
2015-10-22,42225.9,42225.9,42225.9,42225.9,0,42100.68
2015-10-23,42302,42898,42302,42631.1,5700,42504.68
2015-10-26,42700,42887.7,42063,42237.2,6700,42111.94
2015-10-27,42070,42240.1,41500,41578.4,8800,41455.1
2015-10-28,41300,41990,41105.1,41248.1,5200,41125.78
2015-10-29,41370,42244.9,40501,40659.9,54200,40539.32
2015-10-30,40675,41047.5,39510,39751.4,13000,39633.52
2015-11-02,39888,39888,39111,39358.8,7400,39242.08
2015-11-03,39744,40200,39510,39731.6,5700,39613.78
2015-11-04,40050,40050,38900.5,39019.9,8200,38904.18
2015-11-05,39174,39174,38340,38556.4,6600,38442.06
2015-11-06,38355,38888,38200,38512.4,13900,38398.19
2015-11-09,38000,39339.9,37734.7,38966.7,5200,38851.14
2015-11-10,39000,39197.9,38020,38102.9,4700,37992.83
2015-11-11,38102.9,38102.9,38102.9,38102.9,0,37992.83
2015-11-12,38102.9,38102.9,38102.9,38102.9,0,37992.83
2015-11-13,38000,38500,37777.1,38377.9,5800,38267.03
2015-11-16,38416.5,38599.9,37800,38017.8,6200,37907.98
2015-11-17,38240,39949,38134.4,39530.1,11200,39415.91
2015-11-18,39539,39881.4,38800.1,38932.1,7300,38819.64
2015-11-19,39147,39599,39100,39333.1,4300,39219.48
2015-11-20,39349.9,39549,39000,39381.9,3600,39268.13
2015-11-23,39101,39690,39073.4,39174.4,2400,39061.23
2015-11-24,39100,39459.8,38852,38953.6,3000,38841.07
2015-11-25,38953.6,38953.6,38953.6,38953.6,0,38841.07
2015-11-26,39200,39299.9,38491.2,38664.7,26400,38553.01
2015-11-27,38860.5,39740,38860.5,39430.8,7500,39316.9
2015-11-30,39333,39642.8,38810,38850,5800,38737.77
2015-12-01,39090,39479.4,38600,39237.4,4400,39124.05
2015-12-02,39338,39800.1,39113.1,39281.8,3400,39168.33
2015-12-03,39100,39319.6,39000,39151.3,2900,39038.2
2015-12-04,39149,39775,38919.1,39630.8,6400,39516.32
2015-12-07,39602.5,39725,39105,39171.1,3000,39057.95
2015-12-08,39052.1,39687,39052.1,39215.1,2500,39101.82
2015-12-09,39205,39342.4,38832,39045.6,4400,38932.81
2015-12-10,39045,39575,39014,39443,2800,39329.06
2015-12-11,39302,39985,39154.5,39414.4,5400,39300.54
2015-12-14,39100,39400,38178.1,38602.6,6600,38491.09
2015-12-15,38941.9,38999.9,38600,38790.6,2400,38678.55
2015-12-16,38880,39226.1,38613.4,38732.6,3400,38620.71
2015-12-17,38840,39299,38702.2,39143.9,3300,39030.82
2015-12-18,39140,39399.9,38960.3,39162.9,4500,39049.77
2015-12-21,38987,39328.4,38987,39213,1700,39099.72
2015-12-22,39213,39705.4,39101,39175.3,3300,39062.13
2015-12-23,39200,39599.9,39200,39287.9,1700,39174.41
2015-12-24,39107,39650,39107,39539.6,2200,39425.38
2015-12-25,39539.6,39539.6,39539.6,39539.6,0,39425.38
2015-12-28,39585,39986,39585,39659.8,3000,39545.23
2015-12-29,39700,39961.2,39656.1,39784.9,2600,39669.97
2015-12-30,39799.9,39932,39681.2,39792.4,2900,39677.45
2015-12-31,39941,40058.8,39403.1,39877.5,4600,39762.3
2016-01-01,40092.4,41424.6,39877.1,40552.1,6300,40434.96
2016-01-04,40400,40748,40248.6,40505.9,2900,40388.89
2016-01-05,40600,40688,40321.8,40593.2,1900,40475.94
2016-01-06,40643,41200.1,40297.6,40419.2,4500,40302.44
2016-01-07,40249,40249,39001,39066.2,4900,38953.35
2016-01-08,39155,39470.9,38510.1,38638.6,4900,38526.98
2016-01-11,38580,39154.5,38066,38978.6,2900,38866
2016-01-12,39041,39233.6,38700,38875.9,2300,38763.6
2016-01-13,39007,39181.8,37850.5,38443.8,4000,38332.75
2016-01-14,38349,38531.1,37890.2,38179.1,1900,38068.81
2016-01-15,38300,38480,37500,37688.1,2800,37579.23
2016-01-18,37311,37950,36000,36193.2,4000,36088.65
2016-01-19,36225,36800,35540,36362,3400,36256.96
2016-01-20,36180,36180,34620,35040.2,7300,34938.98
2016-01-21,35670,35679.9,34500.1,34909.1,4200,34808.26
2016-01-22,35150.6,36450,35150.6,36236.3,4700,36131.62
2016-01-25,36600,38198.9,35516.4,36125.1,28000,36020.75
2016-01-26,36125.1,36125.1,36125.1,36125.1,0,36020.75
2016-01-27,36270,36300,35650,35761.1,6200,35657.8
2016-01-28,36080,36080,35402,35732.9,10800,35629.68
2016-01-29,35700,35990.5,35300,35626.2,7600,35523.28
2016-02-01,35700,36100,34015.3,34313.1,7800,34213.98
2016-02-02,34100,35095,34000.1,34618.8,7600,34518.8
2016-02-03,34300,34479.4,34002,34201.2,5900,34102.4
2016-02-04,34540,34798.9,33475.1,33725.4,6700,33627.97
2016-02-05,33750.2,34350,33456.1,34180.4,4000,34081.66
2016-02-08,34180.4,34750,33785.1,34140.1,4000,34041.48
2016-02-09,33900,34100,33600,33656.1,2400,33558.88
2016-02-10,34000,34500.7,33200,33825.4,12500,33727.69
2016-02-11,33501.1,34100,31802.1,32304.9,9700,32211.58
2016-02-12,33199.9,33199.9,31183.2,31811.8,7900,31719.9
2016-02-15,32299,33499.4,32299,33317.6,5100,33221.36
2016-02-16,33843,33843.1,33066,33227.6,5300,33131.62
2016-02-17,33499,33597.4,32601,33342.3,5600,33245.98
2016-02-18,33600,33788.7,33120.2,33435.1,3900,33338.52
2016-02-19,33100,33810,33010,33602,2900,33504.93
2016-02-22,33600,34087.4,33425.4,33729.9,2600,33632.46
2016-02-23,33729,34070,33464.6,33589,3500,33491.97
2016-02-24,33400.1,33790,32515.1,32764.4,5300,32669.75
2016-02-25,33074.9,33074.9,31834.3,31977.7,4900,31885.32
2016-02-26,32444,32574.5,32100,32371.5,2100,32277.99
2016-02-29,32597,32787.4,31800,32547.1,5100,32453.08
2016-03-01,33200,34171.2,32214,33854.9,4300,33757.1
2016-03-02,34200,35199.9,33899.9,34063.9,8700,33965.5
2016-03-03,34600,34600,33912,34066.1,4900,33967.69
2016-03-04,34290,34420,33624,34226.7,3700,34127.83
2016-03-07,34226.7,34226.7,34226.7,34226.7,0,34127.83
2016-03-08,34500,34575,34000,34455.9,4200,34356.36
2016-03-09,34640,34640,34090.9,34405.4,3300,34306.01
2016-03-10,34600.1,34600.1,34210,34415.6,3300,34316.18
2016-03-11,34567,34798.9,33949.9,34499.8,4600,34400.14
2016-03-14,34600,34760,34334.2,34601.8,2500,34501.85
2016-03-15,34600,34607.6,33910,34356.4,6300,34257.15
2016-03-16,34300,34360,33351.1,33454.4,7100,33357.76
2016-03-17,33990,34100.1,33500,33936.8,4800,33838.77
2016-03-18,33900,34799,33900,34716.9,7900,34616.61
2016-03-21,34799,35030.1,34501.2,34747.4,4300,34647.02
2016-03-22,34654,35298.9,34450,34810.1,6100,34709.54
2016-03-23,34810,35543.9,34600,35340.4,8400,35238.31
2016-03-24,35340.4,35340.4,35340.4,35340.4,0,35238.31
2016-03-25,35340.4,35340.4,35340.4,35340.4,0,35238.31
2016-03-28,35350.2,36425,35230.1,36159.8,8600,36055.34
2016-03-29,36149.9,37110.1,35750,36915.5,8000,36808.86
2016-03-30,36990,38200.1,36720.1,37912,9600,37802.48
2016-03-31,38044,39000,37859.9,38296.8,14000,38186.17
2016-04-01,38249.9,38249.9,37110.1,37255.1,5400,37147.48
2016-04-04,37700,37700,36730,36844.6,4100,36738.17
2016-04-05,36800,37209.1,35502,35742.1,7300,35638.85
2016-04-06,35799.9,36600,35799.9,36174.6,5800,36070.1
2016-04-07,36300,36532,35600,35791.1,3500,35687.71
2016-04-08,35707.4,36089.9,35313.8,35468.2,5400,35365.74
2016-04-11,35500.1,35990,35136.9,35800.7,4700,35697.28
2016-04-12,35870,36649.9,35870,36269.8,9700,36165.03
2016-04-13,36974,37000,36301,36595.8,11200,36490.09
2016-04-14,36595.8,36595.8,36595.8,36595.8,0,36490.09
2016-04-15,36595.8,36595.8,36595.8,36595.8,0,36490.09
2016-04-18,36300,36928,36141,36740,4100,36633.87
2016-04-19,36740,36740,36740,36740,0,36633.87
2016-04-20,36850,37198,36700,36816.2,4600,36709.85
2016-04-21,36940,37018.9,35800,36012.8,5200,35908.77
2016-04-22,36000,36099,35414.1,35541.9,5800,35439.23
2016-04-25,35500,35809.2,35150,35404.9,6100,35302.62
2016-04-26,35500,35944,35400,35721.1,3000,35617.91
2016-04-27,35721,35846.9,34630,34786.2,8900,34685.71
2016-04-28,34990,35135,34000.1,34113.1,11100,34014.56
2016-04-29,34350,34350,33555.4,33787.8,10200,33690.2
2016-05-02,33755,34750,33750,34187,8800,34088.24
2016-05-03,34500,34944.4,33201,33434.9,31700,33338.31
2016-05-04,33450,34095.6,33300,33715.1,9200,33617.71
2016-05-05,33929.9,33972.1,33650,33835.9,3600,33738.16
2016-05-06,33880,33880,33400,33742.1,3800,33644.63
2016-05-09,33701.2,33989.9,33600.1,33687.1,5000,33589.79
2016-05-10,33787,33844,33215,33333.4,7700,33237.11
2016-05-11,33290,33296.6,32669,32848.1,8000,32753.21
2016-05-12,32805,33390,32600.1,33297.4,9300,33201.21
2016-05-13,33297,33500,32850,32907.1,3800,32812.04
2016-05-16,33000,33156.1,32610,33031,5100,32935.58
2016-05-17,33033.3,33229.9,32739.3,32810.2,3200,32715.42
2016-05-18,32820,33100,32655,32874.4,5200,32779.43
2016-05-19,32800,32930.7,32400,32579.2,4600,32485.09
2016-05-20,32579.2,32699,31928,32005.8,5300,31913.34
2016-05-23,32205,32354.9,31720,31783.8,5300,31691.99
2016-05-24,31790,31850,31002,31164.4,10500,31074.37
2016-05-25,31400,32070,31200,31965.4,6100,31873.06
2016-05-26,32000,32888,31913.6,32553.1,8800,32459.06
2016-05-27,32700,33725,32652.1,33542.2,7900,33445.3
2016-05-30,33719,33840,33222.1,33447.9,2800,33351.28
2016-05-31,33575.9,33999.9,33301.1,33774.4,5800,33676.83
2016-06-01,33700,33879,33200,33341.9,2800,33245.58
2016-06-02,33305,33593,33101,33425.6,3900,33329.04
2016-06-03,33679.9,33679.9,33290,33427.6,3900,33331.04
2016-06-06,33500,33551.5,33150,33262.4,1400,33166.31
2016-06-07,33400,33456.7,32790,33013.5,3400,32918.13
2016-06-08,33319.9,33319.9,32523,32612.2,5100,32517.99
2016-06-09,32700,32799.9,32500,32546.4,2200,32452.38
2016-06-10,32550,32640,32085,32197.1,4400,32104.09
2016-06-13,32000,32192.9,31901.7,31982.7,3800,31890.31
2016-06-14,32000,32300,31890,31923.2,3600,31830.98
2016-06-15,31985,32200,31550.6,31663.7,5600,31572.23
2016-06-16,31750,31825,31517,31595.2,5100,31503.93
2016-06-17,31750,31848,31251.1,31332.2,5200,31241.69
2016-06-20,31330,32350,31021,32246.9,9100,32153.75
2016-06-21,32378,32424,31702,31844.9,3800,31752.91
2016-06-22,31874.8,32150.9,31500,31718.8,4100,31627.17
2016-06-23,31740,31844.9,31500,31676.9,4200,31585.39
2016-06-24,31499,31500,30101,31317.2,5800,31226.73
2016-06-27,31340,31977.9,31144.2,31870.9,2800,31778.83
2016-06-28,32200,33150,31900,32941.9,8700,32846.74
2016-06-29,33298,33673.6,32900,33519.2,15100,33422.37
2016-06-30,33740,33740,32850.9,33077.6,15700,32982.05
2016-07-01,33077.6,33900,33050,33656.6,7300,33559.38
2016-07-04,33699,35229,33699,35146.6,15000,35045.07
2016-07-05,35000.1,35199.9,34501,34746.2,10100,34645.83
2016-07-06,34746.2,34746.2,34746.2,34746.2,0,34645.83
2016-07-07,34944.9,35400,34826.4,35231.2,7600,35129.43
2016-07-08,35231,35470,35000,35391.1,6300,35288.87
2016-07-11,35502.7,35840.1,35190.9,35292.8,4300,35190.85
2016-07-12,35350,35680,35174,35238.2,5400,35136.41
2016-07-13,35370,35499.9,34300,34490.1,7700,34390.47
2016-07-14,34510,34990,34092.5,34567.3,5100,34467.44
2016-07-15,34650,34828,34140,34221.9,3900,34123.04
2016-07-18,34350,34700,34154.2,34599.1,8100,34499.15
2016-07-19,34599,34940,34352.1,34829.5,3600,34728.89
2016-07-20,35000,35374.8,34810.1,35317.6,3700,35215.58
2016-07-21,35317.6,35425,34111,34389.3,5500,34289.96
2016-07-22,34689.8,34689.8,34052.1,34153.6,5200,34054.94
2016-07-25,34425,35084.1,34220.1,34668.1,6100,34567.95
2016-07-26,34898.9,34923.9,33628,33862.5,4800,33764.68
2016-07-27,33990,34400,33738.9,34026.1,4300,33927.81
2016-07-28,34250,34422.2,33900,34053.9,3700,33955.53
2016-07-29,34088.1,34088.1,33700,33844.1,4200,33746.33
2016-08-01,33960,34449,33650,33799.1,9300,33701.46
2016-08-02,33751,34189.2,33750.9,33922.4,9300,33824.41
2016-08-03,34001,34935,33760,34605.9,10100,34601.81
2016-08-04,34935,35560,34550.1,35315.4,8300,35311.23
2016-08-05,35325.5,37490,35325.5,37068.2,28900,37063.82
2016-08-08,37340,37540,36921.4,37092.4,8700,37088.02
2016-08-09,37092.4,37250,36001,36902.4,8200,36898.04
2016-08-10,37000,37099.9,36001.1,36716.9,9800,36712.57
2016-08-11,36410,37300,36000,36660.8,14500,36656.47
2016-08-12,36210,36871.9,35999.7,36129.2,7900,36124.94
2016-08-15,36129.2,36129.2,36129.2,36129.2,0,36124.94
2016-08-16,36000,36490.5,36000,36126.3,4400,36122.04
2016-08-17,36015,36907.5,36015,36525.1,5000,36520.79
2016-08-18,36526.8,36827.9,36306,36553.9,6200,36549.58
2016-08-19,36553,36800,36012,36110.1,5500,36105.84
2016-08-22,36299,36299.9,35299.9,35485.6,6800,35481.41
2016-08-23,35485.6,35849.9,35323.3,35744.2,8400,35739.98
2016-08-24,35770,36490,35700,36300.3,10700,36296.02
2016-08-25,36303,36800,36200,36458.9,10200,36454.6
2016-08-26,36500,36863.4,36212,36339.7,8600,36335.41
2016-08-29,36400,37590.1,36400,37471.6,15200,37467.18
2016-08-30,37390,38087.9,37288.2,37591.4,13200,37586.96
2016-08-31,37988.9,37988.9,37310.6,37431.8,6900,37427.38
2016-09-01,37750,37850,37099.5,37231.9,5200,37227.5
2016-09-02,37390,39000,37235,38852.6,21100,38848.02
2016-09-05,38852.6,38852.6,38852.6,38852.6,0,38848.02
2016-09-06,39000,39732.5,38903,39535.8,14400,39531.13
2016-09-07,39889.9,40337,39550,39893.6,16400,39888.89
2016-09-08,39880,40380,39627.1,40035.8,9300,40031.08
2016-09-09,40000,40549.9,39826.8,40201.5,13800,40196.76
2016-09-12,39950,39950,38695.8,39100.2,16100,39095.58
2016-09-13,39100.2,39100.2,39100.2,39100.2,0,39095.58
2016-09-14,39110,41000,39100,40722.9,17900,40718.09
2016-09-15,40825,41874.7,40825,41124,18300,41119.15
2016-09-16,41350,41719.9,40200,40507.8,18000,40503.02
2016-09-19,40555,43270,40520.1,43101.6,35900,43096.51
2016-09-20,43350,43921,42900,43620.5,33000,43615.35
2016-09-21,43450,44300,43406.9,43806.6,21200,43801.43
2016-09-22,44449,44499,43835.5,44375.9,15900,44370.66
2016-09-23,44800,46471.8,44114,45841.3,38500,45835.89
2016-09-26,45799.9,46349,45458,45715.4,18100,45710
2016-09-27,45759,46917.9,45759,46562.4,16800,46556.9
2016-09-28,46899.8,50190,46710,49753.4,64700,49747.53
2016-09-29,50300,51515.4,47860.3,48605.6,76100,48599.87
2016-09-30,48750,51150,48750,50872.6,33100,50866.6
2016-10-03,51810,52444,51251.4,51894.9,25400,51888.77
2016-10-04,52200,52499,50906.1,51226.9,19500,51220.85
2016-10-05,51677,53899,51200,53693.8,42200,53687.46
2016-10-06,54000,54650,53305.7,53892.8,34500,53886.44
2016-10-07,54530,54530,53065,53471.9,18700,53465.59
2016-10-10,53550,54087.1,52710.1,53034,12500,53027.74
2016-10-11,53034,53034,53034,53034,0,53027.74
2016-10-12,53034,53034,53034,53034,0,53027.74
2016-10-13,53089.9,53740,52600.2,53371.3,24500,53365
2016-10-14,53310,53550,52201,52449,14300,52442.81
2016-10-17,52549.8,52600,49749.1,49873.1,19800,49867.22
2016-10-18,50290,51777,48751,51627.6,39400,51621.51
2016-10-19,51625,51777,50380,50518.4,23900,50512.44
2016-10-20,50650,51502.1,49530,49770.1,22500,49764.23
2016-10-21,50187.9,51100,49728.6,50438.2,22600,50432.25
2016-10-24,50603,50929,49801,49949.9,8300,49944
2016-10-25,50059,50300,49710,50100.1,9400,50094.19
2016-10-26,50080,50771,49236.9,49638.6,15400,49632.74
2016-10-27,49800,50094.5,46199.9,46403.6,37900,46398.13
2016-10-28,46402,48190,46402,47955.6,24400,47949.94
2016-10-31,47955.6,47955.6,47955.6,47955.6,0,47949.94
2016-11-01,48288,50443,48001.1,50095.4,30000,50089.49
2016-11-02,49500,50239.6,48857.1,49569.1,22400,49563.25
2016-11-03,49300,50777,49132.9,50264.3,19300,50258.37
2016-11-04,50449,50899,49551,50179.7,22800,50173.78
2016-11-07,50800,51000,50350,50851.9,11600,50845.9
2016-11-08,51000,52400,50359.5,52046.7,18300,52043.63
2016-11-09,48200,52824,47000,52166.6,27000,52163.52
2016-11-10,52600,53940,52600,53515.4,13800,53512.24
2016-11-11,53149.1,53357.9,52010.4,52576.9,15500,52573.8
2016-11-14,52576.9,52576.9,52576.9,52576.9,0,52573.8
2016-11-15,52540,53050,49768.2,50108.3,24800,50105.34
2016-11-16,51004.9,51700,50360,50548.4,13300,50545.42
2016-11-17,50712,51250,49501.2,49876.9,11100,49873.96
2016-11-18,49800,50078.5,48889.8,49080.5,14100,49077.6
2016-11-21,49109,49500,46501,46672.4,13800,46669.64
2016-11-22,46860,47467.8,46451,46947.2,16500,46944.43
2016-11-23,47490,48189.6,46560,47513.8,14300,47511
2016-11-24,47474,47877,46832.1,47214.8,9000,47212.01
2016-11-25,47544,47775.2,47112,47270.5,7600,47267.71
2016-11-28,47399,48460,47250,47574.1,8300,47571.29
2016-11-29,47720,49498,47720,49118.9,13800,49116
2016-11-30,50000,50595.2,49500,49900.1,35700,49897.16
2016-12-01,50799.9,50799.9,48684.5,48883.3,15400,48880.42
2016-12-02,48790,49340,48280,48841.6,11300,48838.72
2016-12-05,48401.1,50722.3,48401.1,50469.3,16300,50466.32
2016-12-06,50639,51074.6,49861.1,50304.7,13100,50301.73
2016-12-07,50399,50705.3,49810,50147.8,8100,50144.84
2016-12-08,50401,51669,50401,51416.6,10400,51413.57
2016-12-09,51656,53448,51286.4,53033.5,17800,53030.37
2016-12-12,52701,52996.8,52001,52235,8200,52231.92
2016-12-13,52549,53350,52320,52424.2,11900,52421.11
2016-12-14,52216,52999,52216,52759.7,7600,52756.59
2016-12-15,53000,53270,52400,52613.4,14100,52610.29
2016-12-16,52920,52996.9,51980.3,52154.7,13600,52151.62
2016-12-19,52387,52387,51431,51561.6,4200,51558.56
2016-12-20,51434,51923.9,49680,49825.3,12400,49822.36
2016-12-21,50188,50188,48800,48855.1,11300,48852.22
2016-12-22,48797.7,49249,48055.2,48234.6,9500,48231.76
2016-12-23,48370,49685,47968.1,48996.5,10800,48993.61
2016-12-26,48998.8,49005.1,48000,48319.4,6600,48316.55
2016-12-27,48556.8,48840,47512.3,48692.9,10600,48690.03
2016-12-28,48998.9,49089.9,48356.4,48485.9,5300,48483.04
2016-12-29,48350,48980,48350,48893.8,9100,48890.92
2016-12-30,49100,49300,48500,48905.6,7800,48902.72
2017-01-02,49000,49304.9,48799.8,49084.4,8300,49081.5
2017-01-03,49388.9,50500,49101.2,50391.4,9500,50388.42
2017-01-04,50679.8,50769.8,50181.6,50386.1,7000,50383.13
2017-01-05,50698.6,51990,50550.1,51710.6,8400,51707.55
2017-01-06,52000,52686.5,51125,51579.2,14600,51576.16
2017-01-09,51579.2,51797,50825.7,51349.1,5300,51346.07
2017-01-10,51649.9,53666,49808.7,53025.1,14400,53021.97
2017-01-11,53699,55554.4,53400.1,55400,35000,55396.73
2017-01-12,55530.1,55945,54625.1,55011.6,18100,55008.36
2017-01-13,55098.9,55298.9,52890,53359.6,22000,53356.45
2017-01-16,53299,53857.6,52559.9,53092.1,13500,53088.97
2017-01-17,53050,54380.6,53050,53678.8,15200,53675.63
2017-01-18,53800,54100,52802,53006.9,9900,53003.77
2017-01-19,53000,53046.1,51814.5,51992.2,13600,51989.13
2017-01-20,51890,52549.9,51400,51668.9,9800,51665.85
2017-01-23,51668,52840,51668,52351.7,23600,52348.61
2017-01-24,52679.4,52879.9,52210.1,52466.4,7400,52463.3
2017-01-25,52699,53180,52000,53066.7,8500,53063.57
2017-01-26,53066.7,53066.7,53066.7,53066.7,0,53063.57
2017-01-27,53080,53633,53080,53339.2,6400,53336.05
2017-01-30,53440,53440,51801.1,51929.9,12000,51926.83
2017-01-31,51998,52140,51000,51659.5,12600,51656.45
2017-02-01,51401,52840,51401,52585.1,11700,52582
2017-02-02,52600,52740,51351,51590.9,10600,51587.85
2017-02-03,51681.8,52654.1,50050.1,51059.4,39200,51056.39
2017-02-06,51684.8,51684.8,50097.3,50240.1,17600,50237.14
2017-02-07,50690,51040,49759.6,50434.8,21900,50431.82
2017-02-08,50666,51799.9,50350,51604.4,13300,51601.35
2017-02-09,51750,51985,51250,51685.7,7300,51682.65
2017-02-10,51850,51879.3,51310,51472.4,4300,51469.36
2017-02-13,51551.1,51680.3,50660.1,50827.2,5700,50824.2
2017-02-14,51020,51630.6,50010,50195.2,5800,50195.2
2017-02-15,50200.1,50582,49935.6,49997.1,8000,49997.1
2017-02-16,50180,50858,49600,50538.1,16200,50538.1
2017-02-17,50780,50900,50001.1,50102.2,10300,50102.2
2017-02-20,50100,50595,49950,50414.8,4300,50414.8
2017-02-21,50451,50679.4,50100,50195.4,4000,50195.4
2017-02-22,50399.9,50600,49577,49767.9,13000,49767.9
2017-02-23,49900,51700,49714.8,51499.1,22000,51499.1
2017-02-24,51499.1,51499.1,51499.1,51499.1,0,51499.1
2017-02-27,51650,52029.9,50700,51437.1,13900,51437.1
2017-02-28,51437.2,52529.9,51370.1,51835.1,14900,51835.1
2017-03-01,51999,53150,51999,52819.4,13900,52819.4
2017-03-02,53185,53362.5,51845,51951.6,8800,51951.6
2017-03-03,52300,52630,51713.4,52072.9,12500,52072.9
2017-03-06,52398,52500,51951.1,52375.6,7600,52375.6
2017-03-07,52282,52565.9,51953.2,52167.9,6700,52167.9
2017-03-08,52260,52372.1,51086.7,51527.8,9500,51527.8
2017-03-09,51500,52366.6,51205,52031.4,12100,52031.4
2017-03-10,52366,52450,51950,52220.3,9100,52220.3
2017-03-13,52220.3,52220.3,52220.3,52220.3,0,52220.3
2017-03-14,52750,53427.9,52100,52983.9,18700,52983.9
2017-03-15,53381.2,57984,53291.2,56836.6,82600,56836.6
2017-03-16,57300,57448.9,56200,56425.6,15400,56425.6
2017-03-17,56400,56700,54967.6,55427.9,43500,55427.9
2017-03-20,56305,57090.6,55801,56019.4,23400,56019.4
2017-03-21,56500,58300,55854.3,58045.1,28200,58045.1
2017-03-22,57600,58450,57500,57849.2,20700,57849.2
2017-03-23,58000,59684.4,57601,59507.1,36700,59507.1
2017-03-24,59499.9,59650,59001,59308.8,19200,59308.8
2017-03-27,59499,60145,59125.2,59888.5,20100,59888.5
2017-03-28,59855.4,60300,57947.4,58315.4,19800,58315.4
2017-03-29,58499.9,59790.8,57801,59578.4,24000,59578.4
2017-03-30,59125,60200,59125,59823.6,19100,59823.6
2017-03-31,59550,61220,59550,60954.4,24600,60954.4
2017-04-03,60935,61386.7,60240,60993.6,14200,60993.6
2017-04-04,60993.6,60993.6,60993.6,60993.6,0,60993.6
2017-04-05,60993.6,61271.8,60372,60685.4,12400,60685.4
2017-04-06,60552,61399,60211,61104.9,18900,61104.9
2017-04-07,60655,61780,60601.1,61036.1,14300,61036.1
2017-04-10,61195.7,61382.9,60620,60767.4,7600,60767.4
2017-04-11,61179,62200,60901,62063.4,17000,62063.4
2017-04-12,62010,62199.9,60062.4,60527.1,20500,60527.1
2017-04-13,60530.9,61200,60300,60566.6,10600,60566.6
2017-04-14,60566.6,60566.6,60566.6,60566.6,0,60566.6
2017-04-17,60720,62158,60311.4,61948.6,21400,61948.6
2017-04-18,61950,63099,61600.1,62596.1,23500,62596.1
2017-04-19,62350,63300,62150.1,63089.2,12000,63089.2
2017-04-20,63005,63610,62751.1,63500.8,12400,63500.8
2017-04-21,63325,63698,63016.9,63283.7,9600,63283.7
