"Date","NTPC.NS.Open","NTPC.NS.High","NTPC.NS.Low","NTPC.NS.Close","NTPC.NS.Volume","NTPC.NS.Adjusted"
2015-01-01,144.2,144.25,142.1,142.45,1232400,134.23
2015-01-02,142.5,145,142.5,144.4,1985900,136.07
2015-01-05,144.55,144.9,143.05,144,1830800,135.69
2015-01-06,143.5,144.5,138.25,139.2,4936200,131.17
2015-01-07,140.5,143,139.35,142.55,4873700,134.32
2015-01-08,143.3,145.3,143.2,144.95,6303500,136.58
2015-01-09,145.15,145.5,139.5,140.25,3149100,132.15
2015-01-12,141,141.4,138.5,140,2658700,131.92
2015-01-13,139.25,140.35,138.1,138.95,3762800,130.93
2015-01-14,139.7,140.25,137.2,137.75,2280100,129.8
2015-01-15,139.85,140.55,138.4,139.2,5846800,131.17
2015-01-16,138.65,141.8,138.35,140.4,5188200,132.3
2015-01-19,140.9,142.9,139.85,141.75,4322400,133.57
2015-01-20,142.75,143.5,142.1,142.85,5374100,134.6
2015-01-21,143.25,144.15,142.3,143.5,5789600,135.22
2015-01-22,143.5,143.7,139.35,140.2,5607500,132.11
2015-01-23,141.6,142.2,140.45,141.9,7537700,133.71
2015-01-26,141.9,141.9,141.9,141.9,0,133.71
2015-01-27,142.5,143.7,140.7,143.15,14984900,134.89
2015-01-28,143,144.95,141.55,142.85,5637000,134.6
2015-01-29,142.7,142.7,141.1,141.85,14628100,133.66
2015-01-30,142.8,147.4,142.1,143.65,18591500,135.36
2015-02-02,144.45,144.45,141.55,142.05,8637300,133.85
2015-02-03,142.45,144.8,142.15,144,6484600,135.69
2015-02-04,143.2,144.1,142.05,142.8,3363700,135.26
2015-02-05,142.2,143.1,139.05,140.15,5119200,132.75
2015-02-06,140.15,140.75,138.3,140,4980400,132.61
2015-02-09,139,140.4,138.1,138.8,2595300,131.47
2015-02-10,138,140.3,136.75,137.15,3755600,129.91
2015-02-11,137,141,136.8,140.15,2935300,132.75
2015-02-12,140.55,142.65,140.05,142.1,4302300,134.6
2015-02-13,142.1,143.7,141.6,143.25,3011800,135.69
2015-02-16,142.2,144.65,142.2,144,1621200,136.4
2015-02-17,144,144,144,144,0,136.4
2015-02-18,144.05,147.8,143.6,146.05,4146700,138.34
2015-02-19,146.2,147.2,142,146.65,3090800,138.91
2015-02-20,146.4,147.35,144.1,145.65,2648400,137.96
2015-02-23,145.65,146.8,144.3,146.05,5026400,138.34
2015-02-24,146.25,149.2,146,146.6,4904600,138.86
2015-02-25,147,148.6,145.6,146.05,6281900,138.34
2015-02-26,147.1,154.85,145.75,153.35,21241200,145.26
2015-02-27,153,159.5,152,158.45,10071300,150.09
2015-03-02,156,160,155.7,159.5,6544500,151.08
2015-03-03,159.5,160,157.9,158.7,4830700,150.32
2015-03-04,159,159.8,155.75,157.5,3817100,149.19
2015-03-05,156.25,158.7,155.2,158.15,3589700,149.8
2015-03-06,158.15,158.15,158.15,158.15,0,149.8
2015-03-09,157.5,158.1,151.4,151.8,2549000,143.79
2015-03-10,153.3,153.3,149,149.95,3208000,142.03
2015-03-11,149.5,154.75,146.6,153.75,3966000,145.63
2015-03-12,154,164.75,153,159.7,19776900,151.27
2015-03-13,160.3,161.3,158.6,159.45,13559400,151.03
2015-03-16,159.3,159.5,154.7,155.85,10012200,147.62
2015-03-17,156.1,158.5,155.3,157.85,5336300,149.52
2015-03-18,158,159.35,151.2,152.65,16155100,144.59
2015-03-19,153.5,155.85,150.15,154.75,20768300,146.58
2015-03-20,143.8,148.3,142.7,145.5,17171600,137.82
2015-03-23,145.2,150.5,145.2,150.15,7423300,142.22
2015-03-24,150,153.4,149.6,152.7,6418000,144.64
2015-03-25,154.5,154.9,146.5,147.35,15931000,139.57
2015-03-26,146.25,147.8,142.95,144,21961600,136.4
2015-03-27,145.9,146.65,143.5,145.6,4464600,137.91
2015-03-30,146.1,148.2,145.7,147.6,4132500,139.81
2015-03-31,148.5,148.5,144.9,146.85,6997700,139.1
2015-04-01,147,149.9,147,147.75,3038200,139.95
2015-04-02,147.75,147.75,147.75,147.75,0,139.95
2015-04-03,147.75,147.75,147.75,147.75,0,139.95
2015-04-06,148.5,152.95,148.2,152.1,3393200,144.07
2015-04-07,152.95,157,151.5,156.3,4590700,148.05
2015-04-08,156.3,157.95,153.45,156.1,2557200,147.86
2015-04-09,156.15,158,153.4,157.35,2900700,149.04
2015-04-10,157,159,154.25,155.65,2667300,147.43
2015-04-13,155.7,158.7,153.5,157.3,2657500,149
2015-04-14,157.3,157.3,157.3,157.3,0,149
2015-04-15,156.2,158.5,153.4,154.35,3425000,146.2
2015-04-16,154,156.6,153.5,156.1,2617600,147.86
2015-04-17,155.55,158.85,155.55,158,3192600,149.66
2015-04-20,159.4,160,153.8,154.4,2379600,146.25
2015-04-21,154.9,156.3,151,151.35,3220400,143.36
2015-04-22,151.9,153.45,150.3,152.7,2768500,144.64
2015-04-23,154,154,148.9,149.5,2400600,141.61
2015-04-24,150.45,151,147.9,149.8,3337300,141.89
2015-04-27,150.85,153.35,147.7,148.25,4093100,140.42
2015-04-28,148,152.15,146.9,151.3,3272000,143.31
2015-04-29,151.4,152.75,150.4,151.6,3734100,143.6
2015-04-30,151.3,151.9,149.4,150.3,5757400,142.37
2015-05-01,150.3,150.3,150.3,150.3,0,142.37
2015-05-04,151,153.05,149.35,152.35,1870700,144.31
2015-05-05,151.5,152.1,148.4,150.5,2065100,142.56
2015-05-06,149.6,150.05,143.1,144.6,4896900,136.97
2015-05-07,144.8,145.15,142,142.5,3225500,134.98
2015-05-08,143.25,144.6,141.55,142,2435500,134.5
2015-05-11,142.4,145.5,141.8,144.95,2446200,137.3
2015-05-12,144.65,145.45,140.3,141.65,4232100,134.17
2015-05-13,142.05,142.6,134.25,138.4,10805500,131.09
2015-05-14,139.4,143.65,137.7,139.05,9830700,131.71
2015-05-15,140,141.4,135.45,136.1,2906300,128.92
2015-05-18,137.7,137.7,135.05,136.15,3200400,128.96
2015-05-19,136.4,137.9,134.85,136.1,2576400,128.92
2015-05-20,136.9,137.7,135.45,136.15,3682000,128.96
2015-05-21,137,137.1,134,134.95,3683900,127.83
2015-05-22,134.6,135.7,134.25,135.35,4675800,128.21
2015-05-25,135.05,135.85,134,134.25,1498900,127.16
2015-05-26,134.5,134.5,132,132.5,7013000,125.51
2015-05-27,132.5,135.85,131.3,134.25,6935800,127.16
2015-05-28,134.8,135.55,134,134.65,7942800,127.54
2015-05-29,134.75,139.65,134.05,136.55,46162300,129.34
2015-06-01,136.6,139.3,136.6,138.55,4735100,131.24
2015-06-02,138.5,138.9,135.8,137.95,4147300,130.67
2015-06-03,137.7,139.75,136.1,138.45,6953200,131.14
2015-06-04,138.55,139.4,136.15,136.9,5105200,129.67
2015-06-05,135.6,140.85,135.6,140.05,5675900,132.66
2015-06-08,140.15,140.5,138.05,138.45,4875800,131.14
2015-06-09,138.7,139.45,136.75,139,4852800,131.66
2015-06-10,139.4,140.75,138.8,140,3797900,132.61
2015-06-11,140.25,140.4,136.2,136.55,4705600,129.34
2015-06-12,136,137.5,135.6,136.5,3900500,129.29
2015-06-15,136,136.65,134.6,135.85,2013100,128.68
2015-06-16,135.4,138,135.4,137.65,1834400,130.38
2015-06-17,137.35,137.95,136.55,137,3932100,129.77
2015-06-18,137.1,137.9,136.25,136.6,2599200,129.39
2015-06-19,136.8,137.3,135.6,136.05,2965000,128.87
2015-06-22,136.2,137.5,136,137,2074200,129.77
2015-06-23,136.9,140,135.9,139.25,4079700,131.9
2015-06-24,139.9,140.15,136.25,136.8,959300,129.58
2015-06-25,136.6,137.35,135,135.6,11070700,128.44
2015-06-26,135.65,138.2,135.4,137.7,2510700,130.43
2015-06-29,136.65,139.5,135.4,138.65,2279300,131.33
2015-06-30,137.8,138.6,136.15,137.65,4654100,130.38
2015-07-01,137.35,139.35,136.9,138.3,2243400,131
2015-07-02,138.5,138.85,137.35,137.65,1775700,130.38
2015-07-03,136.75,139.7,136.1,138.85,1540100,131.52
2015-07-06,136.7,138.6,136.7,138,1524600,130.72
2015-07-07,138,138.3,134,134.45,9892400,127.35
2015-07-08,132.05,133.85,131.35,133,5815800,125.98
2015-07-09,132.5,133.15,130.7,131.1,3075000,124.18
2015-07-10,131.25,131.75,128.15,129.85,5583500,123
2015-07-13,130,133.4,129.1,133.1,2861100,126.07
2015-07-14,133.2,134.05,132.9,133.1,2074900,126.07
2015-07-15,133,134,133,133.15,2057900,126.12
2015-07-16,133.55,135.1,133,134.7,991100,127.59
2015-07-17,134.75,135.8,134.1,135.55,1204500,128.39
2015-07-20,135.65,136.2,135.45,135.7,738600,128.54
2015-07-21,135.5,136.05,135.3,135.6,1139500,128.44
2015-07-22,135.4,137.85,135.4,137.55,1382800,130.29
2015-07-23,137.1,138.9,137.1,138.35,2288000,131.05
2015-07-24,137.9,138.9,136.9,138,3147800,130.72
2015-07-27,138,139.3,133.35,134.2,2526100,127.12
2015-07-28,133.65,137.5,132.7,137.05,2793200,129.82
2015-07-29,137,137.4,134.5,135.5,3165900,128.35
2015-07-30,135.85,138.7,135.5,135.85,6753300,128.68
2015-07-31,136,136.9,134.85,135.05,4481200,127.92
2015-08-03,135.1,136.5,134.7,135.05,2398500,127.92
2015-08-04,135.15,135.9,133.65,135.15,3652600,128.02
2015-08-05,135.2,137.2,134.6,136.75,2308300,129.53
2015-08-06,137,138,135.25,135.9,10020900,128.73
2015-08-07,135.1,136.4,133.3,133.85,3969000,126.78
2015-08-10,134,134.6,130.9,131.35,3967500,124.42
2015-08-11,131.1,132.3,129.6,130.8,5602100,123.9
2015-08-12,130,130.3,127.1,128.05,4194200,121.29
2015-08-13,128.1,129.2,126.6,127.85,5019700,121.1
2015-08-14,128.05,129.95,127.6,129.65,1667700,122.81
2015-08-17,129.65,130,127.7,128.05,1082500,121.29
2015-08-18,129,129.05,126.9,127.25,1762900,120.53
2015-08-19,127,127.4,125.85,126,1727900,119.35
2015-08-20,125.2,127.7,125,125.95,3246500,119.3
2015-08-21,125,125.45,121.8,123.4,6905500,116.89
2015-08-24,121,122,112.7,115.3,17715900,109.21
2015-08-25,118,122.4,107.1,119.15,10368300,112.86
2015-08-26,119.2,123,116.3,119.9,9070800,113.57
2015-08-27,121.4,121.7,118,119.15,10376200,112.86
2015-08-28,121.9,125.05,120.05,121.6,3976500,115.18
2015-08-31,121,123.35,120.1,121.45,4023200,115.04
2015-09-01,120.1,122.5,119.4,120.25,3166200,113.9
2015-09-02,121,121,115.75,116.5,5729500,110.35
2015-09-03,115.75,119.4,115.55,117.6,4218400,113.09
2015-09-04,117,117.6,113.15,114.5,8577100,110.11
2015-09-07,114.7,115,112.4,112.6,6708500,108.28
2015-09-08,114,116.15,113.15,114.45,4823100,110.06
2015-09-09,117,121.35,115.2,120.9,10012900,116.26
2015-09-10,120.65,120.9,117.95,119.25,2331900,114.68
2015-09-11,119.85,120.75,118.7,119.65,2003900,115.06
2015-09-14,120,126.4,119.7,125.9,4785100,121.07
2015-09-15,125.65,129.5,124.5,126.85,4241000,121.99
2015-09-16,126.8,128.7,125.2,127.85,2742300,122.95
2015-09-17,127.85,127.85,127.85,127.85,0,122.95
2015-09-18,127.85,130,125.35,126.8,6e+06,121.94
2015-09-21,125.1,127.7,125,126.75,1861400,121.89
2015-09-22,127,127.35,120.05,120.9,5442300,116.26
2015-09-23,119.05,123.3,119.05,121.3,3199600,116.65
2015-09-24,121.8,122.4,120.25,122.05,3143900,117.37
2015-09-25,122.05,122.05,122.05,122.05,0,117.37
2015-09-28,122.05,123,120.65,120.95,1925300,116.31
2015-09-29,119.15,122.75,119,121.35,3312700,116.7
2015-09-30,122.9,124.4,121,123.75,2892300,119.01
2015-10-01,125.2,125.9,123.1,123.5,3185100,118.76
2015-10-02,123.5,123.5,123.5,123.5,0,118.76
2015-10-05,123.9,128.25,123.9,127.7,3355000,122.8
2015-10-06,129.5,129.9,124.8,125.75,7186600,120.93
2015-10-07,126.05,128,125.25,127.75,2820900,122.85
2015-10-08,127.9,128.25,125.3,126,2934300,121.17
2015-10-09,126.9,127,125.5,126,2718500,121.17
2015-10-12,129,129,125.7,127.25,1764900,122.37
2015-10-13,127.4,128.4,126.9,127.45,2088700,122.56
2015-10-14,127.4,128.1,125.2,125.85,2221500,121.02
2015-10-15,126.5,126.8,124.55,125,2270800,120.21
2015-10-16,125.3,127.95,125.2,126.8,16375700,121.94
2015-10-19,127,127.65,126.1,127.3,3480200,122.42
2015-10-20,127.35,129.8,126.7,127.95,4534000,123.04
2015-10-21,127.95,131.7,127.1,129.95,3523300,124.97
2015-10-22,129.95,129.95,129.95,129.95,0,124.97
2015-10-23,131.1,133.95,131.1,132.65,3240300,127.56
2015-10-26,133,133.5,131.25,132.85,2128800,127.76
2015-10-27,132.2,133.25,131.1,132.65,7027500,127.56
2015-10-28,131.65,133,129.05,129.45,3707600,124.49
2015-10-29,130.05,131.2,127.3,127.95,8183400,123.04
2015-10-30,128.05,137.65,128.05,132.8,9124300,127.71
2015-11-02,132.45,133.3,129.7,132.7,9551700,127.61
2015-11-03,133,137.8,133,135.7,9327300,130.5
2015-11-04,136.25,136.5,134.55,135.05,3595800,129.87
2015-11-05,135,137,134.65,136,6411700,130.79
2015-11-06,138.5,139.3,134.4,135.55,6038000,130.35
2015-11-09,133.5,134.45,132.15,133.55,2502000,128.43
2015-11-10,133.4,134.75,130.35,131.35,2246200,126.31
2015-11-11,131.35,131.35,131.35,131.35,0,126.31
2015-11-12,131.35,131.35,131.35,131.35,0,126.31
2015-11-13,130.9,132.75,129.8,130.8,1822000,125.78
2015-11-16,130.3,132,129.8,131.2,2557800,126.17
2015-11-17,131.5,133.25,130.8,132.1,1692600,127.04
2015-11-18,132.1,135.15,132,132.9,7362500,127.8
2015-11-19,133.9,134.55,132,133.95,1414300,128.81
2015-11-20,134,134.95,133.4,134.15,3752800,129.01
2015-11-23,134.25,134.7,132.25,133.1,1325300,128
2015-11-24,132.8,133.75,130.85,131.15,1972600,126.12
2015-11-25,131.15,131.15,131.15,131.15,0,126.12
2015-11-26,131.4,133.6,130.7,132.9,4895100,127.8
2015-11-27,133.5,134,132.25,132.7,3776700,127.61
2015-11-30,133,133.7,130.1,130.9,7462300,125.88
2015-12-01,131.1,132.9,131,132.65,1480400,127.56
2015-12-02,132.75,133.45,131.5,133.1,1296700,128
2015-12-03,132.85,134.9,132.4,133.5,2258500,128.38
2015-12-04,133.1,133.35,130,130.4,1691200,125.4
2015-12-07,130,131.05,128,130.2,2999500,125.21
2015-12-08,129.45,131,129.3,130.05,2348200,125.06
2015-12-09,130.45,132.25,128.9,130.15,3478300,125.16
2015-12-10,130.2,133.65,130.2,133.2,3907700,128.09
2015-12-11,133.45,133.45,131.65,132.75,6516300,127.66
2015-12-14,132,133.4,131.4,132.85,3243300,127.76
2015-12-15,132.5,133.25,130.5,131.8,1912200,126.75
2015-12-16,131.8,134.9,131.8,133.55,2356100,128.43
2015-12-17,134.5,136.4,134.25,135.55,4681300,130.35
2015-12-18,135.9,138.1,135.2,135.85,6022600,130.64
2015-12-21,135,137.4,135,136.4,2270500,131.17
2015-12-22,136.8,138.4,136.5,137,4321700,131.75
2015-12-23,137.2,139.8,137.2,139,2422100,133.67
2015-12-24,139.25,139.9,138.8,139.3,1845000,133.96
2015-12-25,139.3,139.3,139.3,139.3,0,133.96
2015-12-28,139.3,144.7,139.3,143.95,5162600,138.43
2015-12-29,144.45,148.85,144.1,144.8,9858500,139.25
2015-12-30,144,147,143.9,145.05,5883700,139.49
2015-12-31,145.05,146.9,144.05,146.25,5139500,140.64
2016-01-01,146.3,146.3,144.1,144.5,906600,138.96
2016-01-04,143.25,147,142.85,143.3,1383400,137.81
2016-01-05,144.7,145.65,142,142.25,1819500,136.8
2016-01-06,142,142.9,140.05,141.45,2129600,136.03
2016-01-07,140.9,140.9,137.05,137.85,3664300,132.56
2016-01-08,138.2,140.2,137.1,139.55,4166800,134.2
2016-01-11,137.25,142.95,137.25,141.6,7996400,136.17
2016-01-12,143.5,145.9,142.75,145.2,4442800,139.63
2016-01-13,145.9,146.95,141.3,144.25,5279400,138.72
2016-01-14,142.9,144.6,140.3,143.2,2181100,137.71
2016-01-15,143.9,144.5,135.65,136.45,4844500,131.22
2016-01-18,135.9,138.55,133.25,134.6,5912300,129.44
2016-01-19,135.4,138.15,134.4,135.15,2730000,129.97
2016-01-20,134.3,134.8,130.8,132.2,4078200,127.13
2016-01-21,132.9,135.3,132.3,133,3060300,127.9
2016-01-22,135.05,139.3,134.15,138.15,3401300,132.85
2016-01-25,139.5,139.7,136.35,137.95,2706700,132.66
2016-01-26,137.95,137.95,137.95,137.95,0,132.66
2016-01-27,139.8,144.6,138.45,143.75,5385100,138.24
2016-01-28,143.1,145.35,143.1,144.25,9123200,138.72
2016-01-29,144,146.7,140.4,142.45,8003600,136.99
2016-02-01,142,144.15,139.8,140.25,3977300,134.87
2016-02-02,140,140.5,132.75,134.05,4616700,128.91
2016-02-03,131.55,133.8,127.25,128.65,4507500,123.72
2016-02-04,130,131.1,124.6,125.9,7456600,121.07
2016-02-05,124.95,126.6,124,124.8,2431000,121.56
2016-02-08,124.8,125.9,122.75,123.25,2148800,120.05
2016-02-09,121.2,126.5,121.2,125.85,2358200,122.58
2016-02-10,125,126.2,123.7,124.75,2589000,121.51
2016-02-11,124.75,124.95,120.25,120.95,2455400,117.81
2016-02-12,121,125.75,120.15,123.95,3405300,120.73
2016-02-15,125.2,127.25,123.45,124.8,3715200,121.56
2016-02-16,126.75,131.1,124.2,127.75,5056600,124.43
2016-02-17,128.35,129.95,125.8,128,3489100,124.68
2016-02-18,129.45,130.25,125.25,127.5,2186000,124.19
2016-02-19,127.45,130.7,127,129.8,1505400,126.43
2016-02-22,132.85,132.85,126.05,127,2252800,123.7
2016-02-23,123.25,125,122.7,123.8,9645500,120.59
2016-02-24,121.8,122.2,118.3,118.65,18069400,115.57
2016-02-25,117.1,119.15,116.9,118.5,33751900,115.42
2016-02-26,119,122,118.1,121.55,7030400,118.39
2016-02-29,121.9,121.9,117.75,119.5,5243100,116.4
2016-03-01,120,123,119.3,122.85,3993500,119.66
2016-03-02,123.7,127.75,122.3,126.8,5983700,123.51
2016-03-03,128,128.85,125.95,126.4,3468200,123.12
2016-03-04,127.5,127.65,124,126.05,6163300,122.78
2016-03-07,126.05,126.05,126.05,126.05,0,122.78
2016-03-08,126,128,124.5,127.55,3501700,124.24
2016-03-09,127.3,127.7,126.1,126.55,3610300,123.26
2016-03-10,126.6,128,126.4,126.8,3393300,123.51
2016-03-11,126.8,128.75,125.65,126.4,2070500,123.12
2016-03-14,126.75,127.8,126.05,127.4,1829400,124.09
2016-03-15,127.7,127.9,126,127.3,2045200,123.99
2016-03-16,127.7,128.15,126.65,127.55,5037500,124.24
2016-03-17,127.4,128.25,126,126.85,4419200,123.56
2016-03-18,126.5,127.9,126.35,127.45,5329400,124.14
2016-03-21,127.45,128.7,126.3,127.15,2635100,123.85
2016-03-22,127.6,128.8,126.8,128.25,3655800,124.92
2016-03-23,128.25,128.3,126.85,127.35,2235100,124.04
2016-03-24,127.35,127.35,127.35,127.35,0,124.04
2016-03-25,127.35,127.35,127.35,127.35,0,124.04
2016-03-28,128,130.25,127.25,129.15,5268900,125.8
2016-03-29,129.65,130.05,126.85,127.3,4985300,123.99
2016-03-30,128,130.35,127.1,129.9,3817900,126.53
2016-03-31,129.8,131.85,128.35,128.85,10480100,125.5
2016-04-01,128.7,131,128.3,129.95,5170500,126.58
2016-04-04,130.1,131.7,129.9,131.1,2272800,127.7
2016-04-05,131.1,131.85,126.55,126.85,3829100,123.56
2016-04-06,127.8,127.8,125.85,126.2,3780100,122.92
2016-04-07,126.3,126.85,125.05,126.55,7719900,123.26
2016-04-08,127.7,132.5,126.7,131.55,8302200,128.13
2016-04-11,131.55,135,131.25,134.6,3728100,131.11
2016-04-12,134.7,136.3,132.95,135.5,3662400,131.98
2016-04-13,136.5,137.85,136.25,137.15,3784200,133.59
2016-04-14,137.15,137.15,137.15,137.15,0,133.59
2016-04-15,137.15,137.15,137.15,137.15,0,133.59
2016-04-18,139.4,139.9,136,139.5,4901000,135.88
2016-04-19,139.5,139.5,139.5,139.5,0,135.88
2016-04-20,139.5,141.75,139.1,141.3,3284600,137.63
2016-04-21,141.75,142.6,140.65,141.15,4899000,137.49
2016-04-22,140.4,144,140.05,143.65,4920000,139.92
2016-04-25,143.8,143.85,138.05,140.35,3131400,136.71
2016-04-26,139.4,141.6,139,140.2,5098900,136.56
2016-04-27,140.5,141.25,139.8,140.7,1844200,137.05
2016-04-28,140.85,141.45,136.8,137.15,6318500,133.59
2016-04-29,137.9,140.55,136.1,139.3,4010100,135.68
2016-05-02,139.3,140.3,134.8,138.55,2258500,134.95
2016-05-03,138.2,141.5,135.45,136.55,4268800,133
2016-05-04,136.3,139.35,136.3,138.8,6297800,135.2
2016-05-05,139.4,140.75,138.85,139.7,3977100,136.07
2016-05-06,139.75,140.45,137.85,140,3286100,136.37
2016-05-09,140,144.8,140,143.2,6668400,139.48
2016-05-10,143.4,143.4,140.1,140.65,4168400,137
2016-05-11,140.65,143.6,139.4,141.5,4472000,137.83
2016-05-12,141.05,142.8,140,141.45,2443000,137.78
2016-05-13,140.5,141.7,140.1,141,2626700,137.34
2016-05-16,141,141.4,139.1,140.1,5114600,136.46
2016-05-17,140.5,141.6,136.15,137,7427700,133.44
2016-05-18,136.9,138.05,135.55,136.1,5082800,132.57
2016-05-19,135.8,136,133.4,135.35,4587000,131.84
2016-05-20,135.35,137.4,135.3,136.9,4718400,133.35
2016-05-23,137.25,138,135.3,135.7,2462900,132.18
2016-05-24,136.1,140.3,136,138.5,4872100,134.9
2016-05-25,139.1,142,139.05,141.85,2499700,138.17
2016-05-26,141.1,142.5,139.35,141.2,8037800,137.53
2016-05-27,141.5,141.7,139.4,140.1,2660500,136.46
2016-05-30,140.35,145.8,137.65,143.6,9543900,139.87
2016-05-31,144.1,147.95,139.9,143.15,41379100,139.43
2016-06-01,142.9,145.2,141.55,144.6,4648500,140.85
2016-06-02,144.3,145.95,144,144.95,3241700,141.19
2016-06-03,145,149.3,144.95,147.6,4359000,143.77
2016-06-06,148,148.35,146.4,147.1,2567400,143.28
2016-06-07,147.5,149.2,147.05,148.45,3467400,144.6
2016-06-08,148.8,149.65,147.2,148.15,3038200,144.3
2016-06-09,148.3,152.3,148.25,151.05,5910200,147.13
2016-06-10,151,152.75,150.05,151.5,2348700,147.57
2016-06-13,150,150.65,148.15,148.75,1152500,144.89
2016-06-14,148.35,149.15,147.1,148.25,2247100,144.4
2016-06-15,148.55,155,148.55,154.15,3819700,150.15
2016-06-16,154.15,154.5,150.1,151.8,3128000,147.86
2016-06-17,152.1,153.15,151.15,152.3,3030200,148.35
2016-06-20,150.75,154.95,150.75,154.45,2316500,150.44
2016-06-21,154.1,154.6,151.15,151.8,2654900,147.86
2016-06-22,152,153.35,150.2,152.6,2465000,148.64
2016-06-23,148,149.9,146.35,149.1,6374900,145.23
2016-06-24,145.95,149.95,143.25,149.2,2975700,145.33
2016-06-27,147,151.4,147,149.2,2373000,145.33
2016-06-28,150.6,150.65,147.15,148,2721100,144.16
2016-06-29,148,152.5,148,152.1,3055500,148.15
2016-06-30,152.45,157,152.35,156.3,7742800,152.24
2016-07-01,155.3,157.6,155,156.75,2518800,152.68
2016-07-04,156,158,154.25,155.95,2920400,151.9
2016-07-05,155.9,155.9,152.25,152.6,2756300,148.64
2016-07-06,152.6,152.6,152.6,152.6,0,148.64
2016-07-07,152.6,154.15,150,152.9,5160900,148.93
2016-07-08,152.25,154.45,150.65,153.8,1493800,149.81
2016-07-11,155.1,158.7,155.1,157.65,3070600,153.56
2016-07-12,157.7,159.35,157.35,158.3,2132200,154.19
2016-07-13,159.1,159.4,156.6,157.65,3126600,153.56
2016-07-14,156.75,159.2,156.75,158.7,2889300,154.58
2016-07-15,142.85,156.75,142.85,156.25,20806300,152.19
2016-07-18,156,156.8,154.65,155.6,3065700,151.56
2016-07-19,155.5,156.6,154.75,156.2,2722100,152.14
2016-07-20,156.2,158,155.45,157.35,3123000,153.26
2016-07-21,158,158.15,154.4,154.9,3001800,150.88
2016-07-22,155,157.1,154.1,156.6,3699400,152.53
2016-07-25,156,158,156,157.5,2301900,153.41
2016-07-26,157.8,158.85,157.1,158.1,1992700,154
2016-07-27,158.9,160.4,157.1,159.05,3185000,154.92
2016-07-28,159.1,160,156.3,158.6,8004700,154.48
2016-07-29,158.15,160,157.05,158.35,2519500,154.24
2016-08-01,158.6,160,157.45,159.4,3866600,155.26
2016-08-02,159.9,160.8,158.5,159.35,2300700,155.21
2016-08-03,158.9,159.35,156.7,157.5,2822800,153.41
2016-08-04,157.35,159.5,157.35,159.05,2505800,154.92
2016-08-05,160,163,159.05,161.45,2618300,157.26
2016-08-08,162.05,162.05,158.9,159.85,2117800,155.7
2016-08-09,159.55,162.25,159.15,159.85,2979100,155.7
2016-08-10,160.6,161.6,156.75,157.9,3266500,153.8
2016-08-11,159,160,157.2,159.55,1789200,155.41
2016-08-12,159.5,161.3,159.25,160.55,2328100,156.38
2016-08-15,160.55,160.55,160.55,160.55,0,156.38
2016-08-16,160.25,162.2,159.7,161.35,4280500,157.16
2016-08-17,160.55,162,160.1,161.55,1378100,157.36
2016-08-18,161.75,168.75,161.6,166.8,7346400,162.47
2016-08-19,167.65,170,165.85,166.75,4329600,162.42
2016-08-22,167.9,168.8,162.3,163.65,7453000,159.4
2016-08-23,163.2,163.6,157.75,159,6543400,154.87
2016-08-24,158.75,163.55,158.1,161.3,5657900,157.11
2016-08-25,160.7,161.5,158.1,158.65,7029100,154.53
2016-08-26,158.9,159.8,157.25,157.9,3297800,153.8
2016-08-29,158,160,156.8,159.55,1372300,155.41
2016-08-30,160,162.3,158.85,161.75,2427700,157.55
2016-08-31,160.3,162.25,158.55,159.25,9249400,155.12
2016-09-01,159.7,160.65,158,158.75,2819200,154.63
2016-09-02,159.2,160.8,157.75,160,3916600,155.85
2016-09-05,160,160,160,160,0,155.85
2016-09-06,160.5,164,160.5,163.55,4394900,159.3
2016-09-07,163.2,163.6,160.55,161.25,2543100,157.06
2016-09-08,159.1,162,159.05,159.75,2438300,157.31
2016-09-09,160,160.9,158.4,158.8,2126000,156.37
2016-09-12,156.8,158.2,152.25,152.85,3140300,150.51
2016-09-13,152.85,152.85,152.85,152.85,0,150.51
2016-09-14,152,156.6,152,155.7,3210600,153.32
2016-09-15,156.4,157,152.35,153.4,2688900,151.06
2016-09-16,154.55,156.95,152.4,153.05,6552600,150.71
2016-09-19,153.7,156,152.85,155.15,1850600,152.78
2016-09-20,154.9,155,153,153.4,3064700,151.06
2016-09-21,153.2,155.4,153.2,154,2773500,151.65
2016-09-22,156.75,157.3,155,157,2397700,154.6
2016-09-23,157.2,158,156.3,156.9,3864200,154.5
2016-09-26,155.5,156.5,151.3,152.15,4630900,149.83
2016-09-27,152.05,153.35,151,152.2,2450800,149.87
2016-09-28,152.5,153.6,152.15,152.7,1970600,150.37
2016-09-29,153.3,153.75,148.25,149.45,7538300,147.17
2016-09-30,149.2,151.85,147.3,148,3264900,145.74
2016-10-03,148.75,151.65,148.5,150.6,2048800,148.3
2016-10-04,150.8,152.85,150.45,152.25,2993800,149.92
2016-10-05,153.25,153.8,150.35,152.45,2883400,150.12
2016-10-06,153.2,153.85,148.5,148.95,4235900,146.67
2016-10-07,149,150.15,147.7,148.3,2354100,146.03
2016-10-10,148.8,149.45,145.9,146.65,4798100,144.41
2016-10-11,146.65,146.65,146.65,146.65,0,144.41
2016-10-12,146.65,146.65,146.65,146.65,0,144.41
2016-10-13,147,147,143.3,144.75,6351700,142.54
2016-10-14,145.3,145.6,143.5,145,3260300,142.78
2016-10-17,147,148.6,146.1,147.5,7877500,145.25
2016-10-18,148,148.8,147.15,148,8624800,145.74
2016-10-19,148.45,150.2,147.65,149.05,6718600,146.77
2016-10-20,149.75,149.9,148.35,149,2666600,146.72
2016-10-21,148.4,150,148.4,149.5,1520700,147.22
2016-10-24,149.85,152,149.7,151.35,1108200,149.04
2016-10-25,150.6,152.55,149.55,152,1694900,149.68
2016-10-26,151.45,152.9,151.1,151.85,1615400,149.53
2016-10-27,151.7,152.8,150.5,151.7,2751600,149.38
2016-10-28,151.9,154.95,150.25,152.25,6114800,149.92
2016-10-31,152.25,152.25,152.25,152.25,0,149.92
2016-11-01,151.7,156.55,150.7,155,3399000,152.63
2016-11-02,153.95,157.6,153.15,156.5,6798100,154.11
2016-11-03,156.8,157.3,152.5,153.05,3610000,150.71
2016-11-04,153.6,155.5,152.8,153.5,1995200,151.16
2016-11-07,154.15,156.9,153.35,155.1,3806000,152.73
2016-11-08,155.4,156.6,153.55,154.15,3741700,151.8
2016-11-09,147.7,156,145.6,154.1,6848400,151.75
2016-11-10,155.5,156.35,154.05,154.8,3688900,152.44
2016-11-11,154,154,150.8,151.7,3034500,149.38
2016-11-14,151.7,151.7,151.7,151.7,0,149.38
2016-11-15,151.4,152.55,149,150.15,3397700,147.86
2016-11-16,151.3,151.8,149.25,150.15,2820300,147.86
2016-11-17,150,152.7,149.2,151.8,5407200,149.48
2016-11-18,152.7,160,152.15,159.05,11036400,156.62
2016-11-21,159,159.85,154.45,154.9,8240200,152.53
2016-11-22,156,156.1,151.05,154.1,8815400,151.75
2016-11-23,154.4,161,150.95,159.85,8461000,157.41
2016-11-24,158.8,160,155.15,157,4259400,154.6
2016-11-25,157.95,162.45,155.5,161.5,4832200,159.03
2016-11-28,160.1,164.95,160.1,164.35,3835900,161.84
2016-11-29,164.5,165.2,162.2,163,5128900,160.51
2016-11-30,163.2,164,161.75,163.15,8062200,160.66
2016-12-01,163.15,164.95,161.15,161.9,3140000,159.43
2016-12-02,161.95,162.95,159.8,161.65,2927700,159.18
2016-12-05,160.55,163.2,160.55,162.45,2851800,159.97
2016-12-06,163,165.55,162.3,163.1,4461500,160.61
2016-12-07,163.85,165.8,162.5,163.15,3074500,160.66
2016-12-08,163.95,165.15,161.3,163.05,3462300,160.56
2016-12-09,163.45,164.4,161.1,164.05,2067900,161.54
2016-12-12,163.9,168,163.55,165.45,3103300,162.92
2016-12-13,166.35,167,163.05,164.8,2958900,162.28
2016-12-14,165.1,166.4,163.05,163.55,2795200,161.05
2016-12-15,162.7,164.55,159.75,160.2,2795100,157.75
2016-12-16,160.45,162.2,159.55,160,3607600,157.56
2016-12-19,161,161.25,159.25,159.9,2619200,157.46
2016-12-20,160.9,162.5,160.5,161.85,2401700,159.38
2016-12-21,162.35,164.9,161.05,163.65,3199000,161.15
2016-12-22,163.35,164.1,160,160.5,2415500,158.05
2016-12-23,160.1,161.85,157.9,161.05,2516000,158.59
2016-12-26,160.1,162.15,159.35,159.95,2402900,157.51
2016-12-27,159.9,161.45,159.5,160.4,2614900,157.95
2016-12-28,160.4,162.3,160,160.75,2165400,158.29
2016-12-29,160.5,164.25,160.5,163.55,4980000,161.05
2016-12-30,163.2,165.45,163,164.75,3536700,162.23
2017-01-02,165.05,167.15,164.4,164.8,2626800,162.28
2017-01-03,164.9,166.25,164.25,165.45,2040400,162.92
2017-01-04,165.05,167.5,164.35,164.85,3107700,162.33
2017-01-05,164.05,166.3,164.05,165,5544100,162.48
2017-01-06,165.05,166.3,163.6,164,4122800,161.49
2017-01-09,164,164.3,161.1,163.05,3808000,160.56
2017-01-10,163.35,163.8,161.7,162.3,2019800,159.82
2017-01-11,163,164.8,161.85,164.5,2303000,161.99
2017-01-12,165,174.35,164.5,173.7,10115400,171.05
2017-01-13,174.9,175,170.65,171,5360700,168.39
2017-01-16,169.35,173.15,169,170.65,4633700,168.04
2017-01-17,171.3,176.2,170.25,175.7,6560900,173.02
2017-01-18,176,176.25,172,172.75,5176200,170.11
2017-01-19,173,175,171.75,174.15,6564300,171.49
2017-01-20,173.7,174.1,169.8,170.45,3643800,167.85
2017-01-23,170,172.45,169.2,169.6,3768900,167.01
2017-01-24,169.7,174.2,169.7,172.35,6008000,169.72
2017-01-25,172.55,173.5,170.45,171.35,10929300,168.73
2017-01-26,171.35,171.35,171.35,171.35,0,168.73
2017-01-27,171.5,178.25,171.4,177.5,5076100,174.79
2017-01-30,176.85,177.9,174.5,175.7,4597100,173.02
2017-01-31,176,177.7,171.75,172.35,6200900,169.72
2017-02-01,172.65,173.3,169.3,170.9,8664200,168.29
2017-02-02,172.7,176,171.75,172.55,5952000,169.91
2017-02-03,172.5,173.65,171.45,171.95,3441100,169.32
2017-02-06,172.5,174.9,172.1,173.6,5069000,170.95
2017-02-07,172.8,175.5,172.35,173,5515700,170.36
2017-02-08,174.4,175.25,170.25,171.9,8516700,169.27
2017-02-09,171.9,173.95,167.4,168.2,6253400,165.63
2017-02-10,169.25,171.65,168.65,170.35,3986000,167.75
2017-02-13,170.95,173.1,170.95,172.5,6150700,169.86
2017-02-14,172.9,172.9,169.9,170.85,4311700,168.24
2017-02-15,168.75,170.6,168.3,169.05,3825900,169.05
2017-02-16,169.5,170.85,169.1,170.3,3374600,170.3
2017-02-17,170.7,170.95,168.85,169.75,2723700,169.75
2017-02-20,170,172.6,169.5,171.8,6132000,171.8
2017-02-21,171.95,173.05,170.55,172.5,1805800,172.5
2017-02-22,173.85,174,165.95,166.7,6782100,166.7
2017-02-23,167.4,167.4,164.05,165.5,6705400,165.5
2017-02-24,165.5,165.5,165.5,165.5,0,165.5
2017-02-27,166.15,166.45,163.6,165.4,7375400,165.4
2017-02-28,166,166.15,162.25,162.95,14041800,162.95
2017-03-01,163.45,164.3,159,159.95,9818200,159.95
2017-03-02,160.9,160.9,155.25,155.95,13656800,155.95
2017-03-03,155.95,157.2,154.7,156.1,8147300,156.1
2017-03-06,156.9,159,156.1,158.4,4190300,158.4
2017-03-07,160,160.05,157,157.4,4016800,157.4
2017-03-08,157.6,158.55,156.25,157.1,3044200,157.1
2017-03-09,156.65,159.25,155.6,158.3,4666900,158.3
2017-03-10,158.35,159.45,156.4,157.1,2418600,157.1
2017-03-13,157.1,157.1,157.1,157.1,0,157.1
2017-03-14,160.45,160.95,158.1,159.6,4589000,159.6
2017-03-15,159.5,160,158.3,158.65,2531900,158.65
2017-03-16,159.45,161.5,159.05,161.25,3279600,161.25
2017-03-17,161.7,161.85,158.75,159.95,6430300,159.95
2017-03-20,159.1,161.85,159.1,161.4,2243100,161.4
2017-03-21,161.45,162.55,160,162.15,3031000,162.15
2017-03-22,161.3,162,160.25,160.75,2493300,160.75
2017-03-23,161.4,164.8,161.1,164.4,5320200,164.4
2017-03-24,164.85,165.55,163.5,164.6,3818200,164.6
2017-03-27,164,164.95,163,163.35,2720700,163.35
2017-03-28,164.1,165.35,163.9,164.9,1405700,164.9
2017-03-29,165.95,165.95,163.4,163.95,3831500,163.95
2017-03-30,164.05,165.5,162.6,163.1,8013100,163.1
2017-03-31,163.6,166.75,163.1,166,3178600,166
2017-04-03,166,167.3,164.05,164.65,2952300,164.65
2017-04-04,164.65,164.65,164.65,164.65,0,164.65
2017-04-05,165.9,168,164.7,166.5,5109300,166.5
2017-04-06,166.5,168.05,165,167.7,4432800,167.7
2017-04-07,167,169.3,166,168.25,6171200,168.25
2017-04-10,168.05,168.95,165.25,166.75,2238400,166.75
2017-04-11,167.05,167.9,163.3,167,14511800,167
2017-04-12,167.4,168.25,164.3,164.95,7021200,164.95
2017-04-13,165,165.45,164.2,164.65,3408900,164.65
2017-04-14,164.65,164.65,164.65,164.65,0,164.65
2017-04-17,164.7,165,158.4,159.3,7983900,159.3
2017-04-18,160.5,163.45,160,161.7,4227800,161.7
2017-04-19,161.7,165.9,161.1,164.9,4529000,164.9
2017-04-20,164.8,164.9,163.2,163.7,1984200,163.7
2017-04-21,164.05,167.5,163.95,167.2,7948500,167.2
