"Date","PCJEWELLER.NS.Open","PCJEWELLER.NS.High","PCJEWELLER.NS.Low","PCJEWELLER.NS.Close","PCJEWELLER.NS.Volume","PCJEWELLER.NS.Adjusted"
2015-01-01,218,219,213.1,215.5,110100,212.32
2015-01-02,215.5,217.8,214.35,215.5,97800,212.32
2015-01-05,215.5,216.85,211.4,212.7,69700,209.56
2015-01-06,212.2,212.2,205.15,210.1,181000,207
2015-01-07,208.5,228.6,208.5,214.85,289100,211.68
2015-01-08,215,223.65,213,214.7,214600,211.53
2015-01-09,219.4,219.4,205.4,208.45,95300,205.37
2015-01-12,210.45,214.75,210,211.35,79900,208.23
2015-01-13,211,222.4,209.8,220.65,310800,217.39
2015-01-14,222.55,226.4,221,223.85,252400,220.54
2015-01-15,234.9,246.5,231.55,234.15,603300,230.69
2015-01-16,232,248.5,229,242,491000,238.43
2015-01-19,242.5,244.15,236.7,239.55,145100,236.01
2015-01-20,239.5,242.65,238.25,239.95,84200,236.41
2015-01-21,238.8,263.65,238.8,258.15,1537500,254.34
2015-01-22,258.75,264.5,255.1,260.5,437900,256.65
2015-01-23,260.2,264.6,255.15,262.7,187500,258.82
2015-01-26,262.7,262.7,262.7,262.7,0,258.82
2015-01-27,263,264.5,251.35,253.3,141900,249.56
2015-01-28,253,262.7,253,260.05,201300,256.21
2015-01-29,258,262.75,250.1,254.5,418400,250.74
2015-01-30,255.75,274.8,254.75,270.65,425500,266.65
2015-02-02,271.8,283.5,270.7,276.2,420300,272.12
2015-02-03,278.4,281.4,267.2,269.35,133200,265.37
2015-02-04,268,269.15,258.85,261.85,145900,257.98
2015-02-05,261.85,274,256.1,270.55,548000,266.55
2015-02-06,276,278,240.1,245,2339000,241.38
2015-02-09,247.25,253.7,239.5,241,355500,237.44
2015-02-10,239,246.05,235,237.1,177500,233.6
2015-02-11,237.9,243.5,237.9,241.8,121200,238.23
2015-02-12,244.8,246.65,238,238.75,176800,235.22
2015-02-13,240.8,242.55,226,234.8,181300,231.33
2015-02-16,236.65,239.8,233.1,235,91000,231.53
2015-02-17,235,235,235,235,0,231.53
2015-02-18,237.2,248,235.1,243.65,256200,240.05
2015-02-19,253,258,247.2,250.35,564000,246.65
2015-02-20,251.5,259.4,248.8,256.55,353700,252.76
2015-02-23,256,271.2,217.65,256.4,10122400,252.61
2015-02-24,266,274.4,261,263.1,1753800,259.21
2015-02-25,265.95,271,256.05,260.25,486500,256.41
2015-02-26,260.65,265,257,262.6,170600,258.72
2015-02-27,260.1,274.95,260.1,272.7,932700,268.67
2015-03-02,255,270.7,255,268.75,481600,264.78
2015-03-03,268.9,268.9,262.05,264.65,148000,260.74
2015-03-04,267.1,272.55,262.1,265.45,180900,261.53
2015-03-05,267.9,280.8,267,278.95,727400,274.83
2015-03-06,278.95,278.95,278.95,278.95,0,274.83
2015-03-09,276,301.5,268,296.6,1634200,292.22
2015-03-10,298,306.7,297.2,303.7,1275100,299.21
2015-03-11,303,311.2,301,305.55,361700,301.04
2015-03-12,305,314.05,297.2,312.2,445600,307.59
2015-03-13,313.8,314.45,302,305.05,214500,300.54
2015-03-16,306.2,313.6,304.1,310.6,445000,306.01
2015-03-17,310.05,316.25,306.2,312.95,289600,308.33
2015-03-18,310.25,330.5,310.25,321.95,693900,317.19
2015-03-19,325,367,325,339.05,2028200,334.04
2015-03-20,340,344.9,328,335.8,590700,330.84
2015-03-23,337,344.7,330.1,338.35,274300,333.35
2015-03-24,339.85,350.8,338,343.75,304400,338.67
2015-03-25,343,346.7,331.65,334.8,123600,329.86
2015-03-26,333,333,318.2,321.1,124200,316.36
2015-03-27,323,323.95,302.25,313.45,232700,308.82
2015-03-30,313.45,322.5,310.55,313.45,123300,308.82
2015-03-31,315.05,324.9,315.05,317.6,185400,312.91
2015-04-01,317,328.45,314.4,321.15,240400,316.41
2015-04-02,321.15,321.15,321.15,321.15,0,316.41
2015-04-03,321.15,321.15,321.15,321.15,0,316.41
2015-04-06,320.9,333.65,319.5,331.3,145800,326.41
2015-04-07,331.7,338,327.5,335.85,157400,330.89
2015-04-08,330.65,360.7,329.45,349.6,393800,344.44
2015-04-09,351.5,354.45,343,351.35,473900,346.16
2015-04-10,352,359.9,352,357.15,191000,351.87
2015-04-13,360.4,362,352.05,358.75,128500,353.45
2015-04-14,358.75,358.75,358.75,358.75,0,353.45
2015-04-15,359,362,333.6,346.2,245900,341.09
2015-04-16,344.6,353.5,341,348.4,146800,343.25
2015-04-17,351.1,353,345.05,349.35,107900,344.19
2015-04-20,355,356.35,348,353.4,142700,348.18
2015-04-21,359.95,366,351.55,358.05,196500,352.76
2015-04-22,356.65,368.8,352.8,355.8,221400,350.54
2015-04-23,356.5,365.8,351.2,359.2,196400,353.89
2015-04-24,359.8,362,341.4,347.05,121200,341.92
2015-04-27,346.85,351.75,305.65,338.8,124300,333.8
2015-04-28,331,337.35,316.65,323,152900,318.23
2015-04-29,324,340,321.45,336.05,142400,331.09
2015-04-30,331.1,346.85,330.7,342.25,71600,337.19
2015-05-01,342.25,342.25,342.25,342.25,0,337.19
2015-05-04,342.25,357.6,336.2,355.15,96500,349.9
2015-05-05,352.1,363.6,347,361.65,118700,356.31
2015-05-06,358.8,360,341,343.55,114400,338.48
2015-05-07,330.05,351.65,330,334.7,128400,329.76
2015-05-08,338.05,344.95,319.1,322.6,297900,317.84
2015-05-11,319.05,329.35,317,326.4,154200,321.58
2015-05-12,329,330.4,321.1,325.15,124800,320.35
2015-05-13,320.6,328,320,323.2,77500,318.43
2015-05-14,332,332,319.75,325.7,247500,320.89
2015-05-15,336.3,340.5,326.35,329.9,416200,325.03
2015-05-18,330,343,330,341.7,236600,336.65
2015-05-19,342,358.95,342,354.9,165400,349.66
2015-05-20,358,369,355,367.25,196300,361.83
2015-05-21,365,375.4,362.4,373.4,281800,367.88
2015-05-22,376,376.2,367.5,372.6,138000,367.1
2015-05-25,365.2,374.9,365.2,372.7,54300,367.2
2015-05-26,369.65,375.9,359.75,365.35,81700,359.95
2015-05-27,362.75,368.8,358.1,366.2,79900,360.79
2015-05-28,363.25,372.35,363.2,370.55,60500,365.08
2015-05-29,373.1,379.9,365.05,376.05,144300,370.5
2015-06-01,379,402.3,372,396.7,278500,390.84
2015-06-02,402,408,383.35,387.55,846100,381.83
2015-06-03,389.3,389.3,345.75,362.45,168700,357.1
2015-06-04,369.7,376.4,352.6,364.6,90900,359.21
2015-06-05,364,366.8,350.2,353.15,275900,347.93
2015-06-08,353.1,361,345,354.15,83300,348.92
2015-06-09,349.9,354.6,333.1,337.4,110000,332.42
2015-06-10,337.15,346.85,325.2,330.05,116400,325.18
2015-06-11,333.9,340.5,325,327.1,66800,322.27
2015-06-12,332,333.3,318.1,326.6,71000,321.78
2015-06-15,325,333,324,328.8,76700,323.94
2015-06-16,329.8,348.9,329.8,346.95,201400,341.83
2015-06-17,351.6,377.75,347.65,369.1,268600,363.65
2015-06-18,372,397.9,372,390.5,785800,384.73
2015-06-19,390,391.9,373.85,378,350100,372.42
2015-06-22,381.15,386.3,377.4,379.35,130500,373.75
2015-06-23,380.05,381.9,365.1,367.85,96400,362.42
2015-06-24,369.8,376.7,368.05,370.9,56300,365.42
2015-06-25,372,386.35,371.2,379.1,162900,373.5
2015-06-26,381.8,401.7,381.7,391,510300,385.22
2015-06-29,381,384.9,373,379,142500,373.4
2015-06-30,381.8,394,381.8,384.2,104300,378.53
2015-07-01,384,389.95,380.25,382.45,107700,376.8
2015-07-02,394.8,419,387.2,412.75,653500,406.65
2015-07-03,418.2,424.8,410.15,415.65,424800,409.51
2015-07-06,409,419,395.15,414.8,155400,408.67
2015-07-07,417.2,424.85,411.2,418.75,415200,412.57
2015-07-08,403.05,415.95,402.4,407.45,155200,401.43
2015-07-09,410,416.85,400.5,405.2,101300,399.22
2015-07-10,413.95,422,410.05,419.15,152200,412.96
2015-07-13,420.1,424.3,412.55,420.6,82700,414.39
2015-07-14,422.9,433.4,419.1,427.9,147300,421.58
2015-07-15,429,434,421.5,424.75,73300,418.48
2015-07-16,428.6,434,422.9,427.45,91800,421.14
2015-07-17,427,437.5,426,430.1,127800,423.75
2015-07-20,431,449.4,429.05,443.6,341700,437.05
2015-07-21,446.7,454,426.15,429.25,291400,422.91
2015-07-22,430,442.85,425.05,439.4,94000,432.91
2015-07-23,443.6,452,442.05,448,324900,441.38
2015-07-24,447,450,438.6,443.75,550300,437.2
2015-07-27,442.9,444.9,433,435.2,88000,428.77
2015-07-28,436.25,438.95,411,427.3,94800,420.99
2015-07-29,429.85,433.9,427.6,430.95,111000,424.58
2015-07-30,434.9,450,430.95,439.9,95100,433.4
2015-07-31,442,466.95,433.05,460.1,284100,453.3
2015-08-03,452.1,493.4,441,468.55,386000,461.63
2015-08-04,470.45,480,451,454.95,106900,448.23
2015-08-05,457.95,462.5,438,438.7,334200,432.22
2015-08-06,440,448.1,436,439.25,107500,432.76
2015-08-07,440,448.7,430,433.3,407300,426.9
2015-08-10,438,447.95,434,437.25,100700,430.79
2015-08-11,441,443,433,435.2,53400,428.77
2015-08-12,433.7,441.8,428.05,433.4,94000,427
2015-08-13,445,445,383,397.85,1001500,391.97
2015-08-14,410,419,347,354.45,1402200,349.21
2015-08-17,360,407.8,360,403.05,1197100,397.1
2015-08-18,403.1,417.7,393.5,409,690200,402.96
2015-08-19,404.1,415.45,401,406.15,176300,400.15
2015-08-20,403.7,405.55,389.4,397.25,313200,391.38
2015-08-21,395,399,330.5,381.45,260800,375.82
2015-08-24,356.1,398.4,330,342.95,494700,337.88
2015-08-25,360.9,366.8,303,311.85,706800,307.24
2015-08-26,318,339,312.1,326.65,702100,321.83
2015-08-27,339,359,334.4,353.15,369600,347.93
2015-08-28,364.75,389.85,364,384.15,640200,378.48
2015-08-31,381.2,404.9,375.05,399.15,435700,393.25
2015-09-01,396.7,409.4,385,404.3,317000,398.33
2015-09-02,410.9,414,387.65,391.3,245800,385.52
2015-09-03,394,403,392,398.65,99000,392.76
2015-09-04,397,401.8,383.65,388.2,109600,382.47
2015-09-07,388,399.2,388,391.2,128900,385.42
2015-09-08,393.5,397.65,386,390.65,140600,384.88
2015-09-09,399,408,393,400.05,354400,394.14
2015-09-10,393.85,403,391.75,399.65,132200,396.92
2015-09-11,399.95,403,384.15,387.85,90800,385.2
2015-09-14,393.9,395.6,385,389.05,102900,386.39
2015-09-15,390.8,392.75,378.4,387.9,95000,385.25
2015-09-16,393,396.8,387,390.1,118700,387.44
2015-09-17,390.1,390.1,390.1,390.1,0,387.44
2015-09-18,392.5,393.05,347.6,355.55,392800,353.12
2015-09-21,350.6,359.45,321.1,329.75,523900,327.5
2015-09-22,334.9,342.45,331.25,334.85,406900,332.56
2015-09-23,333.7,343.4,331.5,340.2,170100,337.88
2015-09-24,342,351.6,338,345.85,203000,343.49
2015-09-25,345.85,345.85,345.85,345.85,0,343.49
2015-09-28,348,356,345,348.6,162100,346.22
2015-09-29,343.1,348.4,334.05,343,326900,340.66
2015-09-30,347,355.4,344,352.35,123100,349.95
2015-10-01,357,358.4,350.95,353.95,67100,351.53
2015-10-02,353.95,353.95,353.95,353.95,0,351.53
2015-10-05,354,359.25,350.65,352.75,115300,350.34
2015-10-06,357.6,386.2,354.6,384.55,710400,381.93
2015-10-07,389.65,397.8,387.2,393.95,255900,391.26
2015-10-08,396,424.75,371,414.45,768500,411.62
2015-10-09,418.4,426.5,400,415.5,328000,412.66
2015-10-12,415,420.7,405,413.3,99400,410.48
2015-10-13,416,416,400,402.5,129200,399.75
2015-10-14,402.5,424.2,390,421.95,429700,419.07
2015-10-15,425,433,420,424.25,382100,421.35
2015-10-16,426.7,429.85,420,424.85,125400,421.95
2015-10-19,427,430,420,425.95,129100,423.04
2015-10-20,426,436,425,427.95,149600,425.03
2015-10-21,428.55,432,420.3,427.75,77200,424.83
2015-10-22,427.75,427.75,427.75,427.75,0,424.83
2015-10-23,433.6,436,424,425.65,68100,422.74
2015-10-26,428,429,392.65,397.2,257700,394.49
2015-10-27,398,405,376.1,378.55,229600,375.97
2015-10-28,381.45,415.5,381.45,410.05,639400,407.25
2015-10-29,409,435,409,430,464400,427.07
2015-10-30,434,449.8,433.2,446.35,468300,443.3
2015-11-02,446.95,461.6,439.65,457.25,493200,454.13
2015-11-03,463.8,468.7,458.1,466.8,549300,463.61
2015-11-04,469,470.45,445,449.9,361300,446.83
2015-11-05,450,452.95,431.05,441.9,320700,438.88
2015-11-06,443,461.7,441.85,452.6,411500,449.51
2015-11-09,449.25,464,442.1,446.7,372500,443.65
2015-11-10,447.8,451.9,413.3,424.4,157600,421.5
2015-11-11,424.4,424.4,424.4,424.4,0,421.5
2015-11-12,424.4,424.4,424.4,424.4,0,421.5
2015-11-13,428,428,408.25,412.1,102600,409.29
2015-11-16,412.1,414.9,393,394.6,119300,391.91
2015-11-17,399,408.75,394.25,398.3,126700,395.58
2015-11-18,398,403,381.4,385.3,109900,382.67
2015-11-19,396.6,396.6,382,385.9,106800,383.27
2015-11-20,388,396,383.5,387.05,118600,384.41
2015-11-23,393.2,396,385.2,387.7,162400,385.05
2015-11-24,390,391,373.2,376,153600,373.43
2015-11-25,376,376,376,376,0,373.43
2015-11-26,377.5,383.5,362.65,365.4,166600,362.91
2015-11-27,370.25,371,360.55,365.85,116000,363.35
2015-11-30,361.1,367.8,359,360.25,93600,357.79
2015-12-01,361,379.9,361,374.45,225800,371.89
2015-12-02,378.7,379.65,370,370.5,164400,367.97
2015-12-03,368,377,366.6,369.35,107200,366.83
2015-12-04,366.9,375.8,365.05,366.6,153400,364.1
2015-12-07,373.65,376.5,368,372.55,82300,370.01
2015-12-08,370,378,364.1,375.75,237400,373.19
2015-12-09,372,387,371.2,378.4,1449300,375.82
2015-12-10,379.05,393,377.3,390.8,434900,388.13
2015-12-11,393.7,398,386.1,390.65,261500,387.98
2015-12-14,383,398,382.5,392.25,98400,389.57
2015-12-15,387.5,399.7,387.05,390.55,230600,387.88
2015-12-16,395,409.8,395,405.7,283100,402.93
2015-12-17,420,420,409.35,411.5,247000,408.69
2015-12-18,404.7,408.9,401,402.05,113300,399.31
2015-12-21,402.5,430,402.5,414.5,131200,411.67
2015-12-22,409,417.9,409,415.6,130700,412.76
2015-12-23,416.5,418.9,411.05,416,220400,413.16
2015-12-24,416,420.6,410.1,415.85,243500,413.01
2015-12-25,415.85,415.85,415.85,415.85,0,413.01
2015-12-28,418.95,418.95,406.55,410.4,110300,407.6
2015-12-29,410.5,413.95,401.65,409.7,147900,406.9
2015-12-30,408.4,413.8,399.05,402.8,126000,400.05
2015-12-31,400,407.9,383.7,390.25,109000,387.59
2016-01-01,393.6,404,383,392.7,83300,390.02
2016-01-04,394.65,399.9,389.1,395.8,59000,393.1
2016-01-05,396.2,405,392.25,402.95,69200,400.2
2016-01-06,407.95,407.95,390,393.4,78000,390.71
2016-01-07,390,398,385,388.9,53300,386.25
2016-01-08,394.75,396,385,388.3,39300,385.65
2016-01-11,385.05,397,380.15,384.7,49400,382.07
2016-01-12,382.05,391,380.1,382.8,37600,380.19
2016-01-13,387.95,390.95,369,383.1,51900,380.49
2016-01-14,380,388,373,380.75,46300,378.15
2016-01-15,380,384.95,365.1,371.35,49200,368.82
2016-01-18,365.05,371,341.5,355.3,58000,352.87
2016-01-19,352.25,372.7,348.55,364.35,45500,361.86
2016-01-20,361,366.2,346.5,360.15,45700,357.69
2016-01-21,360.15,368.8,348,355.8,112700,353.37
2016-01-22,358,368.5,357.1,362.55,87100,360.08
2016-01-25,368.95,394.8,368.05,384,135400,381.38
2016-01-26,384,384,384,384,0,381.38
2016-01-27,389.9,397,380.95,393.85,86700,391.16
2016-01-28,394,421,392.1,418.75,194300,415.89
2016-01-29,426.05,433.9,406,414.85,274700,412.02
2016-02-01,418.7,425,412,422.85,86700,419.96
2016-02-02,418.15,422.5,414.2,416.9,47600,414.05
2016-02-03,416.9,429.4,413.1,416.25,95600,413.41
2016-02-04,422.2,422.2,405.25,416.05,528100,413.21
2016-02-05,416.5,416.5,402.5,404.85,33900,402.09
2016-02-08,412,418,409,412.65,72200,409.83
2016-02-09,408,422,407.95,420.85,89700,417.98
2016-02-10,417.95,424.25,409,421.35,73400,418.47
2016-02-11,419.95,420,380,395.55,56300,392.85
2016-02-12,390.5,399.8,360,377.35,794900,374.77
2016-02-15,377.35,403.1,377.35,392.4,49200,389.72
2016-02-16,392.9,400,380,388.7,40900,386.05
2016-02-17,389,392.5,371.5,385.25,57600,382.62
2016-02-18,386.1,403,385,395.45,56700,392.75
2016-02-19,394.2,408.4,392,404.6,95000,401.84
2016-02-22,406.95,412,397.95,399.25,93300,396.52
2016-02-23,399,401.5,381.9,385.3,128600,382.67
2016-02-24,384,384,368.9,374.4,71100,371.84
2016-02-25,380.95,382,369,372.75,85900,370.21
2016-02-26,377.35,381.8,320.1,324.1,2130200,321.89
2016-02-29,315.1,336.9,295.8,320.8,2649600,318.61
2016-03-01,312.1,340.75,301,338.05,2822100,335.74
2016-03-02,334.9,371.8,329.7,365.2,1486500,362.71
2016-03-03,362.15,363.85,341.1,345.55,906800,343.19
2016-03-04,344.05,358,338.8,353.1,490600,350.69
2016-03-07,353.1,353.1,353.1,353.1,0,350.69
2016-03-08,351,395.95,345,383.15,1374600,380.53
2016-03-09,367.4,377.4,362.65,366.3,845000,363.8
2016-03-10,367.7,370.5,353.7,356.15,521200,353.72
2016-03-11,355,365.5,351.65,357.85,544500,355.41
2016-03-14,360,365.9,352.6,362.45,321800,359.98
2016-03-15,361.9,367.15,356.65,359.15,274100,356.7
2016-03-16,360,360.9,335.55,350.25,572500,347.86
2016-03-17,351.9,353,340.95,342.55,407000,340.21
2016-03-18,339,344.95,332.55,336.55,532300,334.25
2016-03-21,352,355.2,341,345.95,880800,343.59
2016-03-22,346.95,357,339.75,352.3,610600,349.9
2016-03-23,350,354,345.6,349.95,325100,347.56
2016-03-24,349.95,349.95,349.95,349.95,0,347.56
2016-03-25,349.95,349.95,349.95,349.95,0,347.56
2016-03-28,345,353.6,336.5,344.25,514900,341.9
2016-03-29,341.7,350.5,336,347.95,509000,345.58
2016-03-30,353,362,348.8,360.05,503500,357.59
2016-03-31,355.25,370,349.7,363.55,769400,361.07
2016-04-01,359,363.45,352,354.3,229100,351.88
2016-04-04,353.05,359.2,350,353.25,231000,350.84
2016-04-05,348.7,362.6,347,356.8,360300,354.36
2016-04-06,355,360.4,352.1,353.55,163100,351.14
2016-04-07,356,359,349.85,353.5,260700,351.09
2016-04-08,350.1,354.25,346,348.55,270000,346.17
2016-04-11,344.5,352.45,344.5,347.2,221900,344.83
2016-04-12,349.8,376.9,349.8,360.75,1183400,358.29
2016-04-13,364.7,376,352.2,354.1,1754300,351.68
2016-04-14,354.1,354.1,354.1,354.1,0,351.68
2016-04-15,354.1,354.1,354.1,354.1,0,351.68
2016-04-18,354,355.95,343.6,353.8,441900,351.39
2016-04-19,353.8,353.8,353.8,353.8,0,351.39
2016-04-20,357,367.5,356.3,362.05,656600,359.58
2016-04-21,374.9,376.9,365.35,369.55,885900,367.03
2016-04-22,369,369.05,360.25,361.55,257700,359.08
2016-04-25,362,367,354,357.5,236500,355.06
2016-04-26,353.9,358.5,350,357.1,322600,354.66
2016-04-27,357,370.7,356.85,365.15,287100,362.66
2016-04-28,365,367.9,357.7,363.7,408700,361.22
2016-04-29,358.9,364.2,358,360.6,157200,358.14
2016-05-02,362,364.55,354.2,355.1,171200,352.68
2016-05-03,356.2,359.2,346.5,347.4,151600,345.03
2016-05-04,344.9,354.6,336,339.2,293600,336.88
2016-05-05,339.95,343.3,331.8,333.95,227100,331.67
2016-05-06,333.95,338.95,332.2,334.7,159700,332.42
2016-05-09,338.9,342.7,336.65,338.35,172900,336.04
2016-05-10,335,343.4,330.1,338.5,269000,336.19
2016-05-11,333.3,341.35,331.6,338.9,95100,336.59
2016-05-12,341,345.5,338.9,340.35,647600,338.03
2016-05-13,342.35,345.8,341.1,342.75,111700,340.41
2016-05-16,345.5,347.5,342.25,346.35,88400,343.99
2016-05-17,348.5,351.55,344.8,346.15,97400,343.79
2016-05-18,346.85,349.95,343.8,346.15,75800,343.79
2016-05-19,348.25,348.3,339.5,344.1,777900,341.75
2016-05-20,344.3,346.65,340.25,343.45,65800,341.11
2016-05-23,345.7,347.55,341.1,344.2,81600,341.85
2016-05-24,344.2,358.55,340.55,354.85,199600,352.43
2016-05-25,357.1,363,353.1,359.65,175000,357.2
2016-05-26,357.25,372.05,356.1,369.75,407200,367.23
2016-05-27,371.9,371.9,365,368.1,152700,365.59
2016-05-30,368,370,359.95,362,113200,359.53
2016-05-31,368,379.8,358.15,364.1,1018000,361.61
2016-06-01,366,366.4,358.5,359.8,408600,357.34
2016-06-02,353.1,356,348.15,352.85,331700,350.44
2016-06-03,353.6,358.35,350.1,352.5,151500,350.09
2016-06-06,353.1,357.95,350.7,355.3,67400,352.87
2016-06-07,352.5,362.95,352.5,359.15,106000,356.7
2016-06-08,359.9,364.5,353.6,362,93300,359.53
2016-06-09,364,369.25,357.5,364.4,87900,361.91
2016-06-10,368.85,370.8,363.85,369.35,162700,366.83
2016-06-13,371.8,371.8,364.65,366.75,75700,364.25
2016-06-14,365.8,377.5,364.4,373.6,82700,371.05
2016-06-15,376,378,370.1,374.65,172800,372.09
2016-06-16,372,376.45,366.25,375.35,138700,372.79
2016-06-17,375.95,383,373.25,381.45,230200,378.85
2016-06-20,378.2,388.1,372.55,377.1,241900,374.53
2016-06-21,376.8,378.95,369.4,374.6,84400,372.04
2016-06-22,374.2,376.5,370,373.3,162800,370.75
2016-06-23,372,377.55,370.45,374.35,64200,371.79
2016-06-24,369.95,392,365,371.5,338300,368.96
2016-06-27,370,379.95,370,372.55,122900,370.01
2016-06-28,372.2,378,370.9,372.5,136800,369.96
2016-06-29,373.65,376.8,370.45,371.65,84200,369.11
2016-06-30,372.15,388.35,372.15,385.5,394400,382.87
2016-07-01,389.5,397,387.3,393.05,338200,390.37
2016-07-04,396,404.2,396,398.75,163700,396.03
2016-07-05,399.25,407,396,400.85,164700,398.11
2016-07-06,400.85,400.85,400.85,400.85,0,398.11
2016-07-07,401.4,406,387.4,389.15,144400,386.49
2016-07-08,395.6,395.6,371.15,373.15,212900,370.6
2016-07-11,378,380.15,374.65,376.45,147100,373.88
2016-07-12,380.9,380.9,365.5,376.7,147200,374.13
2016-07-13,381.9,383.5,369.7,371.1,116400,368.57
2016-07-14,375.9,384,375.1,380.95,286600,378.35
2016-07-15,377.4,388,377.4,382.25,157300,379.64
2016-07-18,382,387.3,378.15,383.7,135000,381.08
2016-07-19,382.1,392,378.8,388.8,227100,386.15
2016-07-20,379.05,393,378.5,390.25,149000,387.59
2016-07-21,389,394,387,390.1,215900,387.44
2016-07-22,390.65,400,385,397.65,173600,394.94
2016-07-25,398.15,433,397.5,430.1,555100,427.16
2016-07-26,430,430,413.35,420.65,323600,417.78
2016-07-27,419.95,449.35,414.55,431.45,568900,428.51
2016-07-28,431.45,436.25,416,422.9,349800,420.01
2016-07-29,427.5,433.7,420.6,428.3,141100,425.38
2016-08-01,428.35,433.7,419,420.4,121400,417.53
2016-08-02,425,437.6,419.35,425.35,162000,422.45
2016-08-03,426.4,426.9,401,403.8,245300,401.04
2016-08-04,416,418,401.55,409.45,333400,406.66
2016-08-05,410.55,425,408,422.25,188500,419.37
2016-08-08,423.15,429.8,420.45,423.85,120600,420.96
2016-08-09,423.85,436.35,423.05,424.25,196400,421.35
2016-08-10,425.5,429.55,411.25,418.3,112800,415.44
2016-08-11,419.5,432.4,418,429.65,145400,426.72
2016-08-12,430.9,435.3,422,424.55,92600,421.65
2016-08-15,424.55,424.55,424.55,424.55,0,421.65
2016-08-16,418,426.75,403.3,422.6,149100,419.72
2016-08-17,417.45,431.95,417.45,429,131600,426.07
2016-08-18,429.65,437.9,427.3,428.75,157400,425.82
2016-08-19,433.9,443,430.05,437.5,405100,434.51
2016-08-22,438.05,445,434.65,436.3,179800,433.32
2016-08-23,436.25,438.65,429.8,434.75,98900,431.78
2016-08-24,435.2,438.05,430.85,434.65,59400,431.68
2016-08-25,433.1,438.9,419.2,422.6,429000,419.72
2016-08-26,422.5,432.35,421,430.6,121900,427.66
2016-08-29,430.9,440,422.5,435.65,123900,432.68
2016-08-30,431.5,446,431.5,437.9,161800,434.91
2016-08-31,441,444,437.05,440.7,107500,437.69
2016-09-01,440.7,468.8,436.6,463.15,727700,459.99
2016-09-02,470,477.15,467,472.25,650800,469.03
2016-09-05,472.25,472.25,472.25,472.25,0,469.03
2016-09-06,472,484.85,460.3,481,259100,477.72
2016-09-07,483.4,487,475.4,480.15,234900,476.87
2016-09-08,479.9,494.1,475,490.8,331200,487.45
2016-09-09,483.8,494.6,479.7,487.2,231300,487.2
2016-09-12,474.2,497.4,474.2,481.15,399100,481.15
2016-09-13,481.15,481.15,481.15,481.15,0,481.15
2016-09-14,488,527.15,482.3,514.55,597700,514.55
2016-09-15,521,531,490.1,493.5,1100500,493.5
2016-09-16,497.8,514,483.3,492.75,1320700,492.75
2016-09-19,492.75,496.8,483.05,488.15,265400,488.15
2016-09-20,490,491.6,477,483.7,149700,483.7
2016-09-21,486,509.5,480.35,497.75,678100,497.75
2016-09-22,503.5,509.95,498,504.3,340300,504.3
2016-09-23,504.6,516.95,500.5,504.4,373500,504.4
2016-09-26,503.2,511.9,495.5,497.8,230900,497.8
2016-09-27,500.8,508.7,492.55,496.05,242000,496.05
2016-09-28,498,506.35,495,500.1,134200,500.1
2016-09-29,504.8,510.5,464,469.35,400700,469.35
2016-09-30,471.5,489,467.35,485.1,200300,485.1
2016-10-03,485.8,499,485.8,492.8,201300,492.8
2016-10-04,493.65,505,489.45,494.95,223000,494.95
2016-10-05,500,500.8,488.55,491.7,242500,491.7
2016-10-06,492.45,494.9,483,486.1,158300,486.1
2016-10-07,488.7,494.9,479.05,485.1,161400,485.1
2016-10-10,485.8,522.1,485.35,519.9,1198700,519.9
2016-10-11,519.9,519.9,519.9,519.9,0,519.9
2016-10-12,519.9,519.9,519.9,519.9,0,519.9
2016-10-13,521.85,522.55,490.15,497.35,711600,497.35
2016-10-14,501.85,504.85,475.8,497.5,362500,497.5
2016-10-17,500,503.6,487.65,489.95,243700,489.95
2016-10-18,493.55,503.9,492.05,499.9,249200,499.9
2016-10-19,502,511,499.85,503.7,370900,503.7
2016-10-20,505,514.8,502.5,509.25,362400,509.25
2016-10-21,509.9,513.85,505,509.6,161900,509.6
2016-10-24,510.2,516.85,503.2,508.65,313000,508.65
2016-10-25,508.8,512.5,504.1,508.95,158800,508.95
2016-10-26,511,518,506.75,511.1,299800,511.1
2016-10-27,511.8,517.9,502.2,508.65,300600,508.65
2016-10-28,508.4,519.9,507.9,511.9,272400,511.9
2016-10-31,511.9,511.9,511.9,511.9,0,511.9
2016-11-01,510.95,510.95,495,497.7,169000,497.7
2016-11-02,492.45,492.45,478.9,482.7,164300,482.7
2016-11-03,490,495.95,478.95,483.9,258500,483.9
2016-11-04,483,489.1,463.2,474.6,213800,474.6
2016-11-07,476.8,486.8,475.8,481.95,143600,481.95
2016-11-08,484,493.9,478.15,480.25,214300,480.25
2016-11-09,435,447.9,398.75,436.65,531200,436.65
2016-11-10,445,472.95,440,445.05,425100,445.05
2016-11-11,431,432.8,408.15,411.35,400600,411.35
2016-11-14,411.35,411.35,411.35,411.35,0,411.35
2016-11-15,426,426,287.95,354.95,2110600,354.95
2016-11-16,362.3,369.75,316.05,326.75,1728700,326.75
2016-11-17,326,373.7,316.65,357.55,1891200,357.55
2016-11-18,357,360,330.2,349.15,1758600,349.15
2016-11-21,349,353.8,339.95,349.8,768000,349.8
2016-11-22,349.6,375,344,361.8,1423300,361.8
2016-11-23,362,371.7,359.3,366.5,872300,366.5
2016-11-24,360,380.65,351.7,373.9,1844000,373.9
2016-11-25,370,370.55,351.65,356.3,625600,356.3
2016-11-28,353.5,366.25,349.95,361.25,333400,361.25
2016-11-29,360.95,365.9,357,363.55,710800,363.55
2016-11-30,363.8,370.5,359.25,368.5,363800,368.5
2016-12-01,367.9,378.45,343.2,368.85,1947500,368.85
2016-12-02,367.9,372,362.45,369.85,629200,369.85
2016-12-05,366.75,369.9,361,363.55,355100,363.55
2016-12-06,362,366.8,359.25,360.5,482400,360.5
2016-12-07,359.75,363.7,353.5,355.35,242600,355.35
2016-12-08,355.8,368,355.8,360.1,237800,360.1
2016-12-09,360.6,363.45,352.3,354.5,263100,354.5
2016-12-12,353,364.6,350.5,361.05,184800,361.05
2016-12-13,361.05,362.9,354.05,361.25,154900,361.25
2016-12-14,360.8,360.8,356.25,358.15,221100,358.15
2016-12-15,355.8,371.85,352.25,368.9,447500,368.9
2016-12-16,365.8,388.75,359.8,378.2,525700,378.2
2016-12-19,375.4,375.4,363.95,366.3,1266400,366.3
2016-12-20,366.8,367.3,352.65,356,202000,356
2016-12-21,356.75,391.6,353.2,381.6,811100,381.6
2016-12-22,378,397,372.1,387.15,781900,387.15
2016-12-23,382.45,398,375,391.1,580200,391.1
2016-12-26,385,400,378,390.55,654200,390.55
2016-12-27,389.5,399.95,385.4,396.1,1308100,396.1
2016-12-28,393.1,401.45,386.1,390.55,523400,390.55
2016-12-29,388.95,399.9,386.5,396,429400,396
2016-12-30,395,407,390.2,396,439300,396
2017-01-02,395.05,399,388.3,390.5,235800,390.5
2017-01-03,392.95,400,388.7,391.9,518300,391.9
2017-01-04,392.9,396.45,389.05,393.45,310300,393.45
2017-01-05,394.9,414.95,394.9,411.8,975100,411.8
2017-01-06,416,424.2,409.8,411.55,649700,411.55
2017-01-09,409.1,414.75,405.2,408.65,219800,408.65
2017-01-10,409.2,414.8,405.25,407.15,1667400,407.15
2017-01-11,408.2,411,403.5,405.6,296000,405.6
2017-01-12,405,408.4,398,399.5,283300,399.5
2017-01-13,400.95,402.4,391.65,394.1,196000,394.1
2017-01-16,394.2,403.6,391.8,398.4,265200,398.4
2017-01-17,400,404.4,387.4,391.75,251800,391.75
2017-01-18,393.4,394.1,378.65,381.15,342300,381.15
2017-01-19,379.5,383,376.55,380.25,214600,380.25
2017-01-20,378.8,390.9,371.1,373.8,512400,373.8
2017-01-23,374.7,388.3,367.25,386.3,796500,386.3
2017-01-24,395,405,394.5,396.6,1603300,396.6
2017-01-25,396.5,398,385.15,388.9,348800,388.9
2017-01-26,388.9,388.9,388.9,388.9,0,388.9
2017-01-27,387,393.6,385.85,388.55,220800,388.55
2017-01-30,387.8,392.95,387,388.35,139300,388.35
2017-01-31,387.5,388,378.7,380.25,217600,380.25
2017-02-01,380,387.8,368,373.25,390300,373.25
2017-02-02,375,381,372.15,375,322700,375
2017-02-03,376.8,378.9,373.55,374.4,158100,374.4
2017-02-06,375.8,388.25,375,383.55,495500,383.55
2017-02-07,386,386.9,376.5,377.25,165000,377.25
2017-02-08,379.55,394.7,379.55,387.05,664300,387.05
2017-02-09,390.9,399.9,390.5,398,606000,398
2017-02-10,402.1,406,395.35,398.8,479100,398.8
2017-02-13,400.15,403.5,385.1,388.05,289700,388.05
2017-02-14,388.9,391.8,381.5,384.7,347100,384.7
2017-02-15,378,378,353.9,370.65,1123000,370.65
2017-02-16,372,377,369.05,374.3,404700,374.3
2017-02-17,376,385,371.65,380.05,1523700,380.05
2017-02-20,379.9,386.1,377,382.35,445500,382.35
2017-02-21,383.8,395,379.1,388.55,804300,388.55
2017-02-22,388.9,390.95,374.2,376.25,542300,376.25
2017-02-23,376,384,374.6,377,1224600,377
2017-02-24,377,377,377,377,0,377
2017-02-27,375,384,374.5,380.3,294100,380.3
2017-02-28,379,385.75,373.9,374.9,554000,374.9
2017-03-01,376,377.45,371.15,373.65,420200,373.65
2017-03-02,373.8,379.8,373.3,374.8,419900,374.8
2017-03-03,372.8,378.4,370.1,375.75,244600,375.75
2017-03-06,376.9,382,374.5,376.15,270600,376.15
2017-03-07,376.95,380.8,374.35,378.3,173500,378.3
2017-03-08,378,382.5,374.5,376.65,251800,376.65
2017-03-09,374.65,380.5,374.65,377.05,154000,377.05
2017-03-10,378.45,379.95,376.55,377.65,129000,377.65
2017-03-13,377.65,377.65,377.65,377.65,0,377.65
2017-03-14,382.6,388.95,378.75,385,261500,385
2017-03-15,386.25,390.45,385,386.85,214100,386.85
2017-03-16,388.1,420.7,387.25,417.75,1915200,417.75
2017-03-17,419,419.75,409,416.45,511100,416.45
2017-03-20,412.85,442.9,412.85,439.5,1536600,439.5
2017-03-21,434,439.95,427.4,431.3,420500,431.3
2017-03-22,425.1,444.85,413.35,416.9,899900,416.9
2017-03-23,417.4,423.85,402.2,404.8,851500,404.8
2017-03-24,409.8,417.25,403,409.8,604300,409.8
2017-03-27,413.85,416,406.5,411.75,383600,411.75
2017-03-28,414.45,423.9,412.8,418.95,582800,418.95
2017-03-29,421,426.35,413.5,421.8,810200,421.8
2017-03-30,422.9,423.5,414.3,416.3,632600,416.3
2017-03-31,419.8,423,416.4,418,226700,418
2017-04-03,419.65,421.9,416.3,420.9,180100,420.9
2017-04-04,420.9,420.9,420.9,420.9,0,420.9
2017-04-05,419.95,442.75,419.95,438.05,878400,438.05
2017-04-06,437.1,445,432.25,434.2,387700,434.2
2017-04-07,433.5,441.15,424.7,426.85,332700,426.85
2017-04-10,429,432.85,421.05,429.25,232300,429.25
2017-04-11,428.95,431.3,422.3,425.35,313600,425.35
2017-04-12,425.75,431,418.45,422.1,483100,422.1
2017-04-13,423.9,423.9,413.25,416.05,280400,416.05
2017-04-14,416.05,416.05,416.05,416.05,0,416.05
2017-04-17,416,436,412,419.9,620500,419.9
2017-04-18,415.1,421.55,411.85,414.25,320700,414.25
2017-04-19,414.3,424.4,413.2,419.75,449600,419.75
2017-04-20,420.9,423.75,417,419.7,584900,419.7
2017-04-21,425.95,425.95,417.25,421.45,338000,421.45
