"Date","TATAGLOBAL.NS.Open","TATAGLOBAL.NS.High","TATAGLOBAL.NS.Low","TATAGLOBAL.NS.Close","TATAGLOBAL.NS.Volume","TATAGLOBAL.NS.Adjusted"
2015-01-01,150.95,151.75,150.35,150.7,535600,145.856
2015-01-02,150.9,153.2,150.55,152.5,2043100,147.599
2015-01-05,151.65,154.5,151.65,152.95,1873100,148.034
2015-01-06,151.95,151.95,147,148.15,2390200,143.388
2015-01-07,147.2,149.2,146,148.45,2770500,143.679
2015-01-08,149.9,154.5,149.5,153.7,2292900,148.76
2015-01-09,154.5,157.7,153.3,155.6,4013400,150.599
2015-01-12,156.35,158.7,155.2,157.35,1647100,152.293
2015-01-13,157.55,157.9,154.2,155.25,1558100,150.26
2015-01-14,155.05,157,153.8,154.85,1383100,149.873
2015-01-15,156.6,157.6,154.05,155.65,1183900,150.647
2015-01-16,155,155.75,153.75,154.3,1299800,149.341
2015-01-19,154.3,157.8,154.3,156.55,1000100,151.518
2015-01-20,156.8,157.45,155.6,156.35,1211300,151.325
2015-01-21,157.4,159.4,156.65,158,2696900,152.922
2015-01-22,157.1,160.6,157.1,158.85,2326800,153.744
2015-01-23,159.15,162.15,156.9,161.15,2437300,155.97
2015-01-26,161.15,161.15,161.15,161.15,0,155.97
2015-01-27,161,162,158.6,159.4,1634500,154.277
2015-01-28,158.8,159.9,157.65,158.75,1819000,153.648
2015-01-29,158.95,160.75,157.3,158.25,2823300,153.164
2015-01-30,158.95,162.4,154.05,158.7,4094300,153.599
2015-02-02,157.9,167.75,157.75,163.6,5423700,158.342
2015-02-03,164,164.5,159.2,160.45,1927200,155.293
2015-02-04,160.7,163.1,157.65,158.55,1567700,153.454
2015-02-05,159.25,159.8,153.5,154.75,2403900,149.776
2015-02-06,154.4,154.7,151.55,152.4,1392500,147.502
2015-02-09,151.5,152.9,148.7,149.55,1470500,144.743
2015-02-10,148.9,153.15,148,151.55,1719900,146.679
2015-02-11,151.2,154.7,151.2,154.35,1131700,149.389
2015-02-12,154.95,156.8,153.2,155.2,1727000,150.212
2015-02-13,155.65,158.95,154.85,157.4,1565800,152.341
2015-02-16,157.85,157.95,154.75,155.15,696900,150.163
2015-02-17,155.15,155.15,155.15,155.15,0,150.163
2015-02-18,155.5,158,155.05,156.85,1122100,151.809
2015-02-19,157.4,158.5,154.45,157,1377000,151.954
2015-02-20,157.75,162.25,156.6,159.7,2886600,154.567
2015-02-23,160.95,161.5,155.3,155.95,1614500,150.938
2015-02-24,156,157.3,153.6,155.55,1404800,150.55
2015-02-25,155.55,156.25,153.1,153.5,1546200,148.566
2015-02-26,153.9,154.5,151.9,152.55,2960500,147.647
2015-02-27,153.4,156.55,153.15,156.05,1540600,151.034
2015-03-02,155.5,158.9,155,158.35,1211500,153.261
2015-03-03,158.5,164.9,157.15,163.55,4314500,158.293
2015-03-04,164,164.35,157,158.35,2204000,153.261
2015-03-05,157.9,161.4,156.1,159.3,1419000,154.18
2015-03-06,159.3,159.3,159.3,159.3,0,154.18
2015-03-09,159.05,162.85,157.25,159.05,2281000,153.938
2015-03-10,159.65,161,155.8,157.25,1354700,152.196
2015-03-11,157.35,159.5,156.7,157.85,1773700,152.777
2015-03-12,158.5,161.4,157.85,160,2130500,154.857
2015-03-13,160.95,161.1,153.55,154.85,2248300,149.873
2015-03-16,154.95,155.65,152.85,154.75,1343200,149.776
2015-03-17,155.25,157.3,155.25,156.7,1416200,151.664
2015-03-18,156.9,158.25,155.4,155.85,1268300,150.841
2015-03-19,156.65,157.35,152.7,153.85,1776500,148.905
2015-03-20,153.75,153.75,149,149.95,1834500,145.13
2015-03-23,149.8,150.55,146.9,147.2,1229400,142.469
2015-03-24,147.35,148.95,146.2,147.95,1328100,143.195
2015-03-25,148,149.4,147.75,149,1566000,144.211
2015-03-26,148.05,149.55,146.5,147.3,2029200,142.566
2015-03-27,148.45,149.2,142.7,145.75,2099100,141.065
2015-03-30,147.1,150.25,146.55,149.75,818800,144.937
2015-03-31,150.25,151.2,148.3,148.8,1383900,144.017
2015-04-01,148.8,151.95,148.8,151.1,575000,146.244
2015-04-02,151.1,151.1,151.1,151.1,0,146.244
2015-04-03,151.1,151.1,151.1,151.1,0,146.244
2015-04-06,151.95,152.1,149.8,151.45,843400,146.582
2015-04-07,152.4,152.4,149.9,151.1,1810400,146.244
2015-04-08,151.8,153.7,150.8,151.6,1142100,146.727
2015-04-09,152.35,153,151,152.05,852900,147.163
2015-04-10,152.7,162.5,152.05,161.2,6349500,156.019
2015-04-13,161.65,162.75,158.6,161.5,3122500,156.309
2015-04-14,161.5,161.5,161.5,161.5,0,156.309
2015-04-15,161.45,163.5,157.85,158.95,4215500,153.841
2015-04-16,158.9,160.25,156.05,159.3,1373400,154.18
2015-04-17,159.25,161.2,157,157.55,1223100,152.486
2015-04-20,157.3,157.75,151.2,153.25,1753100,148.324
2015-04-21,152.9,154.65,149.65,150.2,3096300,145.372
2015-04-22,150.9,151.75,145.85,149.65,2719200,144.84
2015-04-23,151,152.5,149.9,150.2,2312700,145.372
2015-04-24,150.65,150.65,146.2,147.25,1179200,142.517
2015-04-27,147.65,148.15,141.4,142.15,3007000,137.581
2015-04-28,141.6,144.15,141,141.95,3701200,137.388
2015-04-29,142.25,143.35,141.5,142.55,1836500,137.968
2015-04-30,142.25,143.15,140.4,142.1,2456800,137.533
2015-05-01,142.1,142.1,142.1,142.1,0,137.533
2015-05-04,143.4,144.9,142.55,143.55,1103900,138.936
2015-05-05,143.85,145.9,143.5,144.55,1785800,139.904
2015-05-06,144.25,144.95,138.75,139.8,2281500,135.307
2015-05-07,139,140.45,136.6,137.75,2366200,133.323
2015-05-08,139,141.85,138.3,141.05,1572600,136.517
2015-05-11,141.4,143.9,140.55,143.35,2341600,138.743
2015-05-12,143.3,145.5,139.4,142.85,3019800,138.259
2015-05-13,143.15,145.9,143.05,144.55,2227200,139.904
2015-05-14,145.05,146.9,143.65,146.3,1373700,141.598
2015-05-15,146.85,148.5,145.45,147.4,2232700,142.662
2015-05-18,147.75,150.45,147.65,147.95,1497600,143.195
2015-05-19,147.8,149.25,146.8,147.55,1138800,142.808
2015-05-20,147.45,148.75,144.55,145.95,1648400,141.259
2015-05-21,146.15,147.5,145.05,146.65,702700,141.937
2015-05-22,147,149.15,146.55,147.95,1010800,143.195
2015-05-25,147.5,149.45,146.75,147.45,872100,142.711
2015-05-26,146.8,149.7,146.8,148.8,1118600,144.017
2015-05-27,147.4,150,147.4,148.7,909100,143.921
2015-05-28,149.4,150.3,143,144.9,5132000,140.243
2015-05-29,143.05,146.65,143.05,146.25,1343400,141.549
2015-06-01,145.3,146.4,144.8,145.15,569500,140.485
2015-06-02,145,145.75,140,140.8,2077200,136.275
2015-06-03,140.6,141.2,136.5,137.35,2271100,132.935
2015-06-04,137.65,138.6,136,137.75,2132000,133.323
2015-06-05,137.9,139.7,136.85,138.5,756500,134.048
2015-06-08,138.8,138.8,134,134.85,1937900,130.516
2015-06-09,135,138.9,134,137.55,877700,133.129
2015-06-10,137.6,138.7,136,136.6,799400,132.21
2015-06-11,137,137.75,133.6,134.4,1586500,130.08
2015-06-12,133.6,134.45,125.7,128.15,2641200,124.031
2015-06-15,127.85,130.9,127.1,129.1,1933200,124.951
2015-06-16,128.95,129.5,126.8,128.7,1341200,124.563
2015-06-17,129.3,134.15,128.85,132.35,2239700,128.096
2015-06-18,132.95,133.9,132.3,132.6,970800,128.338
2015-06-19,133.2,136.2,132.65,133.75,1278100,129.451
2015-06-22,133.75,136.45,133.7,135,1019000,130.661
2015-06-23,135.6,135.9,133,133.85,2115700,129.548
2015-06-24,133.35,135.25,132.5,133.2,1696100,128.919
2015-06-25,132.9,136.4,132.6,135.7,2736200,131.338
2015-06-26,133.2,135,132.3,133.85,928800,129.548
2015-06-29,132,132,128.2,129.55,1397900,125.386
2015-06-30,129.75,132.75,129.15,132.2,4332900,127.951
2015-07-01,132.5,136.1,131.3,135.55,2667600,131.193
2015-07-02,135.45,138.05,135.1,137.1,1826500,132.693
2015-07-03,137.5,138.6,135.25,136.1,1032900,131.726
2015-07-06,133.1,135.6,132.2,135,1260300,130.661
2015-07-07,135.6,141.65,135.1,138.2,3133900,133.758
2015-07-08,136.1,138,134.2,134.9,1608800,130.564
2015-07-09,134.9,135.7,133.2,133.95,1049000,129.645
2015-07-10,134.8,135.6,133.8,134.55,1590700,130.225
2015-07-13,134.9,137.8,134.25,136.8,1720700,132.403
2015-07-14,137,138.2,135.75,137.05,1974300,132.645
2015-07-15,137.5,139.5,136.6,138.15,1530200,133.71
2015-07-16,138.95,138.95,136.6,138,804900,133.565
2015-07-17,138.9,140,137.25,139,2108900,134.532
2015-07-20,138.2,142.55,138.2,141.75,2394300,137.194
2015-07-21,140.1,141.9,136.9,137.5,1965200,133.081
2015-07-22,137,140,134.5,139.5,1310100,135.016
2015-07-23,139.95,142.2,139.4,140.85,2009100,136.323
2015-07-24,140.85,142.3,140.1,140.8,1542400,136.275
2015-07-27,140.6,140.6,136.75,137.55,1245900,133.129
2015-07-28,137.8,138.5,136.15,137.45,1294900,133.032
2015-07-29,138.15,138.9,137.25,138.65,1150200,134.194
2015-07-30,137.7,137.7,135.5,137.15,1848700,134.932
2015-07-31,136,142.8,135.35,140.2,2328600,137.932
2015-08-03,141.4,143.85,140.25,140.85,1673200,138.572
2015-08-04,143.4,144.75,141,143.3,2117800,140.982
2015-08-05,144.2,144.65,141.8,142.15,1550800,139.851
2015-08-06,142,147.3,141,143.75,3835600,141.425
2015-08-07,142.95,145,141.6,141.95,992800,139.654
2015-08-10,142,142.65,138.25,138.95,1248400,136.702
2015-08-11,139.2,140.8,136.2,137.7,1269200,135.473
2015-08-12,137.7,137.7,132.1,133.05,1197200,130.898
2015-08-13,134.5,134.75,129.4,130,1074600,127.897
2015-08-14,131.2,133.7,129.75,132.1,1714300,129.963
2015-08-17,132.5,132.9,130.7,131,798600,128.881
2015-08-18,134.2,136.4,132.55,134.15,2189100,131.98
2015-08-19,134.5,134.8,131.5,133.8,1504900,131.636
2015-08-20,133.3,135,131.75,132.9,1354800,130.75
2015-08-21,131.5,132.2,127,130.4,1043700,128.291
2015-08-24,128.9,128.9,112.5,114.85,3763300,112.992
2015-08-25,116.1,119.4,108.55,117.55,5056500,115.649
2015-08-26,117.95,119.8,115.15,117.3,1404100,115.403
2015-08-27,119.25,119.45,115.9,116.35,6857100,114.468
2015-08-28,118.35,120.4,117,118.15,3490000,116.239
2015-08-31,117.8,120.15,116.85,119.6,2010100,117.665
2015-09-01,118.75,118.75,114.05,115.2,2716700,113.337
2015-09-02,116.1,119.35,115.5,118.85,1927200,116.928
2015-09-03,120.75,125,119,124.15,4688400,122.142
2015-09-04,124.55,124.55,116.75,120.2,2496800,118.256
2015-09-07,121.6,122.45,118.35,120.45,1349400,118.502
2015-09-08,121.4,122.1,117,120.95,1414200,118.994
2015-09-09,122.1,124.5,121.55,123.65,1569300,121.65
2015-09-10,122,124.6,120,123.75,1042200,121.748
2015-09-11,124.8,125.3,122.7,123.25,784300,121.256
2015-09-14,124.1,124.5,121.65,124.05,789200,122.043
2015-09-15,124.05,126.45,124.05,125.4,939500,123.372
2015-09-16,126.95,126.95,122.15,123.1,695600,121.109
2015-09-17,123.1,123.1,123.1,123.1,0,121.109
2015-09-18,124,126,122.9,125.45,1284600,123.421
2015-09-21,123.05,126.2,123.05,125.5,623600,123.47
2015-09-22,126.2,127,122.9,123.9,1284600,121.896
2015-09-23,123.35,125.35,122.25,125,1055100,122.978
2015-09-24,124.8,125.95,123.65,124.2,1011500,122.191
2015-09-25,124.2,124.2,124.2,124.2,0,122.191
2015-09-28,125,128,123.8,127.1,1253300,125.044
2015-09-29,126.5,127.6,123.1,126.6,1009900,124.552
2015-09-30,127.4,129.4,126.65,127.8,915100,125.733
2015-10-01,128.95,131.2,127.4,130.05,1218900,127.946
2015-10-02,130.05,130.05,130.05,130.05,0,127.946
2015-10-05,131.45,132.45,130.1,131.85,746100,129.717
2015-10-06,132.5,132.55,129.6,130.55,1009100,128.438
2015-10-07,132.1,133.95,131.6,133.05,994800,130.898
2015-10-08,134.9,134.9,131.85,133.35,846600,131.193
2015-10-09,134,135.35,133.35,134.7,1317000,132.521
2015-10-12,135,136,133.9,134.55,566800,132.374
2015-10-13,134.55,134.7,131.7,132.3,1028600,130.16
2015-10-14,133,135,132.4,134,1428400,131.832
2015-10-15,134.2,135,133.2,134.7,591900,132.521
2015-10-16,135,135.2,132.6,134,357400,131.832
2015-10-19,133.6,135.1,133.25,134.7,405000,132.521
2015-10-20,134.7,141.9,134.65,139.4,2469400,137.145
2015-10-21,139.7,139.7,135.6,137.55,589700,135.325
2015-10-22,137.55,137.55,137.55,137.55,0,135.325
2015-10-23,138.7,140,136.85,137.8,413500,135.571
2015-10-26,138.4,140.2,137.2,138.9,734200,136.653
2015-10-27,138.7,139.1,135.1,135.8,881900,133.603
2015-10-28,135.8,136.95,135,135.6,593400,133.407
2015-10-29,135.9,138.5,134.8,135.9,2084100,133.702
2015-10-30,137,137.25,131,133.45,774000,131.291
2015-11-02,134,135,130.95,132.65,621600,130.504
2015-11-03,133.3,134.15,130.8,131.75,519100,129.619
2015-11-04,132,133.5,131.4,131.75,557500,129.619
2015-11-05,131.75,132.6,127.5,128,892400,125.93
2015-11-06,126.8,128.25,124.75,125.85,858400,123.814
2015-11-09,124.9,129.45,123,128.8,1107800,126.717
2015-11-10,127.3,128.45,125.3,125.7,525800,123.667
2015-11-11,126.7,130,126.7,127.9,100100,125.831
2015-11-12,127.9,127.9,127.9,127.9,0,125.831
2015-11-13,128,129,126.25,128,737500,125.93
2015-11-16,127.8,129.4,126.5,128.15,580900,126.077
2015-11-17,129.7,134,128.3,132.5,1152300,130.357
2015-11-18,133.65,133.65,128.1,128.75,922700,126.667
2015-11-19,129.6,131.4,129.25,130.9,488200,128.783
2015-11-20,131.05,136,131.05,133.8,1149700,131.636
2015-11-23,134.8,135,131.25,132.95,842400,130.799
2015-11-24,133,135.7,132.5,134.35,613300,132.177
2015-11-25,134.35,134.35,134.35,134.35,0,132.177
2015-11-26,134.6,136.25,134.15,134.95,1904100,132.767
2015-11-27,134.9,138.4,134.9,136.95,1152200,134.735
2015-11-30,138,138.1,135.9,137.55,849900,135.325
2015-12-01,138.05,139.1,135,136.25,911400,134.046
2015-12-02,136.4,137.8,135,136.2,565300,133.997
2015-12-03,136.1,136.8,134.2,134.9,689800,132.718
2015-12-04,134,135,132.75,133.65,758500,131.488
2015-12-07,134.1,135.8,134.1,135.35,476900,133.161
2015-12-08,134.95,138.5,134.5,135,1271200,132.816
2015-12-09,135.15,136.3,130.4,132.15,1152500,130.012
2015-12-10,132.15,135.8,131.9,135.3,704200,133.111
2015-12-11,135.3,135.8,131.2,133.2,836900,131.045
2015-12-14,131.9,135,131.65,134.35,773800,132.177
2015-12-15,134.85,134.85,132.75,133.85,589700,131.685
2015-12-16,134.4,138.85,134.15,136.55,1191600,134.341
2015-12-17,137.6,142.8,136.3,142.2,1707400,139.9
2015-12-18,142.45,144,141,141.9,1147600,139.605
2015-12-21,141.55,144.3,141.3,142.9,1040800,140.589
2015-12-22,143.6,144,140.3,141.2,609000,138.916
2015-12-23,142,142.8,141.05,142,561700,139.703
2015-12-24,143,146.45,142,144.8,1428900,142.458
2015-12-25,144.8,144.8,144.8,144.8,0,142.458
2015-12-28,144.9,145.25,143.45,144.05,780700,141.72
2015-12-29,144.4,144.4,141.2,141.9,1260400,139.605
2015-12-30,142.5,147.4,141.5,146.35,1746100,143.983
2015-12-31,147,148,144.2,146.2,1464700,143.835
2016-01-01,146.05,148.8,145.5,146.4,781000,144.032
2016-01-04,145.9,147.2,142.25,143.7,950400,141.376
2016-01-05,144,149.5,142.2,148.35,1502700,145.95
2016-01-06,147.1,149.8,144.5,145.25,834000,142.901
2016-01-07,144.1,144.7,139,140.05,1034700,137.785
2016-01-08,140.65,146.75,140.1,144.45,1284400,142.113
2016-01-11,143.2,144,140.95,141.9,1201800,139.605
2016-01-12,142.4,143.45,138.05,139.5,1353000,137.244
2016-01-13,141.75,141.95,130.3,135.6,1907900,133.407
2016-01-14,132.1,136.25,131.15,134.05,1431100,131.882
2016-01-15,135,135.4,127.5,128.5,1756700,126.421
2016-01-18,128,129,121.05,121.85,2065700,119.879
2016-01-19,122.95,127,121.55,126.4,1411200,124.355
2016-01-20,124.6,124.6,120.5,122.55,1278000,120.568
2016-01-21,123.05,124.55,119.5,121.75,1322300,119.781
2016-01-22,123.85,126.9,121.95,125.55,1084100,123.519
2016-01-25,125.85,127,123.4,124.3,682600,122.289
2016-01-26,124.3,124.3,124.3,124.3,0,122.289
2016-01-27,124.95,125.95,123.3,124.45,655000,122.437
2016-01-28,124.95,125.4,122.6,123.15,1539700,121.158
2016-01-29,124.1,127.45,123.35,126.5,925500,124.454
2016-02-01,126.8,128.3,125.2,126.6,592800,124.552
2016-02-02,127.4,127.7,123.55,124.25,734700,122.24
2016-02-03,123.05,124.8,121,121.75,877100,119.781
2016-02-04,123.1,123.4,120.4,121.6,1120400,119.633
2016-02-05,121.9,123.95,121.45,122.5,797100,120.519
2016-02-08,123.05,126.1,122.5,123.9,1227600,121.896
2016-02-09,123,124.4,120.1,120.75,1109200,118.797
2016-02-10,120.5,121,116.45,118.35,1654900,116.436
2016-02-11,112.7,115.8,102.4,105.25,5524300,103.548
2016-02-12,103.25,106.4,100,104.3,2087100,102.613
2016-02-15,105.1,108.45,105.1,106,1091600,104.285
2016-02-16,107.7,108.9,102.2,102.65,1341200,100.99
2016-02-17,103,104.6,101.1,104,1268000,102.318
2016-02-18,105.4,106.5,102.5,104.55,1429000,102.859
2016-02-19,105,108.2,104.25,107.3,1340600,105.564
2016-02-22,107.3,109.85,107,109.1,1151700,107.335
2016-02-23,109,109.5,105.1,106.65,1037300,104.925
2016-02-24,106.2,108.3,105,106.7,758100,104.974
2016-02-25,107.8,108.05,102.5,106.2,9364600,104.482
2016-02-26,107.95,108.5,103.8,104.75,2381900,103.056
2016-02-29,105,107.1,101.6,103.55,1639500,101.875
2016-03-01,104.2,109.5,104.2,108.9,1481200,107.139
2016-03-02,110,112.75,109.45,109.9,1220600,108.122
2016-03-03,110.5,111.25,107.95,109.5,1260500,107.729
2016-03-04,110,113.9,109.15,113.25,1377600,111.418
2016-03-07,113.25,113.25,113.25,113.25,0,111.418
2016-03-08,114.3,116.4,113.1,115.65,1677300,113.779
2016-03-09,115.65,117.5,114.55,116.85,1555000,114.96
2016-03-10,117.8,118.1,115.4,116.45,1177800,114.566
2016-03-11,116.55,117.6,115.05,115.85,1170700,113.976
2016-03-14,116.05,117.35,113.9,115.65,1609200,113.779
2016-03-15,116,116.4,115,115.45,1082900,113.583
2016-03-16,115.7,116.1,114.1,115.1,964100,113.238
2016-03-17,116,116.95,115,115.8,1396700,113.927
2016-03-18,116.5,119.65,115.95,118.9,2062400,116.977
2016-03-21,119.2,120.9,118.75,119.9,839800,117.961
2016-03-22,121.05,123.3,120.45,121.4,1469400,119.436
2016-03-23,121.6,122.15,118.65,119.45,1230300,117.518
2016-03-24,119.45,119.45,119.45,119.45,0,117.518
2016-03-25,119.45,119.45,119.45,119.45,0,117.518
2016-03-28,120,121,118.5,119.4,1382600,117.469
2016-03-29,119.1,120.4,118.4,119.3,3588300,117.37
2016-03-30,119.9,125,119.5,121.4,1922200,119.436
2016-03-31,122,122.3,120.3,121.25,1627100,119.289
2016-04-01,122,124.2,120.2,122.55,1532500,120.568
2016-04-04,122.85,123.45,120.75,121.2,831700,119.24
2016-04-05,121,121.15,118,118.25,1663000,116.337
2016-04-06,119.6,120,115,118.85,1327200,116.928
2016-04-07,118.1,120.4,118.1,118.7,1147300,116.78
2016-04-08,118.5,119,117,117.7,648000,115.796
2016-04-11,118,120.25,117.85,119.5,1050500,117.567
2016-04-12,119.5,120.1,118.05,118.35,788600,116.436
2016-04-13,119.05,121.35,118.95,120.65,928700,118.698
2016-04-14,120.65,120.65,120.65,120.65,0,118.698
2016-04-15,120.65,120.65,120.65,120.65,0,118.698
2016-04-18,120.85,121,119.1,120,765300,118.059
2016-04-19,120,120,120,120,0,118.059
2016-04-20,120.2,123.2,119.55,121.85,1572800,119.879
2016-04-21,122.4,122.75,119.55,120.1,892600,118.157
2016-04-22,119,121.85,119,120.25,716300,118.305
2016-04-25,120.4,121.9,120,121.2,782100,119.24
2016-04-26,120.6,122.5,120.6,121.8,984000,119.83
2016-04-27,122.5,123.95,121.95,122.4,1949500,120.42
2016-04-28,122.5,123.5,120,120.3,2142000,118.354
2016-04-29,121,121.05,119,120.05,869900,118.108
2016-05-02,119.35,121.8,119,121.1,717500,119.141
2016-05-03,121.6,122.55,119.15,119.45,1356100,117.518
2016-05-04,119.8,119.8,116.3,116.95,894000,115.058
2016-05-05,117,117.8,115.3,116.35,745000,114.468
2016-05-06,116.55,119.5,115.8,118.1,654200,116.19
2016-05-09,118.9,120.4,117.45,118.75,1207300,116.829
2016-05-10,119,119.95,118,118.2,526100,116.288
2016-05-11,117,118.25,116.3,117.3,622600,115.403
2016-05-12,117.75,119.2,117.25,118.95,596200,117.026
2016-05-13,118,120.7,118,119.55,1103300,117.616
2016-05-16,119.55,121,118.45,120.65,688600,118.698
2016-05-17,121,121.4,119.6,120.35,1068500,118.403
2016-05-18,120,121.75,119.55,120.95,641900,118.994
2016-05-19,120,122,118.95,119.95,1085100,118.01
2016-05-20,119.9,121.15,119.5,120.05,466600,118.108
2016-05-23,120.5,124.1,119.7,120.4,1396800,118.452
2016-05-24,121.7,122.2,119.7,121.75,1438100,119.781
2016-05-25,120,121,119.15,119.5,1787600,117.567
2016-05-26,120,120.25,118.15,118.6,1383500,116.682
2016-05-27,118.1,119.4,116.85,117.3,676100,115.403
2016-05-30,118,119.65,117.3,117.95,692000,116.042
2016-05-31,117.8,119.1,117.55,117.75,658200,115.845
2016-06-01,118.2,119.45,117.85,118.05,581300,116.14
2016-06-02,118.5,119.8,117.65,119.25,549700,117.321
2016-06-03,120.95,122.1,119.7,120.2,1783400,118.256
2016-06-06,120.35,121.2,118.6,119.3,866400,117.37
2016-06-07,119.4,120.35,118.85,119.35,690500,117.419
2016-06-08,119.3,126.5,118.9,124.4,2390300,122.388
2016-06-09,127.3,127.45,124.6,124.95,2825200,122.929
2016-06-10,125.3,126,122.7,123.65,900600,121.65
2016-06-13,122,129,122,128.15,4305900,126.077
2016-06-14,129.4,129.5,126,126.5,2902500,124.454
2016-06-15,127.25,128.15,126.6,127,1662000,124.946
2016-06-16,126.9,128.55,123.8,126.1,1489000,124.06
2016-06-17,126.5,128.35,124.7,125.7,1717900,123.667
2016-06-20,124.55,127.15,124.55,126.15,732800,124.109
2016-06-21,126.3,126.8,125.1,125.45,447100,123.421
2016-06-22,125.6,128.65,124.7,127.25,2792400,125.192
2016-06-23,127.5,128.15,125.6,126.75,1408700,124.7
2016-06-24,120.5,124.85,117.1,124.25,3585800,122.24
2016-06-27,124.75,126.4,124.3,125.95,2162000,123.913
2016-06-28,127.5,128.6,126.75,127.85,2563500,125.782
2016-06-29,128.15,130.9,128.1,129.7,2735600,127.602
2016-06-30,130.5,131.95,129.45,131.2,2810500,129.078
2016-07-01,132,136.75,131.5,134.9,5379900,132.718
2016-07-04,135.6,135.8,133.8,134.1,1144600,131.931
2016-07-05,134.25,136.15,133.2,133.9,942500,131.734
2016-07-06,133.9,133.9,133.9,133.9,0,131.734
2016-07-07,133.5,136.4,133.45,134.45,2125300,132.275
2016-07-08,134.45,134.6,131.45,132.6,1296900,130.455
2016-07-11,134,135,132.7,133.1,1689600,130.947
2016-07-12,133.45,135.15,132.5,132.9,1612000,130.75
2016-07-13,132.9,133.8,131.1,132.15,1306300,130.012
2016-07-14,132.9,133.3,131.6,132.6,1093300,130.455
2016-07-15,134,134.5,132.25,132.6,1587800,130.455
2016-07-18,133,133.45,129.15,129.95,2283700,127.848
2016-07-19,131.5,131.5,128.8,130.05,3903500,127.946
2016-07-20,130.35,134.8,130.35,133.85,1887000,131.685
2016-07-21,134.8,134.8,131.15,131.8,1884400,129.668
2016-07-22,131.9,132.9,131.2,131.5,2012300,129.373
2016-07-25,131.75,134,131.2,133.45,1656700,131.291
2016-07-26,133.45,134.55,130.55,131.15,1271900,129.029
2016-07-27,131.45,138.75,131.45,137.45,3576900,135.227
2016-07-28,138,142.25,136.55,140.15,3754000,137.883
2016-07-29,140.9,144.7,139.2,142.15,3056200,139.851
2016-08-01,143,144.85,138.25,141,1987900,138.719
2016-08-02,141,141.8,138.1,138.4,1175200,136.161
2016-08-03,138.4,140.05,135.1,135.75,1451600,133.554
2016-08-04,136,139.4,135.5,138.3,1515000,136.063
2016-08-05,138.5,140.65,138.5,139.1,1427600,136.85
2016-08-08,138.55,143.5,138.4,142.9,2430200,142.9
2016-08-09,143.9,147,139.15,143.25,8549600,143.25
2016-08-10,144.25,144.5,137.25,137.75,3289500,137.75
2016-08-11,137.5,139.25,135.75,137.3,1140200,137.3
2016-08-12,137.8,139.45,136,136.95,1024000,136.95
2016-08-15,136.95,136.95,136.95,136.95,0,136.95
2016-08-16,136.9,139.1,136.1,138.05,1518400,138.05
2016-08-17,138.8,139.4,137.15,137.65,778100,137.65
2016-08-18,138.45,139.55,137.85,138.85,901200,138.85
2016-08-19,139.85,141.85,138.75,141.25,2298100,141.25
2016-08-22,142,142.05,138,138.4,1398600,138.4
2016-08-23,138.7,141,138.4,139.6,1282900,139.6
2016-08-24,140.4,142.45,139.8,140.25,2956000,140.25
2016-08-25,143.4,145.5,140.1,140.45,4868500,140.45
2016-08-26,141,141.7,138.9,139.9,1468300,139.9
2016-08-29,140.55,141.15,137.8,139,1604300,139
2016-08-30,139.65,140.75,138.75,140.2,1832300,140.2
2016-08-31,140.1,141.6,140,140.25,1401300,140.25
2016-09-01,140.25,143.35,140,141.1,2493600,141.1
2016-09-02,141.4,142.6,141,141.6,1681300,141.6
2016-09-05,141.6,141.6,141.6,141.6,0,141.6
2016-09-06,141.9,143.25,141.25,141.75,1300600,141.75
2016-09-07,141.75,144.2,141.3,142.2,2381700,142.2
2016-09-08,142.25,143.5,141.8,142.2,1155000,142.2
2016-09-09,142.2,142.7,138.8,139.7,1199400,139.7
2016-09-12,137.9,138.4,134.95,135.3,2248600,135.3
2016-09-13,135.3,135.3,135.3,135.3,0,135.3
2016-09-14,135.2,138.2,135.1,137.45,1045800,137.45
2016-09-15,137.35,138.5,136.3,137,1451200,137
2016-09-16,138.35,141.7,137.85,139.85,3029900,139.85
2016-09-19,139.85,141.3,138.95,139.9,1362600,139.9
2016-09-20,139.7,140.35,137.5,138,1787900,138
2016-09-21,138,140.35,137.6,138.05,1635400,138.05
2016-09-22,139.15,139.95,137.7,138.9,1204700,138.9
2016-09-23,138.9,144,138.1,142.4,3538500,142.4
2016-09-26,143.45,144.25,140,140.65,2769300,140.65
2016-09-27,140.9,146.4,140.55,144.55,3316600,144.55
2016-09-28,148.1,149.15,145.6,146.75,6464600,146.75
2016-09-29,147.9,148,134.35,137,4753500,137
2016-09-30,136.95,140.9,136.2,139.6,1471700,139.6
2016-10-03,140.95,143.15,139.8,142.35,1927600,142.35
2016-10-04,142.5,143.25,138.75,141.8,2678000,141.8
2016-10-05,141.95,154.4,140.45,153.3,9741600,153.3
2016-10-06,153.95,155.45,148.6,150.9,6256600,150.9
2016-10-07,152.3,154.5,150.6,151.25,4097200,151.25
2016-10-10,151.9,153.95,151.1,151.65,2063400,151.65
2016-10-11,151.65,151.65,151.65,151.65,0,151.65
2016-10-12,151.65,151.65,151.65,151.65,0,151.65
2016-10-13,151.45,153,145.1,147.85,3116600,147.85
2016-10-14,149,154.2,147.4,153.2,3968800,153.2
2016-10-17,153,154.25,149.2,150.25,3180100,150.25
2016-10-18,150.95,152.7,150.75,151.9,2736800,151.9
2016-10-19,152,157.7,150.85,154.6,6685700,154.6
2016-10-20,155.95,156.65,151.95,152.35,2780200,152.35
2016-10-21,152.45,154.2,151.15,152.5,1751300,152.5
2016-10-24,152.9,156,152,154.05,2715200,154.05
2016-10-25,149.05,151.75,148.4,150,3234800,150
2016-10-26,148,151.2,144.05,145.4,3586000,145.4
2016-10-27,139.5,141.2,135.65,137.75,8524700,137.75
2016-10-28,138,141.3,138,139.95,2281300,139.95
2016-10-31,139.95,139.95,139.95,139.95,0,139.95
2016-11-01,139.4,140.75,138.3,138.6,1497700,138.6
2016-11-02,138,138,134.5,134.95,2026400,134.95
2016-11-03,134.1,136.25,130.8,131.35,2063200,131.35
2016-11-04,131,132,126,126.85,4614400,126.85
2016-11-07,127.7,130.4,127.25,128,1948200,128
2016-11-08,130,131,126.55,127.45,2758500,127.45
2016-11-09,118,122.9,114.95,121.9,5272700,121.9
2016-11-10,124,127.1,123.65,125.4,2170400,125.4
2016-11-11,123,125.35,117.25,118.65,3058300,118.65
2016-11-14,118.65,118.65,118.65,118.65,0,118.65
2016-11-15,119.8,119.8,114.25,117,2405600,117
2016-11-16,123.1,125.3,120.4,121.3,4703400,121.3
2016-11-17,121.7,122.8,115.2,118.6,1306500,118.6
2016-11-18,118.9,121,118.3,120.1,2008900,120.1
2016-11-21,120.1,121.8,114.9,115.65,1976300,115.65
2016-11-22,117.8,118.8,116.05,117.3,3411500,117.3
2016-11-23,118.8,118.9,116.85,117.65,2170900,117.65
2016-11-24,117.65,117.65,114.5,115.1,2220400,115.1
2016-11-25,116,119.2,115.6,118.5,1474300,118.5
2016-11-28,118.55,121.8,117.5,120.95,1738900,120.95
2016-11-29,122.8,124.2,121.5,121.95,1993900,121.95
2016-11-30,122.95,124.4,122.5,123.85,1616900,123.85
2016-12-01,124.65,124.65,121.55,121.9,1205700,121.9
2016-12-02,121.5,123.4,120.3,121.55,1343400,121.55
2016-12-05,121.45,124.85,121.1,123.65,1401800,123.65
2016-12-06,123.8,125.25,122.8,123.4,1486800,123.4
2016-12-07,124.35,124.5,120.75,122.3,1217600,122.3
2016-12-08,123,125.1,123,123.85,1090300,123.85
2016-12-09,124.35,124.6,123.5,123.9,920000,123.9
2016-12-12,123.9,125,122.1,123.35,760800,123.35
2016-12-13,124.05,125,123.05,123.35,502400,123.35
2016-12-14,123.85,124.8,122.4,122.75,826100,122.75
2016-12-15,122.5,126.85,122.2,124.45,2212300,124.45
2016-12-16,125,125,122.95,124.3,804700,124.3
2016-12-19,124.8,126.1,124,124.3,923000,124.3
2016-12-20,124.8,125,120.75,121.25,646100,121.25
2016-12-21,120.75,122.95,120.75,121.6,677000,121.6
2016-12-22,122.4,122.4,119,119.4,839800,119.4
2016-12-23,119.5,119.8,118,118.85,749300,118.85
2016-12-26,118.8,118.85,116.3,117,425200,117
2016-12-27,117,121.05,116.45,120.55,728500,120.55
2016-12-28,119.2,122,119.2,119.6,866900,119.6
2016-12-29,119.6,122.15,119.6,121.1,1025500,121.1
2016-12-30,121.1,123.3,121.1,122,1017400,122
2017-01-02,122.8,124.2,121.35,123.55,1102100,123.55
2017-01-03,122.8,125.4,122.8,124.45,580400,124.45
2017-01-04,125,126.05,123.8,124.45,656200,124.45
2017-01-05,124.75,125.65,124.55,125.2,503500,125.2
2017-01-06,125.4,126.95,124.05,124.65,1255000,124.65
2017-01-09,124.75,125.5,123.95,124.75,414900,124.75
2017-01-10,125.5,125.5,123.8,124.45,533200,124.45
2017-01-11,125,127.9,124.55,127.55,839200,127.55
2017-01-12,128.3,128.4,124.05,125.15,1403500,125.15
2017-01-13,126.9,130.9,126.65,128.35,3617700,128.35
2017-01-16,128.2,128.4,127,127.65,538700,127.65
2017-01-17,128.6,129.4,126.55,127.6,851800,127.6
2017-01-18,128,130.45,127.7,128.65,1059900,128.65
2017-01-19,129.8,131.55,129.15,130.5,1308800,130.5
2017-01-20,130.25,131.35,126,126.4,961600,126.4
2017-01-23,127.6,128.4,126.6,127.9,746300,127.9
2017-01-24,128.8,128.95,126.85,128.45,996200,128.45
2017-01-25,129.25,129.25,127.45,128.35,909700,128.35
2017-01-26,128.35,128.35,128.35,128.35,0,128.35
2017-01-27,128.35,129.95,128.35,129.2,759800,129.2
2017-01-30,129.1,131.8,128.1,130.45,1256700,130.45
2017-01-31,130.5,132,128.5,128.85,1614100,128.85
2017-02-01,129.05,130.65,127.35,130.1,1221900,130.1
2017-02-02,132.45,138.8,132.4,137.65,6652600,137.65
2017-02-03,138.2,143.9,137.1,141.85,3569100,141.85
2017-02-06,141.9,144.75,141.2,142.75,2127500,142.75
2017-02-07,142.1,145.8,140.1,141.65,2205900,141.65
2017-02-08,141.95,146.9,141.35,146.15,2162800,146.15
2017-02-09,146,147.15,143.05,143.9,1726800,143.9
2017-02-10,143.95,145.5,142.6,143.95,1367400,143.95
2017-02-13,144.9,146.85,141.25,141.95,2224100,141.95
2017-02-14,142.4,143.7,139.95,141.2,1395500,141.2
2017-02-15,140.9,142.85,138,138.75,1193600,138.75
2017-02-16,139.2,140.7,138.1,140.1,942300,140.1
2017-02-17,140.9,141.95,139.65,140.15,952400,140.15
2017-02-20,141,142.6,139.8,141.6,1517600,141.6
2017-02-21,142.15,143.2,141,141.6,1671900,141.6
2017-02-22,142.55,142.75,139.6,140,1296000,140
2017-02-23,140.05,140.9,138.7,139.25,1340100,139.25
2017-02-24,139.25,139.25,139.25,139.25,0,139.25
2017-02-27,139,140.45,138.35,138.9,1129000,138.9
2017-02-28,139.15,139.85,136.75,138.05,1513600,138.05
2017-03-01,138.5,145.8,138.25,143.6,4919300,143.6
2017-03-02,145.45,145.75,140.05,141.1,1765200,141.1
2017-03-03,141.1,144.2,140.1,143.35,1672900,143.35
2017-03-06,143.95,145.2,142.1,143.25,2043000,143.25
2017-03-07,143,144.15,142.2,142.75,727600,142.75
2017-03-08,142.4,143,140.05,141.4,1103800,141.4
2017-03-09,140.6,142.35,140.2,140.8,1073000,140.8
2017-03-10,140.85,142.25,136.75,137.1,1671100,137.1
2017-03-13,137.1,137.1,137.1,137.1,0,137.1
2017-03-14,140.2,140.4,138.6,139.5,838200,139.5
2017-03-15,139.6,142.1,139.3,140.9,1279400,140.9
2017-03-16,141.6,145.5,141.35,144.7,3987600,144.7
2017-03-17,145.7,145.7,142.25,144.8,1898800,144.8
2017-03-20,144.8,147.45,144.8,146.45,2675400,146.45
2017-03-21,147,148.45,145.1,145.9,2955800,145.9
2017-03-22,145.55,145.55,142.2,143.1,2306700,143.1
2017-03-23,143.9,152.5,143.2,151.6,6422200,151.6
2017-03-24,152.9,153.15,150.5,151.15,3485900,151.15
2017-03-27,151,151.9,148,148.6,2933200,148.6
2017-03-28,149.9,153.9,148,150.55,2740100,150.55
2017-03-29,151.7,153,149.5,150.6,2092900,150.6
2017-03-30,151.45,152.75,149.7,150.15,3022700,150.15
2017-03-31,151.45,152.1,150.1,150.55,1193100,150.55
2017-04-03,150.65,153.5,150.3,151.9,1788500,151.9
2017-04-04,151.9,151.9,151.9,151.9,0,151.9
2017-04-05,152.8,154.8,151,152.65,2011200,152.65
2017-04-06,152.9,154.35,151.25,153.05,2295900,153.05
2017-04-07,152.8,154.45,150,150.6,1444600,150.6
2017-04-10,151.5,152.25,149.4,150.95,1857900,150.95
2017-04-11,151.5,153.75,151.05,153.4,2064200,153.4
2017-04-12,153.95,153.95,150.3,151.75,1907200,151.75
2017-04-13,152,153,149.8,150.5,1272200,150.5
2017-04-14,150.5,150.5,150.5,150.5,0,150.5
2017-04-17,151,151,148.55,149.45,830700,149.45
2017-04-18,149.1,152.5,147.5,148.15,1563900,148.15
2017-04-19,147.9,150.8,147.5,150.2,1092300,150.2
2017-04-20,150.25,153.6,150.25,152.15,1540500,152.15
2017-04-21,153.5,153.9,149.7,151.3,1293600,151.3
